"Keyword","Intent","Relevance","Volume","KD %","PKD %","Pot. traffic","CPC","Competition","Results","Trend","SERP Features","Updated"
"homes for sale in winchester va","T","69","2400","29","","","0.36","0.5","115","65,65,65,43,43,43,43,43,36,43,54,100","9,28","20260801"
"buy house in springfield va","T","72","1600","26","","","0.24","0.47","110","65,3,24,44,44,55,55,44,55,65,65,44","9,15,21,28","20260801"
"homes for sale in haverhill ma","T","57","1600","26","","","0.08","0.42","96","36,52,52,36,52,44,36,36,36,36,44,52","28","20260801"
"houses for sale in salem va","T","64","1600","29","","","0.39","0.36","101","8,66,66,44,44,52,44,52,36,36,36,36","28","20260801"
"haverhill ma homes for sale","T","58","1300","28","","","0.08","0.42","20","7,5,4,3,2,3,3,3,5,7,29,100","21,28","20260801"
"homes for sale in alexandria la","T","53","1300","26","","","0.39","0.45","93","37,84,52,68,68,68,68,68,46,68,52,68","21,28","20260801"
"homes for sale in bel air md","T","60","1300","28","","","0.47","0.5","109","36,36,44,44,36,36,27,44,36,36,52,52","7,9,28","20260801"
"homes for sale in falls church va","T","72","1300","27","","","0.21","0.44","147","44,24,24,34,34,30,44,44,30,44,44,55","9,15,21,28","20260801"
"homes for sale in harpers ferry wv","T","64","1300","18","","","0.37","0.49","114","100,100,84,68,31,68,52,68,52,52,68,68","9,21,28","20260801"
"homes for sale in warrenton va","T","63","1300","29","","","0.42","0.5","112","41,54,79,54,41,41,24,79,54,30,79,41","9,21,28","20260801"
"homes for sale warrenton va","T","62","1300","27","","","0.42","0.5","119","54,41,54,41,41,41,36,79,54,36,36,41","9,13,28","20260801"
"houses for sale in falls church va","T","74","1300","27","","","0.43","0.44","145","100,100,30,79,54,54,79,20,54,79,24,79","9,21,28","20260801"
"homes for sale in falls church virginia","T","70","1000","27","","","0.43","0.44","140","46,52,52,52,46,37,37,68,37,68,52,84","7,9,21,28","20260801"
"homes for sale in shenandoah county va","T","64","1000","22","","","0.27","0.25","98","62,100,62,45,55,55,55,81,45,45,55,55","9,28","20260801"
"homes for sale in sterling il","T","55","1000","19","","","0.04","0.4","95","62,81,100,81,62,45,36,81,55,45,55,62","21,28","20260801"
"homes for sale lexington va","T","69","1000","29","","","0.23","0.4","118","62,62,81,55,81,62,55,81,55,62,62,81","9,28","20260801"
"homes for sale sterling ma","T","58","1000","14","","","0.05","0.18","106","62,62,81,62,62,45,55,45,45,62,81,81","28","20260801"
"houses for sale in harpers ferry wv","T","65","1000","20","","","0.37","0.49","103","62,62,81,81,55,55,62,30,36,55,62,62","9,14,21,28","20260801"
"houses for sale in sterling ma","T","57","1000","19","","","0.05","0.18","108","100,45,55,45,81,81,62,62,55,81,100,81","28","20260801"
"fredericksburg va homes for sale","T","75","880","29","","","0.64","0.56","145","8,13,18,13,13,18,16,13,10,35,24,100","9,21,28","20260801"
"homes for sale harpers ferry wv","T","67","880","18","","","0.37","0.49","128","36,36,76,76,36,67,55,100,45,55,55,76","9,13,21,28","20260801"
"homes for sale in clarksburg wv","T","60","880","18","","","0.42","0.47","98","67,67,67,55,67,55,55,55,55,67,67,76","9,21,28","20260801"
"homes for sale warrenton mo","T","53","880","14","","","0.27","0.45","105","100,76,76,67,67,55,45,67,55,55,55,100","28","20260801"
"houses for sale in bel air md 21014","T","61","880","28","","","0.47","0.47","101","5,3,24,3,52,2,2,44,66,66,100,52","9,28","20260801"
"houses for sale in fairhaven ma","T","64","880","21","","","0.06","0.27","20","37,84,84,37,37,46,31,46,31,37,46,68","28","20260801"
"houses for sale in hopewell va","T","66","880","26","","","0.27","0.48","20","67,76,55,67,55,55,67,67,55,55,67,67","9,21,28","20260801"
"houses for sale in sterling il","T","53","880","18","","","0.06","0.44","95","52,46,37,46,25,37,68,84,31,31,37,37","28","20260801"
"houses for sale in sterling va","T","70","880","29","","","0.46","0.46","110","46,52,84,37,31,31,31,68,37,52,46,52","7,9,28","20260801"
"athens clarke county real estate","N","51","720","21","","","0.43","0.35","134","100,6,45,62,62,6,4,62,45,62,4,1","7,9,28","20260801"
"chesapeake beach homes for sale","T","63","720","27","","","0.35","0.42","122","100,76,55,36,36,30,30,36,36,55,67,76","7,9,13,21,28","20260801"
"homes for sale fairhaven ma","T","63","720","22","","","0.06","0.27","116","68,25,31,52,25,46,25,52,37,37,37,52","7,9,21,28","20260801"
"homes for sale great falls va","T","69","720","23","","","0.21","0.47","127","67,100,100,67,55,45,45,30,24,30,30,36","7,9,28","20260801"
"homes for sale haverhill mass","T","60","720","26","","","0.08","0.42","109","59,88,100,88,59,59,48,59,39,72,72,88","13,28","20260801"
"homes for sale hopewell nj","T","60","720","20","","","0.08","0.42","116","88,100,88,88,88,72,59,48,26,59,59,59","9,28","20260801"
"homes for sale in clarksburg md","T","63","720","23","","","0.43","0.43","118","55,55,55,55,55,45,45,45,45,55,67,55","7,9,28","20260801"
"homes for sale in fairhaven ma","T","66","720","18","","","0.06","0.27","116","67,55,30,30,45,55,36,76,76,67,55,76","7,9,28","20260801"
"homes for sale in hopewell va","T","62","720","23","","","0.27","0.48","105","67,55,76,55,55,55,67,55,45,55,55,67","9,28","20260801"
"homes for sale in lexington va","T","70","720","28","","","0.23","0.4","101","62,62,62,45,45,30,30,55,45,55,55,81","9,28","20260801"
"homes for sale in new fairfield ct","T","59","720","20","","","0.06","0.32","110","45,45,13,36,45,36,36,45,62,45,81,45","9,28","20260801"
"homes for sale in severn md","T","64","720","26","","","0.2","0.41","108","67,45,100,45,36,36,36,45,30,55,55,67","9,28","20260801"
"homes for sale in springfield va","T","73","720","23","","","0.76","0.47","130","20,52,25,37,37,37,46,37,37,46,52,68","7,9,28,49","20260801"
"houses for sale alexandria la","T","56","720","26","","","0.39","0.45","108","88,88,88,100,88,59,72,72,59,48,48,48","28","20260801"
"houses for sale in alexandria la","T","55","720","28","","","0.39","0.45","46","37,37,16,31,46,37,25,68,37,46,52,46","28","20260801"
"houses for sale in chantilly va","T","71","720","23","","","0.35","0.45","122","46,46,52,31,46,25,31,25,25,52,37,46","7,9,28","20260801"
"houses for sale in farmville va","T","70","720","29","","","0.17","0.45","117","55,45,36,45,55,45,45,45,45,45,55,55","9,28","20260801"
"houses for sale in fort washington md","T","67","720","25","","","0.41","0.47","111","16,36,8,24,30,36,41,41,24,54,41,54","9,21,28","20260801"
"houses for sale in havre de grace md","T","62","720","24","","","0.21","0.53","130","36,55,36,67,36,55,55,45,76,55,100,100","9,13,28","20260801"
"houses for sale in lexington va","T","71","720","27","","","0.23","0.4","109","45,45,24,45,45,45,36,45,45,45,55,62","9,28","20260801"
"houses for sale in new fairfield ct","T","61","720","15","","","0.06","0.32","114","36,76,13,36,76,45,36,100,76,55,55,67","7,9,28","20260801"
"fairfax station homes for sale","T","73","590","20","","","0.28","0.47","126","48,48,88,39,39,48,39,48,48,59,48,59","28","20260801"
"fairhaven homes for sale","T","63","590","25","","","0.06","0.27","117","20,20,100,2,16,10,8,30,8,30,36,20","7,9,28","20260801"
"falls church homes for sale","T","63","590","27","","","0.43","0.44","138","24,20,45,55,36,30,24,36,45,30,36,36","7,9,21,28","20260801"
"falls church houses for sale","T","67","590","25","","","0.43","0.44","128","36,45,24,76,36,36,30,55,30,36,100,36","7,9,13,28","20260801"
"fort washington md homes for sale","T","68","590","28","","","0.41","0.47","111","39,48,21,48,59,39,48,59,39,100,48,72","9,28","20260801"
"haverhill ma real estate","N","59","590","24","","","0.05","0.32","111","39,59,59,59,72,59,48,59,48,39,48,48","3,9,28","20260801"
"homes for sale alexandria la","T","51","590","28","","","0.39","0.45","108","81,81,67,67,54,54,44,81,67,44,44,54","28","20260801"
"homes for sale churchville ny","T","54","590","14","","","0.04","0.23","108","67,81,67,36,36,44,44,54,67,81,81,81","9,28","20260801"
"homes for sale fort washington md","T","64","590","27","","","0.23","0.46","116","25,25,7,25,84,16,25,25,68,25,25,31","9,28","20260801"
"homes for sale in chantilly va","T","69","590","23","","","0.35","0.45","126","24,36,45,81,36,24,24,36,45,30,36,81","7,9,28","20260801"
"homes for sale in fort washington md","T","65","590","29","","","0.41","0.47","107","55,45,36,55,16,36,36,30,45,36,45,81","9,28","20260801"
"homes for sale in great falls va","T","69","590","20","","","0.31","0.48","126","26,72,59,72,48,39,39,88,39,39,59,100","7,9,28","20260801"
"homes for sale in haverhill mass","T","62","590","19","","","0.08","0.42","102","67,81,81,67,54,67,54,54,36,67,67,100","9,28","20260801"
"homes for sale in marshall va","T","72","590","18","","","0.42","0.52","109","67,67,81,67,54,54,67,67,67,81,81,67","9,28","20260801"
"homes for sale nokesville","T","64","590","17","","","0.3","0.49","110","0,13,45,67,55,76,45,67,45,0,100,76","9,28","20260801"
"homes for sale sterling co","T","54","590","28","","","0.07","0.46","73","30,30,36,30,30,36,30,24,24,45,36,45","15,28","20260801"
"homes for sale sterling il","T","55","590","23","","","0.06","0.44","110","31,31,20,31,37,31,16,20,31,31,37,46","28","20260801"
"homes for sale warrenton oregon","T","56","590","15","","","0.19","0.46","109","67,81,81,67,67,54,54,54,67,54,54,81","28","20260801"
"houses for sale in bristow va","T","67","590","21","","","0.38","0.39","117","55,67,30,36,45,30,24,30,30,100,55,55","9,28","20260801"
"houses for sale in clarksburg wv","T","59","590","15","","","0.42","0.47","94","72,32,39,72,48,48,48,59,88,59,59,72","9,28","20260801"
"houses for sale in fairfax county","T","84","590","23","","","0.66","0.46","140","16,5,11,8,52,5,3,52,52,52,84,52","9,28","20260801"
"houses for sale in great falls va","T","70","590","24","","","0.31","0.48","120","20,76,8,30,45,30,55,45,30,67,67,67","7,9,28","20260801"
"houses for sale in hopewell junction ny","T","60","590","22","","","0.07","0.39","83","24,45,36,30,45,30,24,36,24,45,45,62","9,28","20260801"
"houses for sale in severn md","T","65","590","27","","","0.2","0.41","35","24,45,36,36,55,24,36,67,36,55,55,67","28","20260801"
"houses for sale in springfield va","T","73","590","25","","","0.76","0.47","127","30,45,24,36,36,24,30,100,55,67,36,55","7,28","20260801"
"houses for sale lexington va","T","69","590","28","","","0.23","0.4","118","36,55,30,55,36,55,45,55,45,45,55,100","9,28","20260801"
"lakeside plaza condos","N","45","590","19","","","0.59","0.05","107","0,0,0,0,0,0,0,65,0,0,0,0","3,6,7,9,28","20260801"
"alexandria townhomes for sale","T","57","480","28","","","1.93","0.58","109","44,7,15,36,81,44,19,100,81,100,81,67","9,21,28","20260801"
"bristow houses for sale","T","61","480","28","","","0.38","0.39","45","24,36,36,45,30,30,30,36,24,67,55,30","21,28","20260801"
"casas en venta en maryland","N","59","480","22","","","0.29","0.5","134","20,20,20,16,16,16,13,16,16,16,20,16","7,9,28","20260801"
"fairfax condos for sale","T","66","480","25","","","0.43","0.51","111","66,66,66,66,100,44,54,81,66,36,29,54","7,9,28","20260801"
"fairfax county homes for sale","T","78","480","24","","","0.66","0.46","108","55,45,55,36,24,30,36,76,30,30,36,30","9,28","20260801"
"fairfax county tax records","C,T","41","480","29","","","1.64","0.04","124","45,55,24,20,45,20,16,36,45,45,55,30","1,9,21,28","20260801"
"harpers ferry real estate","C,N","57","480","29","","","0.23","0.45","128","48,48,59,48,39,48,39,48,48,39,48,48","9,13,21,28","20260801"
"harpers ferry wv real estate","N","66","480","17","","","0.23","0.45","117","39,59,59,39,39,48,39,48,39,39,48,48","9,21,28","20260801"
"havre de grace md homes for sale","T","60","480","27","","","0.21","0.53","117","54,66,19,81,54,54,81,66,54,81,81,100","9,21,28","20260801"
"home for sale in fort washington md","T","68","480","26","","","0.41","0.47","103","30,4,20,24,20,45,36,36,36,36,45,45","5,9,28","20260801"
"homes for sale chesapeake beach md","T","63","480","22","","","0.35","0.42","110","72,59,32,26,48,26,26,39,39,59,72,72","9,28","20260801"
"homes for sale clarksburg wv","T","58","480","16","","","0.42","0.47","112","54,66,100,66,81,44,36,81,81,100,81,100","9,28","20260801"
"homes for sale frostburg md","T","66","480","21","","","0.19","0.45","10","54,100,44,67,36,36,36,67,36,44,54,67","28","20260801"
"homes for sale gaithersburg md","T","67","480","22","","","0.44","0.5","112","13,7,55,20,16,16,13,5,13,4,20,16","9,13,28","20260801"
"homes for sale havre de grace md","T","62","480","24","","","0.21","0.53","115","48,48,32,59,48,39,39,39,59,48,59,72","9,13,28","20260801"
"homes for sale hopewell junction ny","T","53","480","22","","","0.07","0.39","107","30,36,45,45,45,36,24,100,24,24,45,67","9,13,28","20260801"
"homes for sale in altavista va","T","67","480","20","","","0.24","0.42","113","66,81,66,66,66,66,44,66,44,54,66,54","28","20260801"
"homes for sale in fairfax vt","T","68","480","15","","","0.21","0.32","114","36,54,54,29,54,54,67,44,36,67,54,100","7,28","20260801"
"homes for sale in fairhaven massachusetts","T","64","480","18","","","0.07","0.27","110","20,45,20,24,30,24,20,100,16,24,30,30","7,9,28","20260801"
"homes for sale in falls church city va","T","73","480","22","","","0.43","0.44","155","8,5,36,79,54,4,4,5,3,8,2,2","7,9,28","20260801"
"homes for sale in havre de grace md","T","58","480","21","","","0.21","0.53","120","26,39,32,72,59,39,48,39,59,59,59,88","9,28","20260801"
"homes for sale in hopewell township nj","T","57","480","23","","","0.08","0.42","117","54,66,66,81,66,66,81,81,54,81,100,100","9,28","20260801"
"homes for sale in marion va","T","68","480","26","","","0.14","0.39","103","36,54,54,67,67,44,44,81,36,44,67,67","28","20260801"
"homes for sale in shenandoah va","T","68","480","21","","","0.2","0.41","119","66,100,66,66,54,54,54,44,44,44,66,66","9,28","20260801"
"homes for sale new fairfield ct","T","61","480","15","","","0.06","0.32","112","72,59,39,48,48,39,39,39,39,21,39,32","5,9,28","20260801"
"homes for sale old town alexandria va","T","62","480","27","","","0.39","0.54","112","81,81,66,66,29,54,54,66,54,81,81,81","9,28","20260801"
"homes for sale ruther glen va","T","63","480","19","","","0.52","0.58","107","81,81,81,66,81,66,54,66,81,81,81,81","9,28","20260801"
"houses for sale frostburg maryland","T","68","480","21","","","0.19","0.45","115","32,32,32,59,48,72,48,48,100,14,21,72","9,28","20260801"
"houses for sale gaithersburg md","T","63","480","22","","","0.44","0.5","114","59,48,88,72,48,72,48,21,26,39,59,21","9,13,28","20260801"
"houses for sale in frostburg md","T","66","480","20","","","0.08","0.46","106","15,81,67,81,54,44,44,67,44,67,81,100","28","20260801"
"houses for sale in shenandoah va","T","67","480","22","","","0.2","0.41","109","44,100,81,81,66,66,54,44,44,54,66,66","9,28","20260801"
"houses for sale in victor idaho","T","58","480","23","","","0.24","0.48","102","81,81,100,66,66,54,66,54,54,66,81,81","7,28","20260801"
"houses for sale in warrenton mo","T","53","480","13","","","0.27","0.45","109","36,67,54,67,44,44,36,100,36,44,44,54","28","20260801"
"houses for sale oakton va","T","69","480","13","","","0.22","0.41","114","14,59,17,48,48,9,7,59,59,88,100,59","9,28","20260801"
"houses for sale sterling il","T","54","480","23","","","0.06","0.44","109","45,30,24,30,30,20,24,24,36,30,55,55","28","20260801"
"houses for sale sterling illinois","T","55","480","22","","","0.06","0.44","95","54,81,81,81,81,81,54,66,66,66,81,81","28","20260801"
"houses to buy in haverhill","T","55","480","26","","","0.27","0.42","121","67,15,15,44,54,54,44,54,44,67,81,81","28","20260801"
"new fairfield ct homes for sale","T","58","480","16","","","0.06","0.32","111","54,81,100,66,81,54,36,81,100,54,81,81","7,9,28","20260801"
"sterling ma homes for sale","T","53","480","21","","","0.04","0.18","119","26,32,39,39,39,59,9,100,100,39,72,88","9,21,28","20260801"
"condos for sale fairfield ct","T","55","390","10","","","0.23","0.31","106","100,81,81,66,81,66,54,81,66,44,81,81","7,28","20260801"
"condos for sale in fairfield ct","T","57","390","9","","","0.09","0.31","106","100,66,66,66,44,36,36,81,66,54,66,66","9,28","20260801"
"frostburg homes for sale","T","64","390","21","","","0.19","0.45","109","13,76,16,5,8,20,16,16,13,20,24,24","9,28","20260801"
"gaithersburg homes for sale","T","67","390","26","","","0.44","0.5","111","55,2,1,1,2,11,7,3,16,34,5,13","9,13,28","20260801"
"gaithersburg houses for sale","T","68","390","23","","","0.44","0.5","108","0,2,44,24,16,24,7,30,5,1,2,11","9,28","20260801"
"great falls va homes for sale","T","69","390","27","","","0.31","0.48","5590","81,81,81,81,81,44,81,81,66,66,66,81","7,9,21,28","20260801"
"harpers ferry wv homes for sale","T","63","390","14","","","0.19","0.5","119","3,4,16,7,22,3,4,1,16,29,100,3","9,28","20260801"
"haverhill condos for sale","T","53","390","12","","","0.11","0.5","104","100,66,100,66,66,66,54,66,54,81,66,66","28","20260801"
"haverhill ma real estate listings","N","62","390","29","","","0.05","0.32","78","81,81,100,66,81,100,66,66,66,81,81,66","9,28","20260801"
"havre de grace homes for sale","T","54","390","23","","","0.21","0.53","135","31,20,16,20,8,16,16,16,25,25,31,37","9,13,28","20260801"
"home for sale in bel air md","T","61","390","29","","","0.47","0.47","120","54,44,29,54,54,54,36,54,54,54,66,100","7,9,28","20260801"
"homes for sale in bristow va","T","67","390","21","","","0.38","0.39","119","8,31,11,25,25,13,13,20,13,20,37,31","9,14,28","20260801"
"homes for sale in chesapeake city md","T","64","390","21","","","0.08","0.36","23","66,54,66,100,100,54,66,66,35,81,66,66","7,28","20260801"
"homes for sale in clarke county va","T","65","390","15","","","0.1","0.43","119","54,54,44,54,54,44,44,36,54,66,66,54","9,14,15,21,28","20260801"
"homes for sale in fairfax county","T","75","390","29","","","0.66","0.46","20","66,81,81,44,66,54,35,54,66,66,66,81","21,28","20260801"
"homes for sale in hamilton va","T","67","390","15","","","0.16","0.35","123","66,100,81,81,81,66,54,66,81,100,100,100","7,9,28","20260801"
"homes for sale in norton va","T","66","390","20","","","0.06","0.43","106","81,81,81,66,66,54,44,54,54,54,81,81","9,28","20260801"
"homes for sale in orange county va","T","60","390","14","","","0.29","0.46","117","66,81,66,66,66,81,54,44,44,66,81,81","9,15,28","20260801"
"homes for sale in orange va","T","67","390","25","","","0.44","0.57","107","44,54,67,44,44,44,29,44,36,54,44,67","9,28","20260801"
"homes for sale in victor idaho","T","59","390","22","","","0.24","0.48","111","81,100,66,66,81,66,66,66,54,81,81,81","28","20260801"
"homes for sale north beach md","T","67","390","14","","","0.27","0.5","110","44,54,54,44,44,36,29,36,36,44,54,54","15,28","20260801"
"homes for sale sterling va","T","73","390","29","","","0.36","0.43","101","54,81,54,44,54,36,36,54,44,36,44,44","9,28","20260801"
"house for sale rockville md","T","69","390","29","","","0.36","0.51","126","54,54,29,66,54,81,44,66,54,54,54,100","9,15,28","20260801"
"houses for sale churchville ny","T","56","390","15","","","0.04","0.19","105","44,44,23,67,36,36,36,54,44,67,81,81","9,28","20260801"
"houses for sale fair haven","T","60","390","27","","","0.06","0.2","106","16,4,45,62,62,2,10,6,3,6,10,1","9,28","20260801"
"houses for sale fairfax city virginia","T","80","390","20","","","0.23","0.48","125","66,19,19,44,66,66,66,81,54,66,66,54","9,28","20260801"
"houses for sale fairhaven ma","T","64","390","22","","","0.06","0.27","114","20,45,36,36,45,24,24,36,24,20,45,36","7,9,21,28","20260801"
"houses for sale falls church va","T","73","390","24","","","0.43","0.44","130","13,20,4,8,5,4,4,84,4,7,8,11","9,13,28","20260801"
"houses for sale in fairfax vt","T","66","390","15","","","0.21","0.32","114","44,81,54,36,44,81,81,66,54,54,54,100","7,28","20260801"
"houses for sale in fairhaven mass","T","63","390","23","","","0.06","0.27","20","20,31,20,25,20,20,16,20,16,25,25,25","9,21,28","20260801"
"houses for sale in marion va","T","65","390","26","","","0.14","0.39","100","100,54,81,81,81,44,54,66,44,54,81,81","28","20260801"
"houses for sale in marshall va","T","70","390","26","","","0.42","0.52","119","54,81,54,19,29,36,36,66,54,81,81,66","7,9,21,28","20260801"
"houses for sale in orange va","T","63","390","27","","","0.44","0.57","113","32,39,32,39,48,39,21,32,32,39,39,100","28","20260801"
"houses for sale in ruther glen va","T","67","390","22","","","0.52","0.58","20","100,66,100,100,100,81,66,81,81,100,100,100","9,28","20260801"
"houses for sale marion va","T","65","390","26","","","0.14","0.39","106","54,54,54,54,54,36,36,44,29,44,67,67","28","20260801"
"kentlands montgomery county md","C,T","29","390","26","","","0.24","0.06","117","13,2,30,54,54,13,2,4,3,7,2,3","1,7,9,13,20,21,28,41","20260801"
"land for sale winchester va","T","55","390","20","","","0.13","0.47","106","81,66,66,54,66,66,66,66,54,54,54,81","7,28","20260801"
"lexington va real estate","N","63","390","28","","","1.89","0.4","114","24,30,30,36,30,30,30,30,24,30,24,30","9,28","20260801"
"lovettsville homes for sale","T","69","390","20","","","0.32","0.47","109","19,81,54,66,81,15,15,66,44,81,100,100","9,28","20260801"
"mansions in maryland","N","44","390","25","","","0.48","0.13","114","36,13,16,20,13,36,10,36,36,36,36,10","3,5,7,9,21,28","20260801"
"new homes in fredericksburg va","N","52","390","13","","","2.77","0.78","155","66,54,54,44,44,44,44,54,54,66,54,54","3,9,14,15,28","20260801"
"townhomes for sale in silver spring md","T","50","390","19","","","0.51","0.53","92","100,81,44,44,66,66,66,66,54,54,66,81","28","20260801"
"buy a house in clarksburg md","T","63","320","22","","","0.41","0.44","122","54,23,23,44,44,66,44,54,44,66,81,81","9,28","20260801"
"chantilly homes for sale","T","59","320","29","","","0.35","0.45","48","2,20,2,20,20,13,16,16,16,25,31,25","28","20260801"
"chesapeake beach md houses for sale","T","62","320","20","","","0.35","0.42","119","81,81,81,43,22,14,22,100,54,66,81,100","7,9,28","20260801"
"chesapeake city homes for sale","T","65","320","13","","","0.08","0.36","143","35,100,100,35,35,15,23,81,44,66,35,44","7,28","20260801"
"duplex for sale baltimore","T","51","320","15","","","0.2","0.41","106","66,82,66,66,82,66,66,82,100,100,100,82","7,9,28","20260801"
"fairfax real estate assessment","C,T","45","320","20","","","0.94","0.02","94","66,66,54,54,44,54,36,15,19,23,19,44","6,9,20,28,43","20260801"
"fairfield county homes for sale","T","62","320","28","","","0.38","0.29","133","35,81,44,54,44,54,44,100,66,54,100,66","9,28","20260801"
"fairhaven ma real estate","N","63","320","27","","","0.09","0.29","41","54,54,54,36,44,44,44,36,29,36,36,44","3,9,28","20260801"
"fairhaven real estate","N","60","320","22","","","0.09","0.29","","54,81,81,54,54,54,54,54,35,44,44,54","9,13,28","20260801"
"harpers ferry houses for sale","T","63","320","24","","","0.37","0.49","117","39,59,48,14,17,21,14,26,14,17,26,17","9,13,21,28","20260801"
"homes for sale 22401","T","64","320","28","","","0.47","0.42","106","81,81,81,66,81,66,54,66,66,81,66,66","9,15,28","20260801"
"homes for sale 22601","T","59","320","23","","","0.13","0.5","109","100,100,82,35,66,82,66,53,82,82,100,100","9,21,28","20260801"
"homes for sale harpers ferry","T","61","320","15","","","0.37","0.49","121","0,0,11,5,3,0,3,68,100,4,3,68","9,28","20260801"
"homes for sale in frostburg md","T","66","320","20","","","0.19","0.45","110","23,81,44,100,81,35,54,81,28,54,66,100","9,28","20260801"
"homes for sale in havre de grace md 21078","T","59","320","22","","","0.21","0.53","123","20,10,30,81,81,6,4,5,4,13,5,6","9,28","20260801"
"homes for sale in lovettsville va","T","70","320","14","","","0.11","0.43","116","54,36,36,54,54,54,44,66,29,54,54,66","9,28","20260801"
"homes for sale in lovettsville va 20180","T","69","320","21","","","0.32","0.47","122","67,19,19,0,0,0,0,54,36,67,81,81","9,28","20260801"
"homes for sale in verona va","T","66","320","18","","","0.33","0.29","115","43,53,100,82,100,100,82,66,66,82,100,82","7,9,28","20260801"
"homes for sale in weyers cave va","T","62","320","14","","","0.18","0.27","20","82,66,82,82,66,66,100,66,66,82,82,82","28","20260801"
"homes for sale orange va","T","66","320","24","","","0.44","0.57","106","29,44,29,44,29,36,36,36,29,54,44,44","28","20260801"
"homes for sale springfield va","T","74","320","25","","","0.76","0.47","114","25,16,13,16,16,7,20,7,37,8,13,13","7,9,21,28","20260801"
"homes for sale sterling illinois","T","54","320","22","","","0.06","0.44","97","36,44,54,44,44,54,44,44,44,54,44,54","15,28","20260801"
"hopewell junction ny homes for sale","T","54","320","20","","","0.07","0.39","91","43,81,66,66,81,100,43,43,43,54,100,81","9,28","20260801"
"house for sale falls church va","T","70","320","24","","","0.21","0.44","123","36,44,23,54,44,36,29,36,23,29,36,44","9,28","20260801"
"house for sale in bristow va","T","69","320","21","","","0.21","0.32","122","81,66,66,54,81,54,43,66,54,100,81,100","9,28","20260801"
"house for sale in gaithersburg md","T","68","320","27","","","0.44","0.5","128","28,66,81,66,66,54,18,15,18,100,35,35","9,21,28","20260801"
"houses for sale fairhaven","T","63","320","17","","","0.06","0.27","113","26,48,11,14,14,17,9,39,9,21,100,48","7,9,28","20260801"
"houses for sale frostburg md","T","68","320","21","","","0.19","0.45","110","100,100,81,81,54,66,81,66,35,14,43,81","9,13,28","20260801"
"houses for sale hamilton va","T","68","320","17","","","0.09","0.34","104","66,81,66,54,81,54,54,54,66,81,100,100","9,28","20260801"
"houses for sale hopewell junction ny","T","59","320","22","","","0.07","0.39","105","24,30,16,30,30,24,24,20,20,45,30,45","9,28","20260801"
"houses for sale in buchanan va","T","66","320","14","","","0.21","0.38","126","100,82,82,100,53,82,66,66,53,82,100,100","7,28","20260801"
"houses for sale in clarke county va","T","67","320","19","","","0.1","0.43","126","100,66,35,66,66,66,54,81,81,81,100,54","9,28","20260801"
"houses for sale in clarksburg md","T","66","320","18","","","0.36","0.48","111","20,16,16,20,16,16,13,24,13,16,24,24","9,28","20260801"
"houses for sale in haverhill nh","T","55","320","11","","","0.3","0.38","123","66,66,100,54,54,66,54,43,54,43,66,81","28","20260801"
"houses for sale in hopewell nj","T","62","320","19","","","0.08","0.42","118","44,44,67,54,29,29,29,29,15,23,23,29","9,28","20260801"
"houses for sale in north beach md","T","61","320","17","","","0.27","0.5","120","66,81,100,81,66,66,54,54,54,81,100,100","7,9,28","20260801"
"houses for sale in orange county va","T","60","320","12","","","0.42","0.53","93","54,36,36,36,54,54,44,36,44,66,66,66","28","20260801"
"houses for sale in warrenton oregon","T","54","320","14","","","0.19","0.46","111","35,81,66,23,28,44,35,81,54,66,54,54","28","20260801"
"houses for sale orange va","T","68","320","24","","","0.34","0.52","105","44,54,44,66,66,54,54,54,54,81,66,100","28","20260801"
"houses for sale shenandoah county va","T","65","320","21","","","0.27","0.25","20","29,15,1,19,15,67,81,100,29,29,36,23","28","20260801"
"land for sale fredericksburg va","T","55","320","21","","","0.2","0.56","107","66,100,66,82,82,82,82,100,66,82,82,82","9,28","20260801"
"land for sale in fredericksburg va","T","55","320","12","","","0.2","0.56","91","66,81,44,54,54,54,54,66,54,54,66,66","9,28","20260801"
"property search fairfax","C,T","52","320","19","","","0","0.03","110","13,30,20,24,20,36,30,10,67,20,24,100","9,28","20260801"
"salem va homes for sale","T","64","320","27","","","0.39","0.36","100","36,19,44,23,23,54,12,100,81,19,29,29","9,28","20260801"
"shenandoah homes for sale","T","57","320","24","","","0.4","0.4","105","66,66,66,54,54,54,43,54,54,81,81,100","28","20260801"
"silver spring condos for sale","T","47","320","29","","","0.26","0.31","110","19,100,44,54,36,36,36,54,54,81,36,44","7,21","20260801"
"springfield va homes for sale","T","75","320","25","","","0.24","0.47","112","26,21,26,21,17,48,26,26,17,21,100,39","9,21,28","20260801"
"sterling il real estate","N","54","320","22","","","0.61","0.19","106","66,54,66,54,54,44,44,54,54,66,66,100","28","20260801"
"townhomes for sale in springfield va","T","55","320","17","","","0.37","0.45","116","54,54,44,54,44,54,54,54,35,54,54,100","7,9,28","20260801"
"victor idaho real estate","N","62","320","27","","","0.25","0.4","107","36,36,30,30,20,16,16,20,16,24,20,30","3,7,9,21,28","20260801"
"waterford va homes for sale","T","66","320","21","","","0.28","0.36","106","18,22,81,66,100,81,54,54,43,66,66,66","14,15,21,28","20260801"
"winchester va houses for sale","T","72","320","29","","","0.36","0.51","119","13,16,7,7,8,8,37,13,20,16,52,31","9,28","20260801"
"20906 homes for sale","T","64","260","20","","","0.45","0.35","105","66,66,66,66,66,100,66,43,43,82,82,66","28","20260801"
"bristow homes for sale","T","66","260","25","","","0.38","0.39","112","3,13,3,5,3,3,2,24,16,76,45,100","9,28","20260801"
"bristow va homes for sale","T","70","260","21","","","0.21","0.32","124","2,5,5,5,7,7,1,3,2,29,100,36","9,28","20260801"
"chantilly va homes for sale","T","69","260","20","","","0.35","0.45","125","14,32,17,32,32,39,26,26,21,26,26,100","9,28,49","20260801"
"churchville homes for sale","T","58","260","27","","","0.07","0.29","105","44,35,44,35,44,44,28,44,44,35,35,54","9,28","20260801"
"condominiums for sale in haverhill ma","T","53","260","12","","","0.11","0.5","116","35,23,23,54,44,11,6,81,54,100,6,5","9,21,28","20260801"
"fairfax mn homes for sale","T","69","260","13","","","0.04","0.16","133","54,54,66,54,43,43,43,43,35,54,66,66","28","20260801"
"fairfax station houses for sale","T","77","260","19","","","0.12","0.41","119","18,44,23,35,28,23,28,28,28,66,54,44","7,28","20260801"
"fairhaven houses for sale","T","66","260","28","","","0.06","0.27","108","8,13,1,1,3,2,1,100,13,24,16,16","9,21,28","20260801"
"falls church va homes for sale","T","68","260","26","","","0.43","0.44","144","13,30,20,24,20,8,13,20,8,13,16,16","9,21,28","20260801"
"flood zones fairfax county","C,T","73","260","22","","","0","0","107","100,0,0,0,0,0,0,0","6,28","20260801"
"heritage hunt homes for sale","T","50","260","18","","","0.27","0.59","105","54,44,36,36,29,19,19,19,23,29,36,29","5,7,9,28","20260801"
"home for sale in fairfax station va","T","81","260","19","","","0.28","0.47","107","28,28,44,100,44,44,35,54,81,81,0,1","15,28","20260801"
"homes for sale 20878","T","60","260","22","","","0.45","0.34","110","28,35,44,66,54,44,35,44,44,44,66,66","9,28","20260801"
"homes for sale chantilly va","T","66","260","22","","","0.35","0.45","112","36,36,15,54,29,54,19,15,100,19,29,36","7,9,28","20260801"
"homes for sale falls church va","T","70","260","24","","","0.43","0.44","133","43,66,81,43,66,35,29,100,81,43,66,81","7,9,13,28","20260801"
"homes for sale farmville","T","62","260","29","","","0.17","0.45","109","24,13,36,10,100,8,5,8,5,13,6,3","9,28","20260801"
"homes for sale haverhill nh","T","60","260","13","","","0.3","0.38","106","82,82,100,66,66,82,66,53,66,43,82,100","9,28","20260801"
"homes for sale in alexandria in","T","61","260","22","","","0.12","0.45","116","19,9,81,29,15,12,12,66,54,54,54,54","14,28","20260801"
"homes for sale in bristow ok","T","54","260","26","","","0.36","0.44","114","44,66,23,54,28,44,44,44,54,35,44,44","7,9,28","20260801"
"homes for sale in chesapeake beach md","T","64","260","17","","","0.35","0.42","123","44,81,35,44,23,35,23,15,35,54,66,100","9,28","20260801"
"homes for sale in churchville pa","T","62","260","14","","","0.05","0.21","20","100,100,81,81,53,65,65,65,81,65,65,100","28","20260801"
"homes for sale in fairfax station va","T","78","260","21","","","0.28","0.47","111","29,66,54,12,19,23,29,23,19,36,36,44","7,9,28","20260801"
"homes for sale in fort washington pa","T","58","260","20","","","0.09","0.24","117","35,44,28,28,35,35,54,44,44,81,66,100","21,28","20260801"
"homes for sale in hopewell junction","T","56","260","22","","","0.07","0.39","107","13,20,13,20,24,16,10,24,45,13,16,100","9,28","20260801"
"homes for sale in hopewell pa","T","51","260","14","","","0.05","0.26","119","43,66,100,66,66,82,43,53,43,82,100,82","28","20260801"
"homes for sale in leesburg florida","T","57","260","26","","","0.34","0.41","113","8,8,8,5,8,8,7,5,7,5,8,7","9,15,28","20260801"
"homes for sale in maryland 21206","T","64","260","12","","","0.1","0.42","126","82,35,35,66,66,100,66,66,53,82,100,66","28","20260801"
"homes for sale in oakton va","T","70","260","14","","","0.22","0.41","128","29,81,54,44,19,44,29,29,19,36,44,44","9,28","20260801"
"homes for sale in occoquan va","T","64","260","17","","","0.46","0.34","123","66,81,66,54,54,43,43,54,43,43,54,54","9,28","20260801"
"homes for sale in sterling ma","T","57","260","17","","","0.04","0.18","118","20,13,8,13,16,24,13,20,8,13,20,24","9,21,28","20260801"
"homes for sale in warrenton nc","T","58","260","21","","","0.17","0.41","20","43,53,100,100,100,82,82,43,35,66,66,53","21,28","20260801"
"homes for sale lovettsville va","T","72","260","19","","","0.32","0.47","110","22,66,54,100,66,66,43,100,43,43,81,100","9,28","20260801"
"homes for sale marshall va","T","70","260","21","","","0.42","0.52","114","81,81,100,43,54,35,35,0,35,43,43,29","9,14,15,28","20260801"
"hopewell junction homes for sale","T","59","260","22","","","0.07","0.39","114","10,100,19,19,67,19,7,19,10,23,36,29","9,13,28","20260801"
"house for sale fairfield county ct","T","62","260","29","","","0.23","0.38","135","12,36,36,36,29,29,36,36,44,54,81,54","9,28","20260801"
"house for sale haverhill ma","T","66","260","29","","","0.08","0.42","111","36,44,5,54,29,29,23,23,29,44,44,54","9,21,28","20260801"
"house for sale in falls church va","T","72","260","23","","","0.21","0.44","148","5,16,8,20,8,11,13,13,8,13,13,25","9,28","20260801"
"house for sale in haverhill ma","T","63","260","28","","","0.08","0.42","97","36,23,19,19,19,15,23,100,15,0,29,29","9,21,28","20260801"
"house for sale in hopewell junction ny","T","58","260","22","","","0.07","0.39","94","36,29,15,36,23,54,36,36,29,44,66,81","9,28","20260801"
"houses for sale alexandria in","T","59","260","25","","","0.1","0.44","159","54,81,44,9,29,12,29,23,23,36,36,19","21,28","20260801"
"houses for sale baltimore md 21229","T","58","260","14","","","0.08","0.35","108","66,29,22,29,35,54,54,54,54,66,81,100","9,28","20260801"
"houses for sale clarke county va","T","67","260","12","","","0.11","0.4","107","66,43,100,82,53,53,53,82,82,100,100,100","15,28","20260801"
"houses for sale clarksburg wv","T","59","260","19","","","0.21","0.46","110","66,54,36,36,44,36,36,29,36,4,36,36","9,15,28","20260801"
"houses for sale fairfax station va","T","77","260","15","","","0.12","0.41","101","28,43,82,53,43,43,35,100,66,100,100,82","7,9,28","20260801"
"houses for sale fort washington pa","T","64","260","16","","","0.05","0.15","101","54,43,43,43,54,43,54,81,66,100,81,100","28","20260801"
"houses for sale fredericksburg va 22401","T","69","260","17","","","0.47","0.42","33","82,35,35,53,66,66,66,66,66,100,82,66","21,28","20260801"
"houses for sale harpers ferry wv","T","66","260","15","","","0.23","0.48","108","29,36,36,29,44,54,36,36,44,36,36,36","13,21,28","20260801"
"houses for sale in chesapeake beach md","T","63","260","20","","","0.35","0.42","115","44,81,44,44,44,12,15,15,19,29,54,44","7,9,28","20260801"
"houses for sale in chesapeake city md","T","62","260","18","","","0.08","0.36","129","66,100,100,54,15,44,54,28,15,28,18,23","7,9,21,28","20260801"
"houses for sale in churchville md","T","60","260","14","","","0.08","0.24","139","44,36,36,29,36,36,23,19,36,29,29,44","9,28","20260801"
"houses for sale in churchville pa","T","57","260","15","","","0.05","0.21","132","82,66,53,53,53,43,43,66,53,82,82,82","28","20260801"
"houses for sale in clarke county","T","59","260","21","","","0.1","0.43","112","23,15,23,66,81,5,15,54,66,100,28,3","9,28","20260801"
"houses for sale in fairfax mn","T","65","260","12","","","0.05","0.2","129","54,54,66,54,43,43,43,43,35,54,66,66","28","20260801"
"houses for sale in fogelsville pa","T","67","260","11","","","0.31","0.33","139","43,35,82,35,66,82,66,100,82,82,100,100","9,28","20260801"
"houses for sale in fort washington maryland","T","66","260","27","","","0.23","0.46","124","35,66,43,82,82,82,82,66,53,66,82,100","9,28","20260801"
"houses for sale in hunt county tx","T","56","260","14","","","0.21","0.46","129","66,66,28,53,66,66,82,66,53,66,100,100","28","20260801"
"houses for sale in norton va","T","62","260","22","","","0.06","0.43","110","66,81,54,54,100,29,22,66,54,81,100,100","9,28","20260801"
"houses for sale in stanardsville va","T","60","260","15","","","0.21","0.42","122","100,17,26,17,14,11,9,17,11,5,7,14","28","20260801"
"houses for sale in verona va","T","63","260","24","","","0.33","0.29","119","23,53,82,53,100,100,82,43,28,66,66,53","7,28","20260801"
"houses for sale in weyers cave va","T","61","260","14","","","0.12","0.3","125","43,66,66,53,82,66,82,66,66,82,82,82","7,28","20260801"
"houses for sale new fairfield ct","T","64","260","19","","","0.05","0.35","114","54,66,54,43,43,43,35,54,43,54,54,35","9,15,28","20260801"
"houses for sale victor idaho","T","59","260","24","","","0.24","0.48","105","66,66,35,35,18,11,18,23,66,23,100,100","7,28","20260801"
"houses for sale warrenton mo","T","56","260","14","","","0.08","0.51","109","66,66,44,35,28,28,28,35,44,44,100,44","9,28","20260801"
"houses for sale warrenton va","T","64","260","29","","","0","0","123","54,66,66,66,44,35,54,8,8,11,35,35","7,9,28","20260801"
"houses in falls church va","N","69","260","22","","","0.24","0.42","152","53,66,66,53,53,66,66,66,66,23,66,66","7,9,28","20260801"
"hunt county homes for sale","T","51","260","12","","","0.2","0.45","154","18,54,54,35,43,43,43,66,54,66,100,66","28","20260801"
"lakeside plaza apartments","N","31","260","25","","","0.86","0.07","105","54,43,54,43,43,35,43,54,54,66,66,81","3,28","20260801"
"new construction fredericksburg va","N","47","260","13","","","2.77","0.78","129","66,54,81,66,54,29,22,29,35,81,29,22","3,9,28","20260801"
"new developments in ashburn va","N","45","260","24","","","3.05","0.76","161","66,29,29,43,43,54,54,54,43,66,66,54","3,7,9,28","20260801"
"new fairfield ct real estate","N","58","260","15","","","0.04","0.31","20","66,66,66,66,54,43,35,43,43,54,43,54","21,28","20260801"
"new homes fredericksburg va","N","52","260","13","","","2.77","0.78","123","66,66,66,66,35,66,82,100,35,66,43,53","3,9,21,28","20260801"
"new subdivisions in woodbridge va","N","45","260","17","","","1.87","0.86","159","82,35,28,53,43,66,66,66,66,100,82,66","3,7,9,28","20260801"
"real estate listings falls church va","N","70","260","27","","","0.42","0.2","122","54,23,23,23,28,35,28,44,35,54,81,100","3,9,28","20260801"
"salem va real estate","N","61","260","24","","","0.41","0.42","108","54,66,54,54,43,66,43,54,54,54,66,54","9,28","20260801"
"single family homes for sale in ashburn va","T","63","260","28","","","0.49","0.44","103","35,44,44,28,35,35,44,66,44,54,54,44","7,9,21,28","20260801"
"single family homes for sale in woodbridge va","T","61","260","20","","","0.44","0.42","91","23,29,29,23,29,29,29,23,29,23,29,29","9,21,28","20260801"
"single house for sale in woodbridge va","T","67","260","22","","","0.44","0.42","107","81,34,81,21,100,100,81,81,81,81,100,81","9,28","20260801"
"sterling il realty","N","52","260","28","","","0.61","0.19","106","66,29,29,43,43,54,54,54,54,81,81,100","3,28","20260801"
"townhomes for sale in woodbridge va","I,T","59","260","20","","","0.5","0.21","82","28,44,28,35,35,23,28,28,44,100,66,18","6,9,28","20260801"
"townhomes in woodbridge va","N","52","260","19","","","0.59","0.51","111","43,66,43,54,54,54,43,43,43,54,54,54","9,28,43","20260801"
"19006 homes for sale","T","65","210","14","","","0.06","0.44","106","42,80,80,100,80,80,80,65,65,80,80,100","28","20260801"
"alexandria la homes for sale","T","55","210","27","","","0.22","0.44","102","43,54,66,66,54,43,35,10,54,8,10,22","28","20260801"
"allegheny trail house frostburg md","I,T","65","210","18","","","0.79","0.42","104","29,18,66,81,81,43,29,43,35,43,66,100","1,6,7,9,15,21,28","20260801"
"bristow ok homes for sale","T","53","210","28","","","0.36","0.44","127","1,1,1,0,0,0,0,0,0,6,1,100","7,13,28","20260801"
"casas de venta en winchester va","N","65","210","27","","","0.04","0.25","123","12,29,23,29,29,36,23,23,15,23,29,36","9","20260801"
"casas en venta en fort washington md","N","66","210","24","","","0.05","0.38","102","19,29,23,23,29,23,23,36,29,23,23,29","9,21,28","20260801"
"casas en venta en winchester va","N","66","210","27","","","0.12","0.41","105","44,35,66,35,44,23,15,28,18,15,23,18","9,15","20260801"
"chantilly houses for sale","T","65","210","21","","","0.35","0.45","108","72,5,2,3,7,14,17,14,14,39,21,11","7,21,28","20260801"
"clarksburg wv homes for sale","T","60","210","15","","","0.42","0.47","92","28,35,100,28,15,18,18,54,15,28,23,35","28","20260801"
"condominiums for sale in gaithersburg md","T","55","210","21","","","0.23","0.62","103","100,43,34,65,65,81,81,81,53,65,65,65","7,9,21,28","20260801"
"condos for sale fairfax va","T","69","210","23","","","0.33","0.51","119","35,35,43,100,100,29,22,35,18,22,22,22","7,9,28","20260801"
"condos for sale in leesburg va","T","55","210","14","","","0.39","0.45","20","53,53,53,53,53,53,43,35,35,53,43,43","28","20260801"
"condos for sale silver spring md","T","51","210","28","","","0.26","0.31","112","28,66,28,35,18,18,15,35,6,3,1,3","9,21,28","20260801"
"fairfax city real estate","N","69","210","29","","","0.42","0.33","124","16,13,10,24,30,5,5,24,16,24,16,20","7,9,28","20260801"
"fairfax realty dc","N","60","210","25","","","1.28","0.33","113","36,12,15,36,6,4,6,44,36,44,54,44","1,7,9,28,50","20260801"
"fairfax realty select","C,T","47","210","20","","","0.99","0.07","106","10,10,8,8,8,7,7,8,8,8,8,10","1,7,9,21,28","20260801"
"fairfield condos for sale","T","58","210","13","","","0.44","0.37","109","65,100,81,100,53,81,53,43,34,43,53,100","7,28","20260801"
"fairhaven ma homes for sale","T","64","210","18","","","0.06","0.27","116","35,54,54,54,43,54,43,43,35,54,54,81","7,9,28","20260801"
"falls church city homes","N","58","210","25","","","0.45","0.39","136","100,43,34,43,53,81,81,81,65,81,81,65","5,7,9,21,28","20260801"
"falls church va real estate","N","67","210","24","","","0.42","0.2","20","35,54,54,35,22,29,29,54,54,43,66,100","28","20260801"
"frostburg md real estate","N","65","210","25","","","0.08","0.24","105","65,81,65,65,53,53,53,43,34,43,53,81","9,15,21,28","20260801"
"haverhill nh real estate","N","52","210","17","","","0.17","0.35","106","54,54,66,66,43,43,35,35,35,29,43,54","28","20260801"
"havre de grace houses for sale","T","61","210","23","","","0.21","0.53","95","20,4,13,8,81,6,6,6,4,8,6,5","9,21,28","20260801"
"heritage hunt homes for sale gainesville","T","58","210","15","","","0.27","0.37","113","53,53,21,43,53,65,43,65,65,100,100,100","7,28","20260801"
"home for sale md 20906","T","68","210","22","","","0.45","0.35","112","82,35,28,35,43,100,66,53,53,100,82,53","9,28","20260801"
"home for sale sterling ma","T","54","210","12","","","0.05","0.18","107","35,66,66,82,82,53,53,43,43,66,82,100","13,28","20260801"
"homes for sale 19006","T","66","210","13","","","0.06","0.44","108","54,44,23,35,23,28,28,23,23,35,35,44","9","20260801"
"homes for sale bradford ma","T","63","210","15","","","0.04","0.38","107","65,65,81,65,65,53,43,53,43,53,65,53","9,28","20260801"
"homes for sale bristow va","T","71","210","24","","","0.38","0.39","117","19,29,23,23,23,7,10,15,54,36,29,29","9,13,21,28","20260801"
"homes for sale fairfax vt","T","71","210","14","","","0.21","0.32","104","14,22,22,29,66,100,66,35,35,43,54,81","7,28","20260801"
"homes for sale fogelsville pa","T","62","210","11","","","0.27","0.34","105","43,43,43,43,35,43,35,66,54,35,54,43","9,28","20260801"
"homes for sale forestville ny","T","57","210","14","","","0.04","0.12","110","35,28,100,35,100,82,66,28,28,53,43,53","9,28","20260801"
"homes for sale heritage hunt gainesville va","T","59","210","22","","","0.27","0.37","103","66,53,53,43,53,43,35,53,35,43,53,66","7,9,14,21,28","20260801"
"homes for sale hopewell","T","63","210","24","","","0.27","0.48","115","100,12,12,15,12,12,15,19,12,12,19,15","9,28","20260801"
"homes for sale in fogelsville pa","T","63","210","10","","","0.31","0.33","133","35,35,35,35,28,35,28,66,54,35,44,44","9,28","20260801"
"homes for sale in heritage hunt in gainesville virginia","T","60","210","11","","","0.27","0.37","131","53,53,21,43,53,65,43,65,65,100,100,100","7,28","20260801"
"homes for sale in hopewell","T","60","210","24","","","0.27","0.48","140","15,23,19,23,36,23,29,29,100,29,29,29","28","20260801"
"homes for sale in hopewell junction ny","T","58","210","21","","","0.07","0.39","109","66,66,82,53,66,53,43,82,28,43,66,66","9,28","20260801"
"homes for sale in hopewell twp pa","T","50","210","12","","","0.05","0.33","118","43,66,43,53,53,100,35,82,43,53,66,82","7,9,28","20260801"
"homes for sale in kentlands 20878","T","51","210","24","","","0.44","0.33","160","43,35,28,35,43,53,35,66,35,53,100,82","7,9,28","20260801"
"homes for sale in lexington virginia","T","68","210","26","","","0.1","0.33","101","0,1,55,20,0,0,13,0,76,0,0,1","9,28","20260801"
"homes for sale in marion va 24354","T","60","210","22","","","0.1","0.4","118","26,32,48,17,26,7,17,14,14,21,21,39","28","20260801"
"homes for sale in maryland 20906","T","71","210","26","","","0.45","0.35","137","82,35,28,35,43,100,66,53,53,100,82,53","28","20260801"
"homes for sale in stanardsville va","T","68","210","12","","","0.22","0.42","111","81,43,29,43,18,18,22,18,22,22,14,18","9,15,28","20260801"
"homes for sale in sterling colorado","T","53","210","26","","","0.08","0.48","104","20,16,10,16,13,13,13,10,13,20,16,20","28","20260801"
"homes for sale in warrenton mo","T","55","210","14","","","0.27","0.45","100","81,81,29,43,66,43,22,22,35,22,35,29","9,28","20260801"
"homes for sale in winchester va 22601","T","66","210","26","","","0.39","0.5","20","65,53,81,65,43,53,81,53,65,65,81,100","28","20260801"
"homes for sale severn md","T","63","210","22","","","0.26","0.43","106","43,35,100,43,43,43,53,43,100,66,66,82","9,28","20260801"
"homes for sale victor mt","T","60","210","14","","","0.09","0.39","108","66,66,53,53,53,53,35,43,53,43,43,66","7,9,14,15,28","20260801"
"homes for sale woodlawn va","T","63","210","14","","","0.06","0.26","107","65,81,65,81,81,65,65,65,65,81,81,100","28","20260801"
"homes in chantilly va","N","68","210","18","","","0.49","0.46","114","43,53,34,81,65,53,81,81,43,53,53,65","7,9,28","20260801"
"homes in falls church va","N","67","210","26","","","0.45","0.39","152","53,100,65,65,53,65,65,81,65,65,43,65","9,13,21,28","20260801"
"hopewell junction ny real estate","N","56","210","19","","","0.04","0.32","106","54,100,29,35,35,22,22,29,18,43,29,29","9,28","20260801"
"house for sale 20905","T","63","210","19","","","0.07","0.27","107","65,81,65,53,65,65,53,53,53,65,65,81","9,15,28","20260801"
"house for sale gaithersburg md","T","69","210","23","","","0.44","0.5","108","19,36,15,54,36,29,36,23,19,36,29,36","5,9,13,21,28","20260801"
"house for sale in falls church","T","64","210","23","","","0.43","0.44","149","3,3,10,0,10,5,10,3,100,30,6,1","7,9,28","20260801"
"house for sale in sterling il","T","53","210","25","","","0.06","0.44","96","0,82,53,100,66,53,43,43,53,66,82,66","28","20260801"
"houses for sale bethesda md","T","71","210","29","","","0.36","0.5","108","54,29,81,29,43,43,43,81,22,35,22,29","9,28","20260801"
"houses for sale farmville va","T","68","210","24","","","0.17","0.45","20","66,54,54,35,35,22,54,22,29,22,43,35","28","20260801"
"houses for sale in altavista va","T","63","210","20","","","0.07","0.4","116","35,66,23,23,28,44,15,28,23,44,28,35","28","20260801"
"houses for sale in hopewell pa","T","54","210","14","","","0.05","0.26","121","43,82,35,43,23,35,23,66,53,53,82,66","15,28","20260801"
"houses for sale in hopewell twp pa","T","51","210","16","","","0.05","0.33","121","35,43,43,35,43,100,23,82,82,35,66,66","7,21,28","20260801"
"houses for sale in leesburg florida","T","60","210","28","","","0.34","0.5","100","16,8,24,8,10,13,8,13,10,16,10,16","9,21,28","20260801"
"houses for sale in lovettsville va","T","70","210","15","","","0.11","0.43","118","12,29,29,15,29,36,19,66,29,54,54,100","9,28","20260801"
"houses for sale in sterling illinois","T","55","210","15","","","0.04","0.38","98","44,44,35,35,35,35,28,23,18,18,35,35","28","20260801"
"houses for sale leesburg fl","T","56","210","28","","","0.34","0.5","111","17,26,9,17,32,17,14,21,17,21,26,26","7,9,28","20260801"
"houses for sale springfield va","T","76","210","20","","","0.76","0.47","111","66,15,8,28,54,44,35,54,18,11,54,15","7,9,21,28","20260801"
"houses for sale sterling ma","T","57","210","20","","","0.05","0.18","108","26,39,21,21,26,14,7,9,9,21,32,26","9,13,21,28","20260801"
"houses for sale sterling va","T","75","210","29","","","0.46","0.46","112","21,72,26,26,14,9,1,5,4,11,26,11","7,9,28","20260801"
"kentlands gaithersburg homes for sale","T","54","210","18","","","0.44","0.33","35","28,28,66,28,66,53,43,66,43,53,100,100","28","20260801"
"land for sale in orange county va","T","48","210","16","","","0.11","0.46","123","80,65,65,65,80,100,80,80,65,80,80,80","21,28","20260801"
"land for sale orange va","T","54","210","11","","","0.11","0.46","107","100,53,80,65,80,80,80,80,65,80,65,65","28","20260801"
"landmarc real estate reviews","N","34","210","22","","","0","0.33","106","43,82,23,66,82,66,53,17,28,28,23,53","1,7,9,28,50","20260801"
"leesburg florida homes for sale","T","57","210","28","","","0.34","0.5","100","1,36,6,16,6,13,10,10,16,6,8,8","9,15,21,28","20260801"
"marshall va homes for sale","T","71","210","15","","","0.42","0.52","108","23,29,36,29,23,15,19,15,23,36,44,29","7,9,28","20260801"
"new construction homes in fredericksburg va","N","52","210","12","","","2.77","0.78","146","35,35,44,44,35,28,44,28,23,44,35,35","3,9,28","20260801"
"new construction homes in woodbridge va","N","53","210","17","","","1.87","0.86","145","81,81,65,65,43,53,65,81,53,81,81,81","3,9,28","20260801"
"new fairfield homes for sale","T","58","210","12","","","0.06","0.32","113","8,6,6,5,6,8,8,100,24,8,2,3","7,9,28","20260801"
"new fairfield real estate","N","57","210","12","","","0.04","0.31","113","100,100,100,100,80,53,53,80,80,100,80,80","7,9,28","20260801"
"new homes ashburn va","N","42","210","24","","","3.05","0.76","136","43,100,66,66,53,53,53,82,43,53,53,66","3,9,28","20260801"
"new homes fort washington md","N","52","210","18","","","1.32","0.6","132","0,0,0,1,0,0,0,0,2,10,19,100","3,9,28","20260801"
"new homes in ashburn va","N","48","210","23","","","2.8","0.82","149","35,35,81,43,66,35,35,43,35,43,35,29","7,9,21,28","20260801"
"new homes in winchester va","N","51","210","12","","","2.27","0.74","159","65,80,80,100,80,80,80,53,80,80,42,80","3,9,28","20260801"
"new homes in woodbridge va","N","55","210","12","","","1.87","0.86","148","54,35,54,54,43,43,43,54,43,54,54,54","3,9,28","20260801"
"occoquan homes for sale","T","54","210","20","","","0.46","0.34","112","44,44,54,35,35,35,35,35,23,28,35,35","9,28","20260801"
"real estate in haverhill","N","54","210","29","","","0.09","0.25","114","36,15,15,29,29,7,5,4,2,15,15,2","3,9,28","20260801"
"realtor com sterling il","I,T","48","210","24","","","0.69","0.02","106","44,35,44,44,44,28,28,28,35,35,44,28","6,28","20260801"
"senior living silver spring","N","29","210","26","","","4.57","0.8","52","34,53,43,53,65,81,100,21,81,81,81,100","3,13,21,28","20260801"
"single homes for sale in woodbridge va","T","57","210","18","","","0.51","0.42","88","100,53,34,43,65,81,81,81,65,81,100,65","9,28","20260801"
"springfield va houses for sale","T","76","210","20","","","0.24","0.47","114","9,9,100,15,23,12,15,66,15,23,23,23","9,15,28","20260801"
"sterling co homes for sale","T","56","210","27","","","0.08","0.48","109","16,13,5,11,8,8,11,7,8,13,11,16","28","20260801"
"sterling ma real estate","N","54","210","16","","","0.03","0.14","20","66,82,66,53,53,43,35,43,43,43,43,53","21,28","20260801"
"townhomes for sale in chantilly va","T","55","210","14","","","0.35","0.59","110","29,29,36,7,23,23,29,10,29,23,29,36","7,9,28","20260801"
"warrenton houses for sale","T","65","210","29","","","0.21","0.51","118","43,81,34,81,100,81,53,53,81,100,100,100","7,9,28","20260801"
"west virginia harpers ferry real estate","N","62","210","20","","","0.13","0.44","125","54,15,15,36,29,3,10,12,12,12,15,2","3,9,28","20260801"
"winchester new homes","N","41","210","14","","","2.76","0.88","133","80,100,80,100,65,80,65,53,80,65,53,100","3,9,13,20,28","20260801"
"20902 homes for sale","T","59","170","22","","","0.43","0.27","109","53,35,28,28,28,43,43,43,28,66,53,82","13,28","20260801"
"bel air md real estate","N","60","170","29","","","0.41","0.39","110","53,65,53,65,53,43,43,34,28,34,53,53","9,21,28","20260801"
"buy a house in chantilly va","T","74","170","21","","","0.3","0.44","131","2,26,21,14,7,1,1,0,100,1,1,2","9,28","20260801"
"casas en venta en springfield va","N","70","170","16","","","0.11","0.27","20","35,35,35,29,29,29,22,35,29,43,43,29","7,28","20260801"
"casas en venta en sterling va","N","71","170","28","","","0.14","0.42","120","29,15,19,19,36,23,19,23,19,23,29,29","7,9,28","20260801"
"casas en venta fredericksburg va","N","77","170","28","","","0.27","0.38","123","35,35,8,35,8,18,0,54,44,44,66,66","9,28","20260801"
"cheap houses for sale maryland","T","46","170","17","","","0.33","0.5","119","26,32,21,14,14,17,17,14,11,17,14,17","9,21,28,50","20260801"
"clarke co va homes for sale","T","65","170","14","","","0.1","0.43","131","66,3,8,23,11,8,11,54,66,100,8,5","15,28","20260801"
"clarke county va homes for sale","T","68","170","14","","","0.11","0.4","130","23,23,28,44,28,44,28,11,15,28,28,23","9,15,28","20260801"
"condos for sale haverhill ma","T","54","170","9","","","0.11","0.5","106","81,43,22,35,35,14,18,8,35,29,35,35","21,28","20260801"
"condos for sale in woodbridge va","T","53","170","14","","","0.49","0.68","101","35,35,44,35,35,23,23,35,23,28,28,35","9,28","20260801"
"condos in fairfield ct","N","52","170","21","","","0.26","0.44","114","53,53,53,43,53,34,34,53,34,53,53,65","3,9,28","20260801"
"duplex for sale baltimore md","T","55","170","14","","","0.2","0.41","109","53,34,53,53,43,34,28,81,100,65,81,53","7,9,28","20260801"
"ellipse at westfields","C,T","41","170","14","","","1.3","0.31","112","100,53,43,53,43,34,43,43,43,34,34,28","1,6,7,9,13,28","20260801"
"fairfield ct condos for sale","T","55","170","10","","","0.23","0.31","97","80,100,100,80,66,66,66,52,66,66,66,80","7,28","20260801"
"falls church city real estate","C,N","59","170","25","","","0.42","0.2","129","23,23,35,23,18,28,28,23,18,35,44,100","7,9,28","20260801"
"falls church va property search","C,N","66","170","16","","","0","0.02","159","53,65,65,65,53,53,65,53,42,65,100,65","21,28","20260801"
"front royal land for sale","T","53","170","21","","","0.11","0.38","119","65,26,53,34,65,34,34,100,65,100,80,80","9,28","20260801"
"gaithersburg md homes for sale","T","70","170","24","","","0.21","0.51","118","12,54,19,23,29,36,44,0,19,19,23,29","9,28","20260801"
"harpers ferry property","N","57","170","24","","","0","0.43","139","100,29,29,66,54,100,4,4,4,4,4,4","9,21,28","20260801"
"harpers ferry west virginia real estate","N","61","170","14","","","0.13","0.44","127","35,43,28,35,23,35,28,43,66,35,66,66","9,21,28","20260801"
"haverhill massachusetts homes for sale","T","62","170","26","","","0.08","0.42","94","0,0,0,0,0,0,0,100,0,0,0,0","9,21,28","20260801"
"havre de grace md real estate","N","58","170","23","","","0.22","0.52","138","65,81,65,65,43,34,43,53,53,34,43,53","9,28","20260801"
"havre de grace real estate","N","56","170","25","","","0.22","0.52","117","43,81,28,100,28,21,34,53,53,81,28,65","9,13,21,28","20260801"
"home for sale in salem va","T","62","170","29","","","0.39","0.36","95","21,43,43,81,53,53,34,43,53,100,81,81","21,28","20260801"
"home for sale in winchester va","T","70","170","28","","","0.22","0.47","119","6,29,54,100,23,15,15,9,5,12,19,19","9","20260801"
"home for sale md 20902","T","64","170","22","","","0.43","0.27","111","53,43,21,43,53,65,53,81,53,100,81,81","28","20260801"
"home for sale sterling va","T","69","170","29","","","0.36","0.43","110","53,53,43,82,43,28,5,17,12,35,28,43","7,9,21,28","20260801"
"homes for sale 20816","T","64","170","19","","","0.06","0.18","107","66,66,66,80,100,80,66,80,66,100,80,100","28","20260801"
"homes for sale 22306","T","66","170","15","","","0.16","0.45","105","80,100,53,65,80,42,42,53,42,42,53,100","28","20260801"
"homes for sale 22314","T","62","170","17","","","0.14","0.38","105","53,53,53,53,53,53,53,53,53,81,100,100","28","20260801"
"homes for sale 22407","T","65","170","15","","","0.5","0.49","107","53,65,53,34,65,53,53,34,43,53,53,65","9,13,15,28","20260801"
"homes for sale 94534","T","58","170","25","","","0.36","0.45","109","66,80,100,80,80,66,66,66,52,80,80,100","9,28","20260801"
"homes for sale basye va","T","64","170","14","","","0.14","0.34","78","65,100,100,65,80,53,65,80,53,42,65,34","9,28","20260801"
"homes for sale clarke co va","T","65","170","14","","","0.1","0.43","106","35,8,23,23,15,23,15,18,23,28,35,23","28","20260801"
"homes for sale haverhill massachusetts","T","62","170","24","","","0.08","0.42","89","0,0,0,0,0,0,0,100,0,0,1,2","9,28","20260801"
"homes for sale hopewell va","T","64","170","18","","","0.27","0.48","109","35,54,54,23,28,18,18,23,15,23,18,18","9,15,28","20260801"
"homes for sale in 20904 zip code","T","67","170","20","","","1.02","0.36","140","53,34,21,28,34,28,28,81,65,65,81,100","9,28","20260801"
"homes for sale in 22030","T","67","170","19","","","0.13","0.33","125","43,43,65,34,43,53,65,65,43,65,53,53","28","20260801"
"homes for sale in churchville md","T","62","170","12","","","0.21","0.27","133","28,28,23,23,35,23,18,28,23,28,28,54","28","20260801"
"homes for sale in churchville va","T","67","170","17","","","0.22","0.26","127","81,53,43,65,53,65,34,43,28,43,43,65","7,9,28","20260801"
"homes for sale in clarksburg ca","T","57","170","12","","","0.25","0.39","117","43,65,81,65,53,43,43,43,53,43,53,53","7,28","20260801"
"homes for sale in ferrum va","T","65","170","14","","","0.16","0.31","127","43,65,65,53,65,53,43,53,34,65,65,81","28","20260801"
"homes for sale in fries va","T","65","170","14","","","0.18","0.44","106","65,81,65,43,53,43,43,43,65,6,6,6","28","20260801"
"homes for sale in greenbackville va","T","69","170","23","","","0.08","0.39","129","81,81,65,81,65,43,28,43,34,53,53,53","9,28","20260801"
"homes for sale in haverhill nh","T","58","170","14","","","0.3","0.38","113","43,66,53,35,53,43,43,35,43,17,53,100","28","20260801"
"homes for sale in hopewell nj 08525","T","60","170","21","","","0.06","0.35","111","23,15,19,23,29,12,12,23,12,23,23,23","9,28","20260801"
"homes for sale in leesburg al","T","54","170","14","","","0.13","0.38","117","43,53,66,100,66,66,28,43,17,12,23,23","28","20260801"
"homes for sale in old town alexandria va","T","62","170","29","","","0.39","0.54","141","100,65,12,81,53,28,53,34,28,65,65,43","9,21,28","20260801"
"homes for sale in shenandoah county","T","61","170","11","","","0.27","0.25","106","6,8,6,8,15,54,6,100,15,28,54,35","9,28","20260801"
"homes for sale in sterling illinois","T","53","170","23","","","0.04","0.4","91","19,19,19,12,54,36,15,29,15,12,15,19","28","20260801"
"homes for sale in victor montana","T","58","170","16","","","0.09","0.39","102","66,100,100,100,80,66,52,80,80,42,42,80","7,9,21,28","20260801"
"homes for sale in warrenton","T","55","170","22","","","0.42","0.5","128","5,8,11,3,1,28,1,44,100,44,66,23","9,28","20260801"
"homes for sale in warrenton or","T","54","170","14","","","0.19","0.46","121","35,29,81,43,14,18,18,100,66,4,2,2","28","20260801"
"homes for sale in wirtz va","T","63","170","12","","","0.06","0.37","118","80,80,65,100,80,53,65,65,42,53,53,42","7,28","20260801"
"homes for sale oakton va","T","68","170","12","","","0.14","0.4","120","43,53,100,53,53,43,28,2,23,28,35,28","7,9,28","20260801"
"homes for sale shenandoah county va","T","65","170","14","","","0.04","0.26","112","66,43,43,43,35,22,22,22,18,18,54,43","9,28","20260801"
"homes in fort washington md","N","63","170","26","","","0.45","0.49","106","42,52,66,66,100,100,80,80,66,80,80,80","9,21,28","20260801"
"homes in sterling va","N","69","170","28","","","0.47","0.46","116","65,81,65,53,65,65,53,65,43,65,65,34","7,9,28","20260801"
"homes in warrenton va","N","65","170","29","","","0.47","0.6","121","100,100,80,80,52,80,66,66,66,80,66,80","7,9,21,28","20260801"
"hopewell junction real estate","N","56","170","24","","","0.05","0.34","109","54,100,29,35,22,22,29,29,18,43,22,29","21,28","20260801"
"hopewell nj homes for sale","T","63","170","22","","","0.06","0.35","119","66,43,28,66,66,43,28,28,23,28,100,35","9,28","20260801"
"hopewell va homes for sale","T","68","170","18","","","0.27","0.48","104","10,29,35,43,22,43,22,66,18,22,66,35","9,28","20260801"
"house for sale in rockville md","T","64","170","29","","","0.49","0.53","139","4,15,4,10,7,4,4,19,100,4,10,15","9,15,28","20260801"
"house for sale in springfield va","T","71","170","24","","","0.76","0.47","131","5,20,13,5,2,2,3,13,3,8,11,5","7,9,28","20260801"
"house for sale in winchester va","T","69","170","29","","","0.36","0.51","20","44,28,11,44,28,23,23,23,18,23,28,35","9","20260801"
"house for sale springfield va","T","74","170","20","","","0.76","0.47","108","10,12,7,15,19,36,23,29,19,29,36,44","7,9,13,28","20260801"
"house for sale winchester va","T","71","170","27","","","0.36","0.51","125","29,23,29,29,19,23,23,2,10,12,15,19","7,9","20260801"
"houses for sale 22314","T","68","170","20","","","1.85","0.4","106","43,43,43,43,34,43,43,53,43,65,81,100","7,13,28","20260801"
"houses for sale 22601","T","62","170","22","","","0.39","0.5","108","100,100,65,65,42,53,65,53,42,80,80,80","21,28","20260801"
"houses for sale fairfax county va","T","86","170","22","","","0.66","0.46","124","1,11,21,17,26,11,11,17,11,11,72,5","9,28","20260801"
"houses for sale in bel air crest","T","43","170","12","","","0.25","0.25","178","53,43,34,34,43,53,43,53,43,43,43,43","7,9,13,28","20260801"
"houses for sale in bradford ma","T","64","170","18","","","0.04","0.41","158","65,65,65,65,65,53,43,53,34,53,65,34","28","20260801"
"houses for sale in fairfield county","T","64","170","29","","","0.38","0.29","115","39,11,14,32,14,9,7,11,11,11,14,7","9,28","20260801"
"houses for sale in ferrum va","T","64","170","14","","","0.06","0.36","125","80,80,65,65,80,65,53,80,53,65,80,100","28","20260801"
"houses for sale in fries va","T","64","170","14","","","0.17","0.36","113","65,65,65,53,53,43,43,43,34,53,65,65","7,28","20260801"
"houses for sale in greenbackville va","T","61","170","20","","","0.07","0.4","126","53,53,100,42,80,65,53,53,65,80,80,100","21,28","20260801"
"houses for sale in heritage hunt gainesville va","T","59","170","18","","","0.27","0.37","134","35,53,43,35,66,43,35,43,53,66,66,100","7,9,21,28","20260801"
"houses for sale in old town alexandria","T","58","170","29","","","0.29","0.53","133","53,43,53,65,53,43,43,53,34,53,100,81","9,21,28","20260801"
"houses for sale in sterling colorado","T","52","170","26","","","0.08","0.48","99","28,66,53,35,66,28,28,12,66,66,82,100","7,28","20260801"
"houses for sale in sterling massachusetts","T","56","170","12","","","0.04","0.18","113","0,7,0,0,1,26,0,100,9,17,21,21","28","20260801"
"houses for sale in waterford va","T","67","170","18","","","0.14","0.3","120","65,21,81,43,100,81,43,53,12,34,65,81","7,9,21,28","20260801"
"houses for sale in woodlawn va","T","63","170","14","","","0.06","0.26","20","33,100,100,52,100,100,100,80,52,52,80,66","28","20260801"
"houses for sale lovettsville va","T","71","170","19","","","0.32","0.47","25","28,15,35,15,28,6,18,81,23,54,66,100","28","20260801"
"houses for sale victor mt","T","58","170","12","","","0.1","0.54","110","34,65,21,65,65,100,65,65,15,65,53,21","7,9,28","20260801"
"houses for sale waterford va","T","68","170","18","","","0.28","0.36","109","100,35,35,35,12,53,35,66,35,43,53,66","7,9,21,28","20260801"
"houses in bethesda md","N","65","170","29","","","0.7","0.48","117","35,18,100,18,18,11,18,0,15,23,11,15","9,13,28","20260801"
"houses in chantilly va","N","70","170","24","","","0.49","0.46","112","34,19,80,34,80,80,100,100,80,80,80,100","7,9,13,21,28","20260801"
"houses in fairhaven for sale","T","65","170","25","","","0.07","0.27","148","0,0,0,0,0,0,0,100,0,0,0,0","9,28","20260801"
"houses in sterling va","N","70","170","29","","","0.47","0.42","117","19,53,80,80,80,80,65,80,53,80,100,80","5,7,9,28","20260801"
"kentlands md homes for sale","T","65","170","16","","","0.24","0.34","148","0,0,0,0,0,0,0,0,3,13,0,100","9,28","20260801"
"land for sale manassas va","T","52","170","12","","","0.21","0.53","108","35,35,35,35,29,29,29,43,35,18,35,18","28","20260801"
"land for sale shenandoah county va","T","52","170","9","","","0.09","0.39","107","53,65,65,42,65,80,65,80,26,65,65,80","28","20260801"
"new construction ashburn va","N","48","170","21","","","2.8","0.82","132","54,23,23,35,44,15,15,44,35,44,44,44","3,9,28","20260801"
"new construction homes in ashburn va","N","50","170","25","","","3.05","0.76","159","23,35,35,35,28,28,43,53,28,43,43,35","3,7,9,28","20260801"
"new homes chantilly va","N","52","170","17","","","2.87","0.8","20","43,43,43,43,28,43,81,100,65,53,43,43","3,9,13,28","20260801"
"new homes for sale in fairfield ca","N","49","170","23","","","1.13","0.57","140","52,66,100,100,66,80,100,80,80,80,80,100","9,15,21,28","20260801"
"new homes in chantilly va","N","51","170","11","","","1.89","0.64","153","43,65,53,53,43,34,81,81,53,43,65,28","9,28","20260801"
"new homes in manassas va","N","54","170","15","","","2.01","0.86","155","35,53,43,53,43,53,35,53,53,43,43,23","1,9,21,28","20260801"
"new homes manassas va","N","54","170","11","","","1.71","0.84","130","53,80,53,53,65,53,53,65,42,65,42,65","1,9,28","20260801"
"new homes winchester","N","42","170","24","","","2.73","0.84","119","19,23,23,19,23,19,19,19,19,23,23,23","3,9,20,28","20260801"
"new homes woodbridge va","N","52","170","12","","","1.72","0.8","137","43,100,43,65,53,28,53,53,65,53,43,65","3,9,28","20260801"
"nursing homes in silver spring md","N","28","170","29","","","5.2","0.55","133","80,80,65,80,80,53,80,65,53,53,80,53","3,6,9,28","20260801"
"old town homes for sale","T","54","170","18","","","0.22","0.36","117","65,53,80,80,100,80,53,65,53,80,80,65","9,28","20260801"
"real estate in new fairfield","N","62","170","18","","","0.04","0.29","117","0,53,42,80,65,80,53,80,65,100,80,65","3,9,28","20260801"
"real estate listings bethesda md","N","62","170","29","","","0.37","0.4","115","23,23,15,19,23,29,19,29,23,29,29,100","9,28","20260801"
"shenandoah county homes for sale","T","60","170","16","","","0.27","0.25","615","28,28,53,43,65,53,65,65,53,53,81,65","9,14,21,28","20260801"
"shenandoah county real estate","N","57","170","26","","","0.04","0.29","106","29,23,23,19,23,23,19,19,19,19,23,23","21,28","20260801"
"shenandoah land for sale","T","62","170","12","","","0.09","0.39","114","43,35,53,35,53,66,53,53,35,53,53,66","28","20260801"
"shenandoah real estate","N","55","170","24","","","0.17","0.22","115","43,53,65,43,53,43,43,34,43,65,53,53","1,9,21,28","20260801"
"sterling il homes for sale","T","55","170","21","","","0.06","0.44","98","29,15,23,29,23,15,12,10,15,15,29,23","28","20260801"
"townhomes for sale bel air md","T","62","170","14","","","0.34","0.62","108","2,1,2,1,1,2,100,0,0,0,0,1","9,28","20260801"
"townhomes for sale woodbridge va","I,T","56","170","20","","","0.5","0.59","112","19,65,53,65,53,53,65,65,100,53,42,42","6,9,28","20260801"
"townhouse for sale in alexandria va","T","60","170","29","","","0.84","0.56","111","29,22,18,14,66,14,29,29,35,66,66,43","9,15,21,28","20260801"
"townhouses for sale in alexandria va","T","61","170","29","","","1.93","0.58","99","43,43,22,18,35,35,35,22,29,35,35,35","9,21,28","20260801"
"22152 homes for sale","T","64","140","24","","","0.49","0.41","105","66,66,66,52,52,42,33,42,80,66,52,100","28","20260801"
"22310 homes for sale","T","64","140","28","","","0.09","0.46","104","42,53,42,34,42,34,80,100,53,26,42,53","15,28","20260801"
"alexandria la real estate listings","N","50","140","26","","","0.42","0.32","114","53,34,34,21,34,28,28,65,43,28,28,28","28","20260801"
"baltimore row houses for sale","T","52","140","25","","","0.18","0.31","139","34,53,80,65,34,53,53,42,42,53,53,53","9,21,28","20260801"
"bel air md townhomes for sale","T","62","140","13","","","0.34","0.62","87","0,0,2,0,2,3,100,3,2,3,5,3","9,28","20260801"
"bristow va real estate","N","68","140","21","","","0.33","0.31","116","10,10,12,7,7,5,5,5,2,100,12,15","7,9,21,28","20260801"
"broad & washington reviews","N","31","140","18","","","0","0.02","108","42,42,53,34,19,15,15,53,100,65,65,42","3,6,7,9,28","20260801"
"casas de venta en fort washington maryland","N","67","140","20","","","0.03","0.22","101","28,23,17,35,43,43,43,53,43,43,43,35","9,28,49","20260801"
"casas de venta en haverhill ma","N","59","140","13","","","0.04","0.28","106","11,15,28,18,44,35,35,28,11,18,28,44","7,9,28,50","20260801"
"casas en venta en gaithersburg md","N","66","140","28","","","1.09","0.29","120","19,19,15,15,15,9,9,12,19,29,23,29","9,28","20260801"
"casas en venta en maryland baratas","N","53","140","20","","","0.27","0.28","135","15,23,18,23,23,23,23,35,23,28,28,28","7,9,28","20260801"
"chantilly condos for sale","T","51","140","14","","","0.47","0.56","111","28,28,100,28,28,34,43,65,21,34,21,21","7,9,28","20260801"
"chantilly va real estate","N","72","140","27","","","0.37","0.33","125","29,29,35,29,18,22,22,22,18,29,22,29","7,9,28","20260801"
"chesapeake city houses for sale","T","67","140","18","","","0.08","0.36","142","43,10,29,18,29,29,29,22,18,35,18,18","7,9,28","20260801"
"churchville pa homes for sale","T","60","140","14","","","0.05","0.21","134","18,35,22,29,35,35,22,10,54,43,35,100","9,28","20260801"
"clarke county va real estate","N","63","140","18","","","0.17","0.35","109","29,29,43,43,43,35,22,29,29,18,22,35","7,9,28","20260801"
"clarksburg md homes for sale","T","66","140","22","","","0.41","0.44","113","14,21,7,14,9,7,9,39,9,11,26,26","1,7,9,28","20260801"
"clarksburg village townhomes for sale","T","51","140","11","","","0.43","0.49","34","53,26,26,42,53,65,26,34,42,80,100,100","28","20260801"
"condominiums for sale in fairfield ct","T","52","140","10","","","0.09","0.31","101","54,10,29,29,18,22,18,35,35,43,35,29","7,9,28","20260801"
"condos for sale in fairhaven ma","T","52","140","0","","","0.16","0.31","114","66,80,52,66,80,66,42,42,42,52,42,66","7,28","20260801"
"fairfax city condos","N","56","140","19","","","0.5","0.43","63","100,43,34,43,53,12,21,65,53,81,34,9","1,21,28","20260801"
"fairfax va house for sale","T","86","140","29","","","0.51","0.43","142","12,5,10,15,19,19,19,23,15,23,23,29","9,28","20260801"
"fairfax vt homes for sale","T","67","140","12","","","0.16","0.24","109","35,53,12,2,28,35,43,0,66,82,82,100","7,28","20260801"
"fairfield county ct real estate","N","55","140","27","","","0.42","0.19","154","23,53,17,35,35,23,82,43,43,28,43,53","9,28","20260801"
"for sale warrenton va","T","65","140","29","","","0.37","0.41","118","52,66,66,52,66,52,33,66,66,100,80,80","7,9,28","20260801"
"fort washington houses for sale","T","60","140","26","","","0.23","0.46","134","81,34,12,9,28,43,53,43,0,65,81,43","9,28","20260801"
"fredericksburg new homes","N","45","140","9","","","2.77","0.78","133","52,100,66,52,42,66,33,66,66,80,66,100","1,9,28","20260801"
"frostburg real estate","N","63","140","20","","","0.16","0.23","107","3,4,7,3,5,5,5,3,3,3,4,4","9,28","20260801"
"great falls va real estate","N","73","140","23","","","0.12","0.47","130","29,29,43,35,22,29,22,22,18,22,22,22","6,7,9,28","20260801"
"harpers ferry homes","N","59","140","17","","","0.42","0.53","138","52,82,82,52,64,64,64,82,82,64,64,100","9,13,28","20260801"
"harpers ferry west virginia homes for sale","T","66","140","14","","","0.19","0.5","113","15,8,28,28,11,35,18,15,15,28,100,28","9,15,21,28","20260801"
"haverhill houses for sale","T","58","140","21","","","0.27","0.42","107","3,3,3,8,4,4,2,8,0,45,4,100","28","20260801"
"home for sale in rockville md","T","66","140","29","","","0.49","0.53","144","8,29,4,29,100,14,14,18,18,29,29,35","9,28","20260801"
"homes for sale 20901","T","59","140","23","","","0.07","0.3","105","34,42,53,34,53,65,65,65,65,80,65,53","7,28","20260801"
"homes for sale 21014","T","58","140","23","","","0.09","0.29","107","43,43,43,43,43,43,34,43,34,43,43,53","9,28","20260801"
"homes for sale 22030 zip code","T","69","140","16","","","0.42","0.46","104","100,42,100,52,66,80,80,80,52,52,52,66","21,28","20260801"
"homes for sale 22405","T","63","140","26","","","0.47","0.45","105","28,66,23,35,35,28,23,53,43,17,35,66","28","20260801"
"homes for sale altavista va","T","63","140","20","","","0.07","0.4","106","34,53,28,53,43,28,28,21,100,34,34,43","15,28","20260801"
"homes for sale clarksburg md","T","66","140","23","","","0.24","0.43","110","15,23,23,11,18,18,44,35,5,8,100,54","9,28","20260801"
"homes for sale douglas county mn","T","52","140","15","","","0.03","0.25","104","23,35,28,6,44,23,11,18,23,28,66,66","28","20260801"
"homes for sale exmore va","T","65","140","14","","","0.13","0.39","104","66,66,66,80,52,52,33,80,52,80,100,80","9,28","20260801"
"homes for sale fairfax county va","T","79","140","22","","","0.66","0.46","127","35,29,22,22,35,18,35,18,14,43,29,35","9,28","20260801"
"homes for sale fairfax station va","T","79","140","18","","","0.28","0.47","111","26,80,65,42,34,42,42,53,34,100,100,53","9,28","20260801"
"homes for sale fort washington pa","T","60","140","12","","","0.09","0.24","108","7,65,42,34,42,53,80,42,7,100,100,100","9,28","20260801"
"homes for sale greenbackville va","T","65","140","21","","","0.07","0.4","107","53,53,53,53,28,23,17,35,35,23,23,43","9,13,28","20260801"
"homes for sale in alexandria louisiana","T","51","140","26","","","0.16","0.39","105","81,100,34,65,15,21,3,0,6,6,9,3","7,28","20260801"
"homes for sale in baltimore md 21218","T","61","140","21","","","0.13","0.46","117","82,52,41,64,100,100,82,82,64,82,82,100","7,9,28","20260801"
"homes for sale in chantilly","T","60","140","27","","","0.35","0.45","134","17,23,28,35,43,43,53,17,100,35,53,23","7,9,28","20260801"
"homes for sale in exmore va","T","65","140","11","","","0.13","0.39","116","52,66,66,66,100,52,33,80,52,52,100,80","9,28","20260801"
"homes for sale in fairfield county","T","58","140","25","","","0.38","0.29","123","53,17,35,28,28,28,28,23,100,28,53,43","9,28","20260801"
"homes for sale in heritage hunt gainesville va","T","56","140","18","","","0.27","0.37","124","34,43,21,34,43,43,34,65,43,65,65,100","7,9,21,28","20260801"
"homes for sale in hopewell nj","T","60","140","20","","","0.08","0.42","125","80,66,42,66,80,52,52,42,42,66,80,80","9,28","20260801"
"homes for sale in hopewell pa 15001","T","51","140","13","","","0.05","0.33","119","100,28,43,65,65,6,28,28,21,34,28,6","9,28","20260801"
"homes for sale in hunt texas","T","54","140","14","","","0.06","0.38","112","18,100,15,18,15,15,15,11,6,18,18,23","9,28","20260801"
"homes for sale in kentlands gaithersburg md","T","54","140","17","","","0.44","0.33","38","43,34,53,65,43,28,34,34,34,34,53,34","9,21,28","20260801"
"homes for sale in kentlands md","T","57","140","15","","","0.44","0.33","155","53,65,65,42,53,80,34,53,65,34,100,100","7,9,28","20260801"
"homes for sale in north beach md","T","62","140","13","","","0.27","0.5","118","53,66,28,53,35,17,28,35,28,43,43,23","7,9,28","20260801"
"homes for sale in orange county virginia","T","58","140","13","","","0.42","0.53","111","54,54,22,29,18,22,22,14,22,35,35,43","9,28","20260801"
"homes for sale in pound va","T","61","140","13","","","0.06","0.35","123","42,53,65,65,80,65,65,42,42,53,80,80","28","20260801"
"homes for sale in volant pa","T","63","140","14","","","0.06","0.09","155","80,65,53,65,53,65,34,65,42,34,53,80","9,28","20260801"
"homes for sale in westover md","T","64","140","13","","","0.05","0.36","127","42,100,65,65,65,53,42,53,42,42,42,53","28","20260801"
"homes for sale lexington virginia","T","66","140","26","","","0.23","0.4","105","11,15,1,35,28,18,15,100,15,18,23,23","9,28","20260801"
"homes for sale mount vernon va","T","71","140","16","","","0.41","0.41","110","52,100,66,52,66,66,52,66,33,42,52,66","9,14,15,21,28","20260801"
"homes for sale orange county va","T","63","140","13","","","0.29","0.46","109","43,54,22,29,35,29,18,14,14,22,22,29","9,28","20260801"
"homes for sale quantico va","T","65","140","16","","","1.07","0.35","107","52,80,66,80,66,52,52,66,52,66,66,80","9,21,28","20260801"
"homes for sale shenandoah valley","T","62","140","24","","","0.3","0.4","109","23,100,66,66,52,66,52,66,33,52,100,19","9,28","20260801"
"homes for sale warrenton nc","T","59","140","20","","","0.17","0.41","107","53,53,100,53,100,26,26,34,42,26,80,53","28","20260801"
"homes in bel air md for sale","T","62","140","28","","","0.47","0.47","118","0,0,0,0,0,0,0,100,0,0,0,0","7,9,21,28","20260801"
"homes in harpers ferry wv","N","67","140","16","","","0.42","0.53","100","42,100,65,65,53,53,53,53,53,42,53,65","9,13,21,28","20260801"
"hopewell nj real estate","N","63","140","22","","","0.03","0.32","114","80,100,80,80,52,52,66,52,42,52,52,80","9,28","20260801"
"hopewell ny real estate","N","55","140","22","","","0.05","0.34","109","100,53,21,34,43,34,34,43,34,81,43,43","28","20260801"
"hopewell township homes for sale","T","51","140","16","","","0.07","0.11","526","34,26,80,42,65,65,42,53,53,80,100,100","9,21,28","20260801"
"house for sale 20878","T","64","140","24","","","0.12","0.35","112","34,34,43,53,43,34,43,53,53,53,100,100","9,28","20260801"
"house for sale clarksburg md","T","66","140","19","","","0.21","0.44","109","23,43,35,35,23,17,23,23,35,28,43,66","9,14,28,49","20260801"
"house for sale in fairfax county","T","80","140","27","","","0.35","0.49","136","0,0,0,0,0,0,0,0,100,59,0,0","9,28","20260801"
"house for sale in fairfax virginia","T","86","140","29","","","0.27","0.44","134","42,23,23,66,100,100,52,80,52,66,80,80","9,15,28","20260801"
"house for sale in fairfield township ohio","T","58","140","18","","","0.23","0.43","116","19,23,15,36,23,23,9,12,12,5,15,15","9,28","20260801"
"house for sale in fredericksburg va","T","77","140","29","","","0.56","0.57","131","7,14,21,11,11,7,3,7,17,11,26,100","9,28","20260801"
"house for sale in leesburg","T","68","140","28","","","0.43","0.48","124","5,2,2,32,21,2,2,14,5,11,26,5","28","20260801"
"house for sale salem va","T","69","140","27","","","0.39","0.36","109","17,21,9,14,21,7,9,7,9,14,14,21","28","20260801"
"house for sale sterling ma","T","56","140","13","","","0.05","0.18","109","26,17,32,21,21,2,0,3,7,14,11,5","9,28","20260801"
"house sale springfield va","T","70","140","27","","","0.24","0.47","108","0,0,0,0,0,0,0,100,8,8,10,13","9,21,28","20260801"
"houses for sale 20852","T","63","140","28","","","0.2","0.43","106","82,100,82,82,82,82,82,82,64,64,82,100","28","20260801"
"houses for sale 22030","T","65","140","14","","","0.42","0.46","107","33,66,80,14,52,80,80,80,66,66,80,100","15,28","20260801"
"houses for sale bel air maryland","T","62","140","26","","","0.47","0.47","113","0,0,0,0,0,0,0,100,0,0,0,0","9,28","20260801"
"houses for sale churchville chili ny","T","52","140","16","","","0.07","0.05","10","80,53,26,34,65,34,26,80,53,80,100,100","28","20260801"
"houses for sale clarksburg md","T","65","140","24","","","0.41","0.44","112","35,14,35,10,14,14,10,66,2,10,22,43","7,9,13,28","20260801"
"houses for sale forestville ny","T","57","140","12","","","0.04","0.12","105","53,42,65,65,42,53,34,42,34,100,65,80","9,28","20260801"
"houses for sale in 22192","T","66","140","18","","","0.42","0.41","131","66,52,42,52,66,66,52,100,100,100,80,80","9,28","20260801"
"houses for sale in chantilly","T","63","140","24","","","0.3","0.44","144","9,12,15,19,23,23,2,9,4,100,29,81","7,9,28","20260801"
"houses for sale in churchville va","T","63","140","18","","","0.18","0.28","137","100,80,53,53,42,42,26,26,26,42,34,34","9,28","20260801"
"houses for sale in exmore va","T","63","140","17","","","0.13","0.39","122","100,66,42,42,80,42,33,80,52,80,100,80","7,9,28","20260801"
"houses for sale in hopewell","T","62","140","18","","","0.2","0.41","131","26,34,65,26,53,53,53,53,53,65,65,65","28","20260801"
"houses for sale in hunt county","T","51","140","13","","","0.21","0.46","163","54,22,43,29,43,22,14,29,14,22,35,43","28","20260801"
"houses for sale in occoquan va","T","65","140","16","","","0.46","0.34","38","43,43,35,28,35,43,43,43,28,28,53,35","21,28","20260801"
"houses for sale in pound va","T","64","140","13","","","0.21","0.29","125","52,66,80,66,100,80,80,52,52,66,100,100","28","20260801"
"houses for sale in quantico va","T","64","140","14","","","1.07","0.35","137","52,66,66,80,66,52,52,66,52,66,80,80","7,9,28","20260801"
"houses for sale in warrenton nc","T","58","140","20","","","0.06","0.4","113","23,53,35,28,28,35,35,35,35,43,53,100","15,28","20260801"
"houses for sale stanardsville va","T","64","140","15","","","0.21","0.42","20","100,28,23,28,12,10,23,43,28,23,28,17","14,28","20260801"
"houses for sale winchester va 22601","T","65","140","21","","","0.13","0.5","109","28,100,65,3,43,43,34,43,53,53,65,81","9,28","20260801"
"houses in clarksburg md","N","63","140","19","","","0.48","0.57","110","43,21,53,34,43,43,34,34,43,34,53,53","9,28","20260801"
"houses in gaithersburg","N","66","140","26","","","0.46","0.51","108","26,42,42,42,42,42,42,42,42,65,53,65","9,21,28","20260801"
"houses in gaithersburg md","N","64","140","23","","","0.34","0.49","110","9,53,81,43,34,28,34,43,65,65,65,81","9,28","20260801"
"houses in harpers ferry wv","N","62","140","16","","","0.42","0.53","116","33,80,80,52,52,52,52,66,66,52,52,66","9,21,28","20260801"
"houses in manassas","N","70","140","29","","","0.61","0.53","105","66,18,29,43,10,6,10,10,4,29,29,4","9,15,28","20260801"
"kentlands homes for sale","T","51","140","16","","","0.44","0.33","107","53,34,53,43,81,28,34,34,34,34,53,43","9,28","20260801"
"kentlands houses for sale","T","52","140","10","","","0.44","0.33","57","34,34,53,34,34,28,21,43,28,28,53,43","9,28","20260801"
"land for sale alexandria va","T","61","140","13","","","0.22","0.47","106","66,66,66,80,52,66,66,52,42,52,52,52","28","20260801"
"land for sale harpers ferry wv","T","53","140","10","","","0.14","0.34","104","64,82,82,82,64,82,82,82,82,82,82,100","7,28","20260801"
"leesburg condos for sale","T","48","140","16","","","0.39","0.45","105","53,43,65,28,34,34,21,65,43,65,53,53","7,28","20260801"
"leesburg townhomes for sale","T","48","140","14","","","0.47","0.42","109","80,53,42,53,42,19,34,100,53,100,80,80","28","20260801"
"new construction manassas va","N","55","140","21","","","1.71","0.84","129","66,100,42,52,80,33,42,66,52,52,42,66","3,9,28","20260801"
"new construction winchester va","N","46","140","17","","","2.32","0.87","131","53,53,43,23,43,28,23,17,17,28,23,17","3,7,9,21,28","20260801"
"new construction woodbridge va","N","51","140","18","","","1.72","0.8","133","53,34,28,65,43,28,28,34,28,43,34,34","3,9,15,21,28","20260801"
"new homes in fredericksburg","N","43","140","13","","","2.77","0.78","132","53,53,43,35,28,35,23,43,35,43,43,66","3,9,28","20260801"
"new homes in manassas","N","53","140","17","","","2.01","0.86","131","100,100,52,66,66,52,52,80,52,66,80,66","3,9,28","20260801"
"new housing developments winchester","N","37","140","20","","","2.76","0.88","143","14,14,7,11,14,17,14,17,14,21,21,17","3,9,28,50","20260801"
"norton va homes for sale","T","64","140","23","","","0.25","0.38","109","53,65,65,53,34,26,42,42,34,42,65,80","9,28","20260801"
"on st elmo bethesda","I,T","27","140","29","","","0","0.33","107","34,65,53,53,65,80,100,80,53,42,34,53","1,6,7,9,21,28","20260801"
"orange county va property search","C,T","47","140","22","","","0","0.06","141","26,65,80,65,42,42,26,26,26,100,53,65","21,28","20260801"
"property for sale bethesda","T","65","140","29","","","0.4","0.38","109","42,34,26,42,53,53,53,65,42,53,80,100","28","20260801"
"real estate fair haven","N","54","140","28","","","0.05","0.26","127","43,43,21,34,43,43,43,43,34,43,53,43","3,9,28","20260801"
"real estate harpers ferry wv","N","63","140","14","","","0.13","0.44","124","3,53,53,65,28,34,34,43,43,34,53,65","9,28","20260801"
"real estate shenandoah county va","N","64","140","13","","","0.04","0.29","112","43,43,34,28,21,65,43,65,28,21,28,65","9,28","20260801"
"real estate sterling il","N","48","140","19","","","0.61","0.19","108","80,53,26,42,26,26,26,42,53,100,100,53","3,28","20260801"
"realtor new fairfield ct","I,T","55","140","29","","","0.04","0.31","108","41,82,100,64,64,82,52,100,64,64,82,100","1,6,7,28","20260801"
"shenandoah county land for sale","T","47","140","9","","","0.09","0.39","110","42,100,52,52,52,66,80,80,52,52,80,66","28","20260801"
"shenandoah county va real estate","N","62","140","18","","","0.04","0.29","107","22,22,14,29,22,43,29,43,22,18,14,35","28","20260801"
"shenandoah houses for sale","T","61","140","22","","","0.4","0.4","107","53,82,28,17,35,23,17,17,17,12,43,53","9,28","20260801"
"shenandoah va real estate","N","64","140","23","","","0.23","0.26","20","80,66,80,66,100,66,66,52,52,80,80,80","9,28","20260801"
"shenandoah valley homes for sale","T","62","140","24","","","0.3","0.4","133","34,65,53,42,65,42,42,53,42,42,100,65","9,21,28","20260801"
"single family homes for sale in clarksburg md","T","58","140","13","","","0.49","0.33","37","34,53,53,53,65,43,43,21,21,34,43,43","28","20260801"
"single family homes for sale in fairfax va","T","73","140","13","","","0.49","0.19","105","34,28,43,43,43,28,34,34,28,34,81,100","9,28","20260801"
"single family homes for sale in manassas va","T","66","140","19","","","0.45","0.5","101","29,35,35,22,29,22,22,29,29,35,43,43","9,28","20260801"
"single homes for sale in silver spring md","T","59","140","27","","","0.23","0.36","92","43,43,65,34,28,34,0,34,34,53,34,43","6,9,28","20260801"
"single house for sale in manassas va","T","69","140","24","","","0.45","0.5","89","41,52,100,41,64,64,64,82,82,100,100,100","9,28","20260801"
"single house for sale in silver spring md","T","62","140","28","","","0.34","0.31","88","53,43,34,43,34,28,28,28,28,28,21,15","9,15,28","20260801"
"townhouse for sale in springfield va","T","61","140","16","","","0.41","0.49","110","53,53,65,43,34,53,43,43,34,53,65,81","28","20260801"
"townhouse for sale silver spring","T","58","140","14","","","0.51","0.53","107","23,29,15,19,19,23,23,23,15,15,23,29","28","20260801"
"warrenton mo homes for sale","T","53","140","14","","","0.08","0.51","104","53,82,17,53,28,28,28,23,23,28,43,53","9,28","20260801"
"west springfield va homes for sale","T","67","140","16","","","0.13","0.52","111","80,53,100,65,65,19,19,19,19,15,34,15","9,15,28","20260801"
"20148 homes for sale","T","66","110","28","","","1.52","0.47","114","34,42,42,42,42,42,34,42,34,34,53,53","9,28","20260801"
"20852 homes for sale","T","58","110","22","","","0.42","0.43","105","66,66,66,52,52,66,66,52,42,42,52,66","28","20260801"
"20878 homes for sale","T","58","110","22","","","0.45","0.34","10","23,52,42,80,80,66,42,23,52,42,100,100","14,28","20260801"
"20904 homes for sale","T","66","110","27","","","1.02","0.36","107","34,28,34,28,43,34,34,53,34,34,53,100","9,28","20260801"
"22192 homes for sale","T","60","110","22","","","0.42","0.41","106","17,43,43,17,12,28,28,43,23,23,23,17","9,14,15,28","20260801"
"22315 homes for sale","T","60","110","25","","","1.53","0.33","106","42,34,42,42,42,42,34,53,26,34,42,80","7,9,28","20260801"
"alexan florence reviews","N","36","110","22","","","2.6","0.1","109","100,64,100,78,50,78,78,64,78,50,64,64","1,6,7,9,21,28,50","20260801"
"ashburn va new construction","N","47","110","22","","","3.05","0.76","134","9,66,52,52,42,66,100,66,52,80,80,80","3,9,28","20260801"
"bel air mansions for sale","T","46","110","15","","","0.31","0.32","159","15,18,18,15,15,18,18,18,15,18,18,18","7,9,20,28","20260801"
"bel air md homes","N","57","110","27","","","0.48","0.38","132","52,52,66,33,42,42,52,42,42,100,42,23","9,28","20260801"
"bethesda md 20816","N","48","110","29","","","0","0.04","104","52,52,33,66,52,52,33,52,42,66,52,52","21,28","20260801"
"casas de venta en fredericksburg va","N","74","110","26","","","0.09","0.38","121","12,10,7,10,15,19,12,12,12,19,19,12","9,28","20260801"
"casas de venta en gaithersburg md","N","71","110","27","","","0.18","0.26","132","11,9,9,11,17,5,9,11,11,17,14,9","9,28","20260801"
"casas de venta en sterling va","N","70","110","27","","","0.05","0.27","118","6,6,8,8,8,3,5,8,8,16,13,10","7,9,28","20260801"
"casas de venta en warrenton va","N","69","110","26","","","0.22","0.19","119","17,23,28,35,35,28,23,28,35,28,28,43","7,9,28","20260801"
"casas en venta en fairfax va","N","75","110","29","","","0.23","0.3","120","33,52,66,42,33,42,52,66,33,33,42,33","9,28","20260801"
"casas en venta en falls church va","N","66","110","22","","","0.28","0.37","116","34,53,80,42,34,34,26,26,26,26,34,34","9","20260801"
"casas en venta en haverhill ma","N","59","110","13","","","0.05","0.24","108","14,18,22,22,22,22,18,18,14,29,43,35","7,9,28","20260801"
"casas en venta manassas","N","65","110","28","","","0.11","0.48","116","65,53,100,53,34,53,42,53,42,3,42,42","9,28","20260801"
"chesapeake beach md homes for sale","T","63","110","23","","","0.35","0.42","107","34,43,43,28,21,21,12,21,28,43,65,65","9,21,28","20260801"
"chesapeake city md real estate","N","63","110","16","","","0.1","0.39","20","35,35,53,28,28,23,23,17,17,23,23,28","28","20260801"
"chesapeake city real estate","N","61","110","24","","","0.1","0.39","124","43,34,53,34,43,28,28,21,21,21,28,43","9,28","20260801"
"cheverly homes for sale","T","61","110","14","","","0.23","0.47","111","43,43,34,43,43,28,21,21,28,28,28,43","9,28","20260801"
"churchville chili homes for sale","T","55","110","19","","","0.05","0.09","10","100,66,33,52,66,42,33,33,23,52,42,23","21,28","20260801"
"city of salem va real estate","T","60","110","26","","","0.42","0.37","108","43,43,28,28,53,28,21,28,28,28,21,15","28","20260801"
"clarksburg townhomes for sale","T","51","110","13","","","0.43","0.49","108","52,42,52,66,42,66,42,42,52,80,100,100","21,28","20260801"
"condominiums fairfax va","N","63","110","29","","","0.5","0.43","125","64,52,64,52,41,41,82,52,52,52,100,64","3,7,9,28","20260801"
"condos for sale fredericksburg va","T","62","110","11","","","0.53","0.58","107","64,82,64,100,64,100,100,100,5,5,41,5","9,28","20260801"
"condos for sale in northern va","T","59","110","21","","","0.54","0.63","103","34,53,34,34,28,28,34,28,28,34,34,34","7,9,21,28","20260801"
"condos for sale winchester va","T","59","110","14","","","0.39","0.5","108","80,100,100,52,66,66,23,4,52,0,33,33","9,28","20260801"
"cottages for sale in maryland","T","46","110","16","","","0.28","0.28","127","53,53,42,34,42,34,26,42,34,34,42,42","7,9,21,28","20260801"
"downtown frederick houses for sale","T","59","110","12","","","0.4","0.59","133","64,52,41,64,82,82,82,64,64,100,82,82","9,28","20260801"
"fairfax real estate agents","N","60","110","29","","","10.35","0.48","3950000","52,52,64,82,100,64,29,41,64,64,64,52","3,7,28,50","20260801"
"fairfax real estate assessments","C,T","49","110","20","","","0.94","0.02","98","26,42,65,42,42,26,42,26,100,34,42,42","6,9,20,28","20260801"
"fairfax va real estate agents","N","59","110","27","","","8.45","0.31","124","52,42,33,52,66,52,33,42,52,52,52,52","3,7,9,21,28","20260801"
"fairfax vermont houses for sale","T","62","110","12","","","0.16","0.24","113","0,0,0,0,0,100,0,66,0,0,1,2","28","20260801"
"fairfax vt houses for sale","T","62","110","12","","","0.16","0.24","90","2,1,2,2,2,100,15,66,1,0,1,12","7,28","20260801"
"falls church homes","N","61","110","26","","","0.45","0.39","137","100,33,52,42,100,23,33,42,33,42,19,19","7,9,21,28","20260801"
"falls church real estate taxes","C,T","39","110","18","","","0","0.01","105","52,100,52,52,64,64,64,52,52,82,64,64","7,9,21,28","20260801"
"for sale lexington va","T","67","110","26","","","0.04","0.25","111","82,64,64,52,64,52,52,52,41,64,52,52","9,28","20260801"
"fort washington pa homes for sale","T","60","110","13","","","0.09","0.24","123","19,42,19,34,34,26,34,34,53,65,65,100","28","20260801"
"gaithersburg md real estate","N","64","110","22","","","0.25","0.3","115","52,66,52,52,52,52,42,52,66,42,52,100","9,28","20260801"
"great falls homes va","N","66","110","28","","","0.42","0.29","137","0,0,29,66,100,6,22,14,18,35,14,4","5,7,9,21,28","20260801"
"harpers ferry land for sale","T","46","110","11","","","0.14","0.34","102","100,78,64,64,78,78,78,64,64,78,64,78","28","20260801"
"heritage hunt homes for sale gainesville va","T","60","110","17","","","0.27","0.59","106","35,22,22,35,22,18,14,14,18,18,22,18","7,9,21,28","20260801"
"hickory landing chesapeake","C,T","38","110","3","","","1.75","0.03","113","82,82,41,64,82,64,64,82,64,100,82,82","1,6,7,9,20,21,28","20260801"
"home for sale in havre de grace","T","62","110","23","","","0.19","0.55","134","0,0,0,0,0,0,1,0,100,1,16,0","9,28","20260801"
"home for sale in md 20901","T","66","110","23","","","0.07","0.3","149","33,42,52,52,52,42,33,42,42,80,52,42","7,28","20260801"
"home sale springfield va","T","70","110","22","","","0.24","0.47","110","0,0,0,0,0,0,0,100,0,0,0,100","9,15,28","20260801"
"homes for sale 21224","T","62","110","14","","","0.07","0.43","108","34,53,42,42,42,34,34,42,42,53,65,65","28","20260801"
"homes for sale 22030","T","67","110","22","","","0.42","0.46","109","42,42,34,34,34,53,65,80,26,65,34,34","7,28","20260801"
"homes for sale 22406","T","64","110","28","","","0.51","0.59","107","43,43,28,34,34,53,34,34,34,34,43,43","9,28","20260801"
"homes for sale 22408","T","64","110","18","","","0.54","0.46","108","26,42,34,26,26,34,26,42,65,53,42,42","9,28","20260801"
"homes for sale alexandria va 22309","T","69","110","20","","","0.59","0.57","108","26,4,0,0,0,0,0,2,0,0,0,1","28","20260801"
"homes for sale bristow ok","T","55","110","28","","","0.36","0.44","108","82,82,64,64,100,64,64,52,64,23,52,64","9,21,28","20260801"
"homes for sale buchanan va","T","66","110","17","","","0.21","0.38","106","100,82,29,82,64,52,64,41,52,64,82,64","9,13,28","20260801"
"homes for sale chesapeake city md","T","64","110","20","","","0.08","0.36","105","5,53,5,35,35,23,28,17,12,17,100,28","7,9,28","20260801"
"homes for sale cheverly md","T","64","110","12","","","0.23","0.47","113","19,33,52,42,33,23,33,80,66,66,100,80","9,28","20260801"
"homes for sale churchville pa","T","62","110","13","","","0.04","0.16","109","29,35,22,22,29,22,18,18,4,29,29,22","9,28","20260801"
"homes for sale clarke county va","T","67","110","16","","","0.1","0.43","106","65,53,15,34,34,28,28,28,28,34,34,43","9,21,28","20260801"
"homes for sale hamilton va","T","70","110","17","","","0.09","0.34","105","52,80,100,66,66,52,33,42,42,52,42,52","7,9,28","20260801"
"homes for sale harpers ferry west virginia","T","66","110","14","","","0.37","0.49","43","0,65,3,43,53,34,34,0,28,43,43,43","9,28","20260801"
"homes for sale havre de grace","T","58","110","22","","","0.21","0.53","115","26,19,19,34,34,53,42,100,19,53,100,65","9,28","20260801"
"homes for sale hunt valley md","T","65","110","13","","","0.14","0.42","111","21,65,28,43,3,34,34,81,34,21,43,65","9,28","20260801"
"homes for sale huntingdon valley pa","T","62","110","10","","","0.2","0.4","20","18,23,18,6,28,11,0,3,28,35,28,100","21,28","20260801"
"homes for sale in 20902","T","59","110","21","","","0.43","0.27","91","15,28,15,21,15,21,21,81,34,43,81,34","28","20260801"
"homes for sale in 20910 zip code","T","60","110","23","","","0.44","0.49","167","64,41,29,41,41,52,64,82,64,82,82,64","28","20260801"
"homes for sale in baltimore 21215","T","64","110","29","","","0.14","0.42","41","65,53,26,42,65,15,26,65,42,65,34,7","21,28","20260801"
"homes for sale in baltimore md 21215","T","61","110","21","","","0.14","0.42","88","43,43,21,34,28,15,21,53,34,43,43,43","28","20260801"
"homes for sale in baltimore md 21224","T","63","110","16","","","0.07","0.43","109","41,41,52,41,64,52,52,64,64,82,100,82","28","20260801"
"homes for sale in basye va","T","65","110","13","","","0.34","0.39","128","23,100,80,42,4,42,33,100,52,9,33,100","7,9,15,28","20260801"
"homes for sale in bradford ma","T","65","110","17","","","0.04","0.41","132","42,34,42,53,65,53,42,19,34,19,42,26","28","20260801"
"homes for sale in clarksburg west virginia","T","61","110","14","","","0.42","0.47","100","23,52,41,100,100,64,82,52,52,82,64,100","9,28","20260801"
"homes for sale in fair haven ny","T","62","110","13","","","0.06","0.16","115","52,100,80,80,52,52,42,52,42,52,80,100","28","20260801"
"homes for sale in fairfield township ohio","T","57","110","18","","","0.23","0.43","115","21,34,65,28,43,21,28,21,28,21,34,100","9","20260801"
"homes for sale in forestville","T","60","110","21","","","0.36","0.48","122","21,43,34,28,21,21,15,65,21,28,100,28","28","20260801"
"homes for sale in harpers ferry west virginia","T","66","110","13","","","0.37","0.49","20","34,53,100,65,65,34,34,26,34,34,53,42","28","20260801"
"homes for sale in hopewell jct ny","T","62","110","23","","","0.1","0.4","103","1,2,2,2,2,0,0,100,0,0,5,8","9,21,28","20260801"
"homes for sale in hunt county tx","T","55","110","13","","","0.21","0.46","99","41,52,64,52,52,41,52,52,52,52,100,64","28","20260801"
"homes for sale in hunt valley md","T","62","110","13","","","0.17","0.4","151","42,26,42,34,34,42,26,80,19,65,42,100","9,28","20260801"
"homes for sale in orange virginia","T","64","110","22","","","0.44","0.57","117","1,19,29,4,15,12,6,1,0,100,9,12","9,28","20260801"
"homes for sale in waterford va","T","64","110","19","","","0.14","0.3","120","100,82,41,64,82,100,41,5,29,64,82,52","7,9,21,28","20260801"
"homes for sale new fairfield","T","62","110","20","","","0.05","0.35","114","2,0,1,2,0,3,0,100,0,8,5,8","9,21,28","20260801"
"homes for sale occoquan","T","63","110","19","","","0.46","0.34","111","17,28,28,17,28,23,17,28,23,23,28,28","7,9,21,28","20260801"
"homes for sale shenandoah va","T","68","110","20","","","0.2","0.41","109","15,43,6,15,34,28,28,21,21,100,34,34","9,13,28","20260801"
"homes for sale verona va","T","65","110","22","","","0.33","0.29","107","23,42,52,66,66,52,42,33,52,66,100,66","7,9,28","20260801"
"homes for sale warrenton or","T","53","110","17","","","0.19","0.46","107","6,29,2,14,29,14,14,100,18,8,14,22","28","20260801"
"homes harpers ferry","N","57","110","20","","","0.42","0.53","126","52,64,100,82,52,64,64,64,64,64,64,82","3,9,28","20260801"
"homes in bel air md","N","61","110","29","","","0.47","0.31","131","42,53,42,53,53,42,34,53,65,53,53,80","9,21,28","20260801"
"homes in clarksburg md","N","64","110","20","","","0.48","0.57","111","66,66,42,42,66,52,42,52,52,52,66,66","9,28","20260801"
"homes in huntingdon valley pa for sale","T","65","110","11","","","0.2","0.4","110","0,0,0,0,0,0,0,0,0,0,100,0","28","20260801"
"homes in springfield va","N","71","110","27","","","2.26","0.46","111","33,80,52,52,42,52,80,52,52,42,42,100","7,9,28","20260801"
"homes sale front royal va","T","62","110","26","","","0","0","96","0,0,0,0,0,0,0,100,0,0,0,0","9,21,28","20260801"
"homes salem va","N","63","110","23","","","0.33","0.37","111","34,34,34,21,34,28,34,34,34,53,65,65","9,28","20260801"
"hopewell nj realty","N","62","110","21","","","0.04","0.28","120","100,64,50,78,78,64,50,78,50,78,78,100","3,9,21,28","20260801"
"hopewell real estate","N","55","110","23","","","0.26","0.36","129","11,15,18,15,18,18,11,23,15,15,28,28","7,9,28","20260801"
"hopewell va real estate","N","64","110","20","","","0.26","0.36","10","18,18,23,23,23,18,11,23,15,15,23,28","28","20260801"
"house for sale 20902","T","60","110","26","","","0.07","0.23","107","100,42,26,53,65,26,26,42,34,42,26,26","9,15,28","20260801"
"house for sale bel air md","T","62","110","28","","","0.47","0.5","117","15,23,23,19,9,6,19,23,19,4,15,29","9,13,28","20260801"
"house for sale bethesda md","T","70","110","29","","","0.36","0.5","108","35,6,18,23,28,15,35,8,8,11,8,1","9,15,28","20260801"
"house for sale clarksburg wv","T","60","110","16","","","0.21","0.46","115","12,53,10,35,35,0,2,100,23,43,28,43","9,28","20260801"
"house for sale fairfield township","T","57","110","14","","","0.18","0.43","104","10,22,18,22,18,29,29,35,22,22,43,29","28","20260801"
"house for sale fort washington md","T","66","110","26","","","0.23","0.46","113","12,12,2,6,9,9,29,23,23,9,6,100","9,28","20260801"
"house for sale hopewell junction ny","T","58","110","21","","","0.1","0.4","108","26,34,19,26,53,65,53,53,19,42,65,100","9,28","20260801"
"house for sale in hopewell va","T","65","110","18","","","0.23","0.47","100","15,34,26,42,65,53,53,42,42,53,53,53","9,21,28","20260801"
"house for sale in northern virginia","T","66","110","28","","","0.47","0.63","168","2,4,81,2,6,2,100,0,0,0,43,8","9,28","20260801"
"house for sale in warrenton va","T","64","110","26","","","0.42","0.5","20","4,29,6,2,18,14,22,100,18,14,18,35","28","20260801"
"house sale in clarksburg md","T","63","110","17","","","0.41","0.44","111","66,43,28,35,28,23,17,12,12,23,17,23","9,15,28","20260801"
"house sale in springfield va","T","70","110","26","","","0.24","0.47","123","0,0,0,0,0,0,0,100,0,0,45,0","7,9,21,28","20260801"
"houses for sale 20850","T","59","110","26","","","0.52","0.33","36","33,80,80,52,52,33,33,80,42,52,52,80","28","20260801"
"houses for sale 21014","T","57","110","22","","","0.09","0.29","109","66,52,66,52,66,66,42,52,52,66,52,80","14,15,28","20260801"
"houses for sale 22306","T","64","110","14","","","1.53","0.41","106","66,80,52,42,66,42,33,66,52,52,52,100","9,14,28","20260801"
"houses for sale 22405","T","64","110","18","","","0.47","0.45","107","42,80,42,52,66,42,42,100,80,33,52,100","28","20260801"
"houses for sale 22407","T","64","110","18","","","0.5","0.49","110","82,64,52,52,82,52,41,41,41,64,52,41","9,28","20260801"
"houses for sale bristow va","T","70","110","21","","","0.38","0.39","114","5,29,1,19,10,7,5,12,7,15,29,100","9,28","20260801"
"houses for sale fairfield county","T","64","110","28","","","0.23","0.34","112","35,35,35,35,23,23,17,28,23,28,17,12","9,28","20260801"
"houses for sale great falls va","T","71","110","22","","","0.21","0.47","129","80,53,15,34,80,42,3,0,26,15,26,15","9,28","20260801"
"houses for sale haverhill","T","62","110","17","","","0.15","0.42","109","1,1,1,2,1,1,1,0,1,62,3,100","28","20260801"
"houses for sale hopewell ny","T","62","110","21","","","0.1","0.4","106","0,5,0,2,1,0,0,100,0,0,3,3","9,28","20260801"
"houses for sale hopewell pa","T","57","110","14","","","0.05","0.26","105","29,22,35,14,18,14,22,10,22,22,35,29","28","20260801"
"houses for sale hopewell va","T","66","110","18","","","0.23","0.47","106","12,82,53,17,23,66,17,23,12,23,17,35","9,28","20260801"
"houses for sale in basye va","T","61","110","13","","","0.14","0.34","129","26,34,53,34,65,34,26,42,34,42,34,34","7,9,28","20260801"
"houses for sale in churchville new york","T","53","110","11","","","0.04","0.19","102","0,0,0,0,0,0,0,100,100,0,0,1","9,28","20260801"
"houses for sale in churchville ny","T","58","110","13","","","0.04","0.19","103","23,23,12,17,35,17,17,5,43,66,53,53","9,28","20260801"
"houses for sale in douglas county mn","T","53","110","13","","","0.03","0.24","134","12,21,21,21,34,21,34,34,53,53,81,65","28","20260801"
"houses for sale in fairfax county va","T","81","110","24","","","0.35","0.49","146","12,29,12,12,9,6,6,29,5,1,4,100","9,21","20260801"
"houses for sale in hamilton va","T","69","110","16","","","0.09","0.34","122","33,66,52,66,42,33,42,42,80,80,66,100","7,9,21,28","20260801"
"houses for sale in hopewell junction ny 12533","T","62","110","20","","","0.1","0.4","97","0,0,0,2,0,0,0,8,100,0,0,0","28","20260801"
"houses for sale in mount vernon va","T","67","110","15","","","0.41","0.41","118","64,82,82,64,82,52,52,82,41,64,64,82","7,9,21,28","20260801"
"houses for sale in riga ny","T","49","110","13","","","0.09","0.08","34","64,52,82,64,29,41,23,64,64,100,100,100","28","20260801"
"houses for sale in salem virginia","T","62","110","29","","","0.21","0.37","91","12,15,19,12,12,9,12,12,19,15,19,19","21,28","20260801"
"houses for sale in shenandoah county va","T","64","110","13","","","0.1","0.48","108","23,23,15,18,15,18,8,15,18,18,18,18","9,28","20260801"
"houses for sale in west springfield va","T","64","110","16","","","0.33","0.35","39","82,82,100,82,64,64,64,41,41,41,64,52","7,9,28","20260801"
"houses for sale in westover md","T","62","110","11","","","0.05","0.36","134","52,66,52,52,33,23,33,66,52,52,52,52","28","20260801"
"houses for sale in winchester virginia","T","63","110","26","","","0.36","0.51","118","12,15,19,4,23,10,2,2,10,15,15,19","9","20260801"
"houses for sale leesburg al","T","55","110","13","","","0.07","0.4","108","53,43,34,100,15,15,15,12,9,15,15,12","28","20260801"
"houses for sale orange county va","T","62","110","13","","","0.42","0.53","108","29,41,41,82,82,64,52,52,52,82,100,100","28","20260801"
"houses in fort washington md","N","61","110","29","","","0.45","0.49","108","28,28,28,23,28,23,17,23,23,28,23,17","9,21,28","20260801"
"houses in havre de grace md","N","54","110","23","","","0.27","0.58","137","64,5,29,52,52,64,64,64,64,100,100,41","7,9,28","20260801"
"houses on sale in springfield va","T","70","110","21","","","0.24","0.47","115","0,0,0,0,0,0,0,100,0,0,0,0","7,9,28","20260801"
"keffer realty chesapeake","C,T","45","110","25","","","1.6","0.06","114","43,43,34,28,34,34,21,34,28,34,28,28","1,6,7,28","20260801"
"land for sale in fairfax va","T","66","110","10","","","0.27","0.54","96","33,23,80,42,66,42,42,80,52,33,9,100","28","20260801"
"land for sale in shenandoah county va","T","52","110","6","","","0.09","0.39","108","42,65,34,42,42,53,42,80,34,34,34,80","28,49","20260801"
"land for sale lexington va","T","63","110","24","","","0.1","0.37","84","64,52,64,82,82,64,41,41,52,64,52,64","9,21,28","20260801"
"land for sale warrenton va","T","50","110","11","","","0.19","0.49","111","64,64,64,64,82,82,64,64,52,64,64,64","7,9,28","20260801"
"lovettsville va homes for sale","T","75","110","13","","","0.11","0.43","117","0,100,9,42,23,52,66,33,4,80,33,80","7,9,28","20260801"
"m d properties","N","36","110","17","","","3.86","0.02","110","0,3,0,3,53,65,65,53,65,65,81,21","1,7,28","20260801"
"manassas park houses for sale","T","62","110","25","","","0.46","0.5","114","53,53,65,42,42,34,34,34,19,26,53,53","28","20260801"
"merrill house apartments reviews","N","35","110","11","","","0","0.01","108","64,82,41,41,41,82,82,64,82,100,64,52","1,6,7,9,13,21,28","20260801"
"new construction homes in manassas va","N","54","110","19","","","2.25","0.74","134","7,53,53,53,42,100,42,34,7,19,7,19","3,9,28","20260801"
"new homes in bethesda md","N","49","110","13","","","1.48","0.56","19200000","33,52,52,52,23,33,52,100,42,80,66,80","9,13,28","20260801"
"new homes in bristow va","N","53","110","12","","","1.65","0.78","136","52,64,82,100,100,64,41,52,29,64,29,11","3,7,9,28","20260801"
"new homes winchester va","N","51","110","12","","","2.27","0.74","135","42,42,53,42,42,42,26,34,65,26,26,65","3,9,21,28","20260801"
"new houses in ashburn va","N","49","110","20","","","3.05","0.76","145","35,29,22,43,43,10,14,14,14,18,14,10","7,9,28","20260801"
"new houses in woodbridge va","N","55","110","8","","","1.87","0.86","147","53,34,34,65,53,15,28,28,21,43,21,21","9,21,28","20260801"
"new townhomes in woodbridge va","N","51","110","23","","","1.87","0.86","157","35,22,18,43,35,10,18,18,18,29,14,22","3,9,20,28","20260801"
"old town alexandria homes","N","56","110","27","","","0.59","0.39","130","52,52,42,52,66,42,42,52,42,52,52,42","5,9,21,28","20260801"
"orange va homes for sale","T","67","110","27","","","0.34","0.52","108","12,43,28,28,28,43,23,17,12,35,28,35","9,21,28","20260801"
"orange va real estate","N","66","110","25","","","0.15","0.42","107","42,53,42,53,42,34,42,26,42,42,53,53","9,28","20260801"
"quantico homes for sale","T","60","110","16","","","1.59","0.34","109","41,64,52,64,64,41,64,64,52,64,64,64","9,21,28","20260801"
"real estate agencies in alexandria mn","N","39","110","15","","","2.53","0.53","140","65,53,26,42,65,42,26,26,26,42,34,26","3,7,21,28","20260801"
"real estate agent fairfax","N","63","110","23","","","10.35","0.48","10","5,4,5,5,8,5,3,4,5,5,5,5","3,7,21,28","20260801"
"real estate alexandria va 22314","N","72","110","28","","","0.16","0.23","121","81,100,100,100,100,81,81,63,63,100,100,100","3,9,28","20260801"
"real estate fairfax city va","N","79","110","20","","","0.42","0.33","20","65,34,34,53,43,21,12,28,12,21,21,15","3,28","20260801"
"real estate frostburg","N","64","110","20","","","0.16","0.23","38","82,100,41,64,82,23,41,52,41,64,52,11","28","20260801"
"real estate haverhill ma","N","61","110","22","","","0.26","0.38","110","53,34,42,42,53,34,7,53,34,26,26,42","3,9,28","20260801"
"real estate salem va","N","63","110","29","","","0.41","0.42","111","34,42,65,42,26,42,19,26,100,34,53,26","3,9,28","20260801"
"real estate victor","N","58","110","29","","","0.22","0.41","112","100,35,35,0,0,0,0,17,0,82,66,66","3,28","20260801"
"realtors in fairfax","N","64","110","20","","","6.04","0.81","112","19,12,6,6,19,1,9,15,12,23,23,9","3,7,9,21,28","20260801"
"shenandoah co va real estate","N","61","110","16","","","0.08","0.22","120","44,23,11,18,28,8,11,35,23,28,8,6","9,21,28","20260801"
"shenandoah county va homes for sale","T","62","110","13","","","0.04","0.26","102","1,11,11,3,11,66,8,100,0,5,15,8","9,28","20260801"
"silver spring nursing home","N","27","110","26","","","3.85","0.26","138","42,42,33,52,42,33,100,52,80,80,100,80","3,6,9,28","20260801"
"silver spring realtors","N","55","110","28","","","7.25","0.14","107","100,26,42,42,65,19,26,26,42,65,26,7","3,7,21,28","20260801"
"single family homes for sale in alexandria va","T","65","110","20","","","0.58","0.48","75","28,34,34,21,43,43,34,28,34,34,43,65","9,28","20260801"
"single family homes for sale in silver spring md","T","60","110","22","","","0.23","0.36","91","53,28,34,28,28,53,28,34,28,28,28,34","9,28","20260801"
"single family houses for sale in ashburn va","T","61","110","25","","","0.49","0.44","42","34,34,21,28,34,28,28,53,28,43,34,28","9,21,28","20260801"
"single homes for sale in alexandria va","T","63","110","19","","","0.72","0.34","101","64,41,52,41,64,82,64,52,41,64,82,82","9,21,28","20260801"
"single homes for sale in fairfax va","T","69","110","15","","","0.49","0.19","97","42,19,26,42,53,34,42,42,26,42,100,100","9,28","20260801"
"sophia bethesda reviews","N","27","110","18","","","4.89","0.12","89","64,50,78,100,64,64,64,64,64,100,100,100","6,7,9,28","20260801"
"springfield va real estate","N","69","110","25","","","0.39","0.32","119","66,66,52,52,52,52,42,42,42,52,52,42","7,9,21,28","20260801"
"sterling va real estate","N","73","110","24","","","0.42","0.48","117","82,64,52,41,64,29,100,64,41,64,41,52","9,28","20260801"
"townhomes for sale alexandria va","T","59","110","29","","","1.93","0.58","20","53,65,6,9,6,28,28,21,34,34,65,43","9,21,28","20260801"
"townhomes for sale in clarksburg md","T","50","110","13","","","0.32","0.52","123","23,23,43,35,43,35,12,17,23,28,43,43","28","20260801"
"townhouse for sale in chantilly va","T","56","110","14","","","0.35","0.59","20","35,11,23,11,18,15,15,23,15,15,15,18","9,28","20260801"
"townhouse in woodbridge","T","49","110","21","","","0.59","0.51","54","82,82,41,52,100,52,64,52,64,52,41,41","3,9,13,28","20260801"
"townhouses for sale alexandria va","T","63","110","27","","","1.93","0.58","110","18,43,14,14,14,35,22,43,14,10,43,14","9,21,28","20260801"
"20850 homes for sale","T","60","90","29","","","0.52","0.33","107","9,21,43,21,34,28,21,53,15,21,43,43","9,28","20260801"
"20905 homes for sale","T","63","90","25","","","0.5","0.3","108","26,3,26,34,11,19,7,53,42,42,53,53","9,13,21,28","20260801"
"apartments in havre de grace md 21078","N","62","90","19","","","0.62","0.64","113","0,2,2,0,6,14,14,100,18,22,43,22","3,7,9,28","20260801"
"ashburn new construction","N","44","90","22","","","3.03","0.7","128","42,42,34,53,42,26,19,26,26,26,34,19","7,9,13,20,28","20260801"
"basye va real estate","N","61","90","14","","","0.13","0.28","107","34,34,34,34,26,34,34,26,26,26,26,53","7,28","20260801"
"bristow ok land for sale","T","44","90","11","","","0.09","0.28","127","34,34,34,26,34,26,26,26,19,42,26,26","28","20260801"
"bristow ok real estate for sale","T","53","90","27","","","0.1","0.28","118","29,52,52,52,52,52,64,64,64,100,64,64","7,9,28","20260801"
"bristow townhomes for sale","T","65","90","14","","","0.42","0.42","106","23,33,33,33,33,42,33,33,23,100,33,33","7,28","20260801"
"cabins for sale in shenandoah virginia","T","51","90","22","","","0.08","0.39","127","21,21,21,21,28,34,28,28,21,21,34,21","3,7,9,28","20260801"
"casas baratas de venta en manassas park va","N","60","90","16","","","0.05","0.2","107","26,26,42,42,53,42,26,34,19,42,26,42","28","20260801"
"casas baratas en maryland","N","54","90","25","","","0.18","0.5","136","28,43,34,43,28,28,28,28,28,28,53,28","9,28","20260801"
"casas de venta en chantilly va","N","71","90","18","","","0.06","0.25","109","33,33,23,33,33,23,52,33,52,80,23,19","7,9,28","20260801"
"casas en manassas","N","57","90","29","","","0.51","0.38","122","21,12,28,28,28,34,34,34,34,43,43,34","7,9,13,28","20260801"
"casas en venta en rockville md","N","65","90","29","","","0.1","0.29","127","21,15,21,21,21,28,43,43,34,34,81,53","9,15,28","20260801"
"casas en venta sterling va","N","73","90","27","","","0.14","0.42","125","23,28,53,35,28,17,7,12,7,10,35,35","7,9,28","20260801"
"chantilly real estate va","N","70","90","26","","","0.37","0.33","132","43,28,21,34,28,28,28,28,21,43,34,34","3,7,9,28","20260801"
"chesapeake beach md properties","N","65","90","28","","","0.24","0.38","114","100,64,50,50,64,35,35,35,35,50,78,50","3,28","20260801"
"chesapeake beach md real estate","N","65","90","19","","","0.24","0.38","112","33,52,66,42,52,23,23,23,23,23,42,33","7,9,28","20260801"
"chesapeake beach real estate","N","65","90","23","","","0.24","0.38","118","82,100,82,52,64,29,29,29,29,52,52,82","9,21,28","20260801"
"churchville houses for sale","T","60","90","26","","","0.07","0.29","106","43,14,22,18,14,10,8,18,14,14,10,6","9,28","20260801"
"clarksburg md town center","C,T","31","90","6","","","0","0.33","111","66,66,42,33,42,23,33,19,19,19,23,33","1,6,7,9,21,28,41,50","20260801"
"clarksburg village md homes for sale","T","62","90","15","","","0.41","0.44","131","3,3,3,0,3,15,3,100,81,43,81,53","7,9,28","20260801"
"clarksburg west virginia homes for sale","T","62","90","20","","","0.42","0.47","92","1,8,8,6,15,11,3,100,0,15,8,18","9,15,21,28","20260801"
"clarksburg wv real estate","N","58","90","14","","","0.42","0.51","107","52,66,52,42,42,42,42,33,33,33,33,52","9,28","20260801"
"coldwell banker fairfield ct","C,T","44","90","23","","","0.65","0.28","106","42,52,42,42,42,23,23,33,33,52,33,42","1,7,9,21,28","20260801"
"condos for sale in fairfield","T","56","90","14","","","0.44","0.37","94","9,9,21,21,15,28,28,53,34,21,28,100","7,21,28","20260801"
"condos for sale in kentlands md","T","50","90","17","","","0.29","0.44","136","50,28,64,50,78,100,64,64,64,64,64,35","7,28","20260801"
"condos for sale leesburg va","T","58","90","14","","","0.33","0.51","108","52,64,52,64,23,41,29,41,29,41,29,23","7,28","20260801"
"condos in leesburg va","N","49","90","20","","","0.46","0.33","108","64,78,64,50,50,50,50,64,50,64,78,78","3,7,9,21,28","20260801"
"condos in woodbridge va","N","52","90","21","","","0.5","0.17","114","28,28,21,21,21,28,21,21,21,28,100,34","3,7,9,14,15,28","20260801"
"condos sale fairfax county va","T","65","90","22","","","0.45","0.53","98","100,63,45,63,63,63,63,100,100,81,100,100","9,28","20260801"
"downtown fredericksburg homes for sale","T","64","90","15","","","0.47","0.55","39","21,28,43,34,43,21,28,21,15,21,28,34","28","20260801"
"fair haven houses for sale","T","63","90","23","","","0.04","0.21","126","1,1,3,1,1,0,0,100,1,0,7,59","9","20260801"
"fairfax county land for sale","T","59","90","10","","","0.22","0.59","104","26,26,34,26,26,34,42,42,26,42,42,53","6,28","20260801"
"fairfield county ct houses for sale","T","62","90","28","","","0.23","0.38","142","0,0,2,0,0,2,100,100,2,0,2,0","9,28","20260801"
"fairfield new homes for sale","T","53","90","22","","","1.37","0.4","143","78,78,64,78,64,35,50,64,50,78,78,64","9,28","20260801"
"fairhaven condos for sale","T","57","90","14","","","0.16","0.31","112","33,42,52,33,100,66,52,33,23,33,33,42","28","20260801"
"fairhaven wa homes for sale","T","54","90","14","","","0.19","0.64","140","17,28,23,17,17,17,12,17,12,23,17,23","7,9,28","20260801"
"fogelsville pa homes for sale","T","65","90","10","","","0.27","0.34","132","50,78,78,64,35,50,78,64,78,100,78,64","9,28","20260801"
"for sale haverhill ma","T","59","90","16","","","0.07","0.32","112","66,52,42,42,52,52,42,52,42,4,0,66","9,28","20260801"
"frostburg md homes for sale","T","67","90","19","","","0.19","0.45","106","34,80,3,53,65,26,19,0,26,34,65,100","28","20260801"
"great falls va houses","N","68","90","21","","","0.38","0.28","133","28,34,34,21,21,21,28,15,81,15,34,100","9,13,21,28","20260801"
"greenbackville va homes for sale","T","61","90","20","","","0.07","0.4","114","42,53,42,42,26,19,19,0,65,34,42,100","21,28","20260801"
"harpers ferry wv houses for sale","T","68","90","16","","","0.37","0.49","106","6,6,100,1,29,0,0,0,0,0,0,0","9,28","20260801"
"haverhill homes for sale west palm","T","62","90","11","","","0","0","124","0,0,0,0,0,0,0,0,0,100,9,14","28","20260801"
"haverhill ma houses for sale","T","64","90","26","","","0.08","0.42","107","0,5,1,1,0,0,0,0,0,0,4,4","21,28","20260801"
"haverhill ma multi family homes for sale","T","54","90","13","","","0.16","0.26","106","64,52,41,64,82,23,52,52,41,64,29,23","28","20260801"
"haverhill mass homes for sale","T","59","90","23","","","0.08","0.42","86","23,82,0,82,52,41,11,41,23,82,64,82","9,28","20260801"
"haverhill west palm beach homes for sale","T","62","90","13","","","0","0","123","0,0,0,0,0,0,0,0,0,100,9,17","9,28","20260801"
"havre de grace homes","N","52","90","26","","","0.27","0.58","121","64,52,100,52,52,23,52,41,41,64,52,11","5,9,13,21,28","20260801"
"hickory landing chesapeake va","N","47","90","15","","","1.96","0.06","114","78,64,78,78,50,35,35,35,35,78,50,21","1,7,9,28","20260801"
"hillsboro va homes for sale","T","65","90","13","","","0.14","0.39","125","52,52,64,52,82,64,52,52,41,82,64,64","28","20260801"
"home sale great falls va","T","67","90","22","","","0.21","0.47","133","0,0,0,0,0,0,0,100,0,0,0,0","7,9,28","20260801"
"homes for sale 20112","T","64","90","16","","","0.22","0.44","107","66,52,42,52,42,23,33,33,42,66,42,52","9,15,21,28","20260801"
"homes for sale 22039","T","66","90","16","","","0.21","0.22","108","64,52,41,41,41,29,41,41,41,52,41,64","28","20260801"
"homes for sale 22042","T","65","90","14","","","0.12","0.13","104","28,28,34,28,34,28,21,28,15,21,28,21","28","20260801"
"homes for sale 22152","T","63","90","18","","","0.49","0.41","106","53,34,42,26,42,26,19,26,26,34,26,53","28","20260801"
"homes for sale 22309","T","69","90","19","","","0.12","0.41","104","42,80,26,19,26,26,19,100,26,26,34,80","15,28","20260801"
"homes for sale alexandria va 22314","T","70","90","29","","","1.85","0.4","19","28,23,23,28,35,23,17,17,23,23,23,17","28","20260801"
"homes for sale bel air maryland","T","66","90","28","","","0.47","0.47","112","6,15,6,1,11,11,1,100,8,8,18,35","9,21,28","20260801"
"homes for sale chantilly","T","58","90","26","","","0.35","0.45","108","100,82,5,82,82,29,5,23,0,52,100,41","7,9,21,28","20260801"
"homes for sale churchville chili ny","T","52","90","16","","","0.05","0.09","107","66,66,42,52,42,33,33,23,19,33,33,19","28","20260801"
"homes for sale downtown frederick md","T","59","90","10","","","0.4","0.59","111","52,52,52,52,66,42,33,33,33,52,42,42","7,9,28","20260801"
"homes for sale fair haven ny","T","63","90","11","","","0.06","0.16","106","35,100,50,100,64,78,35,78,64,35,64,64","15,28","20260801"
"homes for sale falls church","T","62","90","23","","","0.43","0.44","111","12,6,53,15,6,43,34,43,15,21,21,15","7,9,28","20260801"
"homes for sale hopewell twp pa","T","53","90","13","","","0.05","0.26","108","12,10,10,2,2,28,5,66,17,35,66,23","9,28","20260801"
"homes for sale in 20181","T","59","90","14","","","0.05","0.1","158","64,64,64,50,50,50,64,50,50,78,100,100","28","20260801"
"homes for sale in 22193","T","68","90","27","","","0.42","0.41","145","17,28,23,23,17,17,17,23,28,28,35,28","28,49","20260801"
"homes for sale in 22193 zip code","T","65","90","24","","","0.42","0.41","110","15,12,9,9,12,6,9,12,9,15,12,2","28","20260801"
"homes for sale in 24153","T","57","90","25","","","0.19","0.18","120","15,12,12,10,7,7,7,7,7,10,10,12","28","20260801"
"homes for sale in bristow okla","T","65","90","27","","","0.36","0.44","117","2,0,2,0,12,12,17,43,100,28,43,43","7,9,28","20260801"
"homes for sale in forestville wi","T","53","90","11","","","0.53","0.04","123","7,42,42,42,7,7,7,53,42,65,80,80","28","20260801"
"homes for sale in hunt county texas","T","50","90","11","","","0.2","0.45","127","29,52,29,52,52,41,52,52,82,64,100,64","9,28","20260801"
"homes for sale in marion virginia","T","65","90","22","","","0.14","0.39","102","34,21,28,15,21,12,15,100,21,12,15,15","28","20260801"
"homes for sale in maryland 20853","T","66","90","22","","","0.17","0.48","159","64,41,52,41,52,41,41,64,41,52,64,41","9,15,21,28","20260801"
"homes for sale in shenandoah","T","61","90","21","","","0.4","0.4","132","14,22,18,22,22,22,14,14,6,10,22,100","9,28","20260801"
"homes for sale in victor mt","T","58","90","13","","","0.08","0.32","123","33,52,52,52,52,42,23,33,42,52,66,52","7,9,28","20260801"
"homes for sale in winchester virginia","T","69","90","28","","","0.22","0.47","108","2,4,4,5,3,5,4,2,2,3,4,7","9","20260801"
"homes for sale occoquan va","T","65","90","16","","","0.46","0.34","111","33,66,23,52,33,33,33,23,33,42,52,33","7,9,28","20260801"
"homes for sale winchester virginia","T","69","90","28","","","0.22","0.47","110","23,29,23,1,0,0,1,0,0,0,4,12","7,9,15","20260801"
"homes in alexandria la","N","55","90","27","","","0.46","0.38","6650000","4,10,12,7,12,12,12,10,5,10,7,7","7,28","20260801"
"homes in fairfax county va","N","77","90","24","","","1.4","0.37","163","52,41,41,64,41,52,52,52,64,64,41,41","7,9,21,28","20260801"
"homes in haverhill ma","N","59","90","18","","","0.22","0.43","20","10,10,18,14,29,22,22,22,18,29,22,35","28","20260801"
"homes in hopewell junction ny","N","54","90","21","","","0.15","0.24","108","15,8,15,11,23,11,15,23,18,28,28,35","9,28","20260801"
"hopewell homes for sale","T","64","90","23","","","0.15","0.55","80","14,18,14,18,14,43,14,14,14,22,18,18","9,28","20260801"
"hopewell nj real estate listings","N","60","90","15","","","0.04","0.28","124","78,64,100,78,35,35,35,50,35,50,50,50","9,28","20260801"
"house for sale 20901","T","61","90","23","","","0.08","0.38","107","52,52,41,64,82,41,41,29,29,41,41,17","7,28","20260801"
"house for sale 20903","T","65","90","14","","","0.04","0.26","109","52,52,52,41,41,52,64,52,52,64,64,52","","20260801"
"house for sale 21078","T","58","90","14","","","0.27","0.4","112","34,28,34,28,28,34,15,21,34,34,21,21","9,28","20260801"
"house for sale alexandria la","T","57","90","26","","","0.22","0.44","108","10,29,18,18,18,18,0,18,22,2,8,4","7,28","20260801"
"house for sale chantilly va","T","68","90","23","","","0.3","0.44","113","11,8,5,100,5,5,1,1,1,3,15,5","9,28","20260801"
"house for sale falls church","T","62","90","26","","","0.43","0.44","130","100,1,9,2,1,6,2,4,0,6,6,1","7,9,28","20260801"
"house for sale hopewell pa","T","57","90","14","","","0.05","0.26","106","41,82,82,64,41,41,64,29,64,64,100,82","28","20260801"
"house for sale in alexandria la","T","51","90","23","","","0.22","0.44","98","23,19,9,2,9,36,23,1,1,1,2,0","7,9,28","20260801"
"house for sale in alexandria va 22310","T","67","90","19","","","0.21","0.28","104","100,100,100,18,63,45,63,63,36,63,100,63","9,28","20260801"
"house for sale in chantilly va","T","68","90","19","","","0.35","0.45","127","0,5,24,1,0,3,1,0,6,1,13,20","9,28","20260801"
"house for sale in manassas park","T","66","90","16","","","0.48","0.5","121","43,10,5,0,7,17,43,35,35,35,43,66","28","20260801"
"house for sale in new fairfield ct","T","61","90","13","","","0.05","0.35","104","26,19,19,65,26,7,34,42,65,53,65,53","9,15,28","20260801"
"house for sale in sterling va","T","74","90","27","","","0.36","0.43","120","6,19,15,36,6,36,15,0,2,2,23,19","7,9,28","20260801"
"house for sale in woodbridge va 22191","T","68","90","22","","","0.35","0.39","105","52,41,41,41,41,52,52,82,82,52,41,29","9,28","20260801"
"house for sale new fairfield ct","T","62","90","13","","","0.05","0.35","115","5,5,3,8,8,5,3,6,10,5,10,6","9,28","20260801"
"house for sale winchester va 22601","T","62","90","22","","","0.39","0.5","108","11,53,7,7,3,26,26,80,100,26,80,42","9,28","20260801"
"house sale great falls va","T","67","90","21","","","0.21","0.47","135","0,0,0,0,0,0,0,100,0,0,0,0","7,9,28","20260801"
"houses for sale 19006","T","63","90","14","","","0.07","0.42","37","43,17,5,23,7,12,7,17,10,17,28,17","28","20260801"
"houses for sale 20148","T","68","90","22","","","1.52","0.47","53","64,64,52,52,64,52,29,41,29,41,52,23","9,13,28","20260801"
"houses for sale 20816","T","64","90","17","","","0.42","0.19","105","53,34,26,34,34,42,19,42,34,34,34,42","14,15,28","20260801"
"houses for sale 20817","T","63","90","19","","","0.64","0.45","108","50,78,78,50,78,64,50,50,50,50,64,64","7,28","20260801"
"houses for sale 20910","T","63","90","27","","","0.19","0.41","106","52,23,33,33,33,42,52,80,52,52,66,66","28","20260801"
"houses for sale 21224","T","58","90","14","","","0.08","0.47","106","42,23,52,33,52,42,42,52,52,66,80,80","28","20260801"
"houses for sale 22193","T","69","90","23","","","0.42","0.41","109","8,18,15,11,15,15,8,15,11,18,23,11","28","20260801"
"houses for sale 22309","T","68","90","17","","","0.12","0.41","107","34,65,19,19,26,26,34,100,26,26,34,80","9,15,28","20260801"
"houses for sale 22406","T","63","90","28","","","0.51","0.59","108","64,52,52,52,41,64,41,41,41,41,52,41","28","20260801"
"houses for sale 22408","T","67","90","14","","","0.22","0.48","105","4,6,5,4,4,5,4,6,8,8,6,6","9,28","20260801"
"houses for sale bristow ok","T","52","90","23","","","0.11","0.44","110","43,28,34,28,34,28,12,21,21,6,28,28","7,9,21,28","20260801"
"houses for sale chantilly va","T","71","90","24","","","0.3","0.44","105","5,19,1,9,54,5,9,5,12,1,23,15","9","20260801"
"houses for sale churchville chili school district","T","52","90","11","","","0","0","107","14,4,4,6,14,22,18,18,10,29,18,22","15,28","20260801"
"houses for sale downtown frederick md","T","59","90","11","","","0.4","0.59","112","6,8,6,8,10,6,5,5,5,8,6,5","7,9,28","20260801"
"houses for sale fries va","T","65","90","13","","","0.17","0.36","20","35,64,78,35,28,35,35,100,100,50,64,35","28","20260801"
"houses for sale havre de grace","T","59","90","21","","","0.19","0.55","114","8,18,5,28,15,18,15,8,0,18,35,100","9,28","20260801"
"houses for sale havre de grace md","T","62","90","22","","","0.19","0.55","118","33,33,100,52,42,33,42,33,42,52,66,100","9,28","20260801"
"houses for sale hickory chesapeake","T","51","90","13","","","0.31","0.49","106","64,41,52,41,52,41,41,64,64,100,64,82","9,28","20260801"
"houses for sale in 22042","T","60","90","14","","","2.27","0.21","116","64,50,50,64,78,64,50,50,35,50,64,50","28","20260801"
"houses for sale in 22308","T","65","90","14","","","0.07","0.39","131","34,34,19,0,34,19,19,65,53,34,42,100","15,28","20260801"
"houses for sale in 22309","T","66","90","22","","","0.12","0.41","111","34,42,26,19,26,26,19,100,34,26,34,34","9,28","20260801"
"houses for sale in clarke county ga","T","52","90","15","","","0.23","0.39","147","42,42,42,66,42,33,23,23,23,42,33,33","7,9,28","20260801"
"houses for sale in clarksburg ca","T","55","90","13","","","0.25","0.39","114","52,42,52,42,66,19,19,19,23,33,33,14","28","20260801"
"houses for sale in fairfield township","T","58","90","21","","","0.29","0.4","155","17,17,12,17,43,17,23,28,35,10,53,53","9,28","20260801"
"houses for sale in farnham va","T","64","90","13","","","0.23","0.2","123","23,23,35,17,17,23,10,12,12,23,23,23","7,28","20260801"
"houses for sale in fort washington pa","T","59","90","11","","","0.05","0.15","125","11,19,15,15,53,34,34,53,34,34,65,42","9,28","20260801"
"houses for sale in gillespie county tx","T","47","90","11","","","0.31","0.37","129","45,45,81,63,100,63,81,100,81,81,100,100","9,28","20260801"
"houses for sale in hillsboro va","T","61","90","11","","","0.14","0.39","126","53,42,26,42,53,34,26,26,19,42,34,34","9,28","20260801"
"houses for sale in manassas park va","T","61","90","15","","","0.48","0.5","111","10,8,22,14,14,14,14,14,18,14,14,14","9,28","20260801"
"houses for sale in winchester va 22602","T","65","90","24","","","0.43","0.62","85","33,33,23,33,33,33,23,52,52,80,14,14","9,28","20260801"
"houses for sale manassas","T","69","90","29","","","0.47","0.53","115","53,53,7,11,26,19,53,15,42,100,80,65","9,15,28","20260801"
"houses for sale norton va","T","66","90","26","","","0.25","0.38","66","100,82,82,29,17,52,11,100,17,11,41,41","21,28","20260801"
"houses for sale severn","T","60","90","25","","","0.23","0.41","117","42,100,42,9,19,80,33,52,52,42,66,66","28","20260801"
"houses for sale sterling colorado","T","50","90","26","","","0.07","0.46","108","19,80,0,80,15,34,34,34,19,53,42,65","7,28","20260801"
"houses in bristow va","N","69","90","22","","","0.45","0.48","20","100,82,64,29,41,41,29,41,41,52,52,52","21,28,50","20260801"
"houses in falls church","N","65","90","25","","","0.24","0.42","131","64,64,41,0,0,52,52,64,52,64,52,82","7,9,15,21,28","20260801"
"houses in springfield va","N","71","90","24","","","0.41","0.46","111","42,52,19,33,42,23,33,42,52,23,33,100","9,15,21,28","20260801"
"hunt real estate houses for sale","I,T","50","90","21","","","0.46","0.22","107","66,29,14,22,18,10,6,14,8,14,14,22","6,28","20260801"
"land for sale bristow ok","T","47","90","10","","","0.09","0.28","109","52,52,52,52,52,52,52,64,52,64,41,41","13,28","20260801"
"land for sale haverhill ma","T","49","90","13","","","0.18","0.27","108","50,100,64,64,64,64,50,64,50,50,64,64","13,28","20260801"
"land for sale in fairfax county va","T","64","90","13","","","0.22","0.59","20","81,63,63,63,81,81,100,100,63,100,81,100","28","20260801"
"land for sale in farmville va","T","59","90","10","","","0.13","0.31","115","100,78,78,78,78,78,78,64,50,64,35,35","9,28","20260801"
"land for sale salem va","T","55","90","7","","","0.24","0.38","108","42,34,34,34,34,34,34,42,34,34,34,34","28","20260801"
"leesburg al homes for sale","T","54","90","13","","","0.07","0.4","101","28,15,12,28,28,34,12,53,43,28,53,53","28","20260801"
"lots for sale in alexandria va","T","63","90","9","","","0.22","0.47","110","33,42,33,33,42,42,66,33,23,33,33,42","7,28","20260801"
"marion va homes for sale","T","65","90","25","","","0.14","0.39","95","10,43,2,35,35,18,10,0,18,22,29,100","28","20260801"
"marion virginia homes for sale","T","62","90","27","","","0.1","0.4","103","0,1,0,0,0,1,0,100,10,12,15,15","21,28","20260801"
"multi family homes for sale haverhill ma","T","54","90","15","","","0.16","0.26","108","42,52,42,42,42,42,66,42,33,42,42,52","21,28","20260801"
"multi family homes for sale in haverhill ma","T","52","90","15","","","0.16","0.26","99","11,15,5,18,23,11,11,11,11,15,11,18","21,28","20260801"
"new homes for sale in fredericksburg va","T","53","90","11","","","1.49","0.44","157","42,66,66,52,42,33,33,42,33,42,33,42","3,9,28","20260801"
"new homes for sale in winchester va","T","57","90","15","","","1.4","0.71","155","33,42,66,66,52,33,33,33,33,52,9,66","9,21,28","20260801"
"new homes in fort washington md","N","58","90","19","","","1.45","0.38","132","21,64,64,64,100,64,100,78,50,14,35,35","3,9,28","20260801"
"new homes in gainesville va","N","56","90","18","","","1.69","0.7","142","52,42,33,23,33,52,66,23,19,42,52,42","1,9,28","20260801"
"new homes in severn md","N","47","90","19","","","1.24","0.65","125","50,64,64,64,64,35,64,64,64,50,64,64","3,9,28","20260801"
"new homes in winchester","N","39","90","27","","","2.76","0.88","136","52,29,41,29,29,52,52,100,64,64,64,100","3,9,13,28","20260801"
"north beach homes for sale","T","57","90","16","","","0.21","0.35","128","33,42,52,52,42,33,42,42,52,52,52,80","9,28","20260801"
"north beach md homes for sale","T","62","90","16","","","0.27","0.5","105","53,65,53,19,34,26,15,26,26,42,42,100","9,28","20260801"
"occoquan va homes for sale","T","71","90","18","","","0.46","0.34","125","82,82,29,64,41,41,41,52,41,52,64,52","7,9,21,28","20260801"
"old town townhomes","N","41","90","21","","","0.69","0.17","112","4,3,2,3,2,3,0,7,4,3,5,0","3,9,28","20260801"
"orange county va real estate","N","59","90","26","","","0.08","0.31","123","42,34,26,26,34,42,26,26,26,34,26,26","28","20260801"
"real estate clarke county va","N","66","90","14","","","0.05","0.37","114","64,52,52,52,41,52,52,82,17,41,52,100","9,21,28","20260801"
"real estate falls church","N","65","90","29","","","0.42","0.2","20","15,43,21,53,28,15,12,21,28,21,43,100","3,21,28","20260801"
"real estate in harpers ferry","N","63","90","27","","","0.23","0.45","142","4,4,4,4,4,4,4,4,4,81,100,81","3,9,15,21,28","20260801"
"real estate listings springfield va","N","72","90","22","","","0.39","0.32","113","63,81,81,81,100,81,63,63,63,81,81,63","7,9,28","20260801"
"real estate victor idaho","N","60","90","24","","","0.25","0.4","107","33,66,33,52,66,23,23,33,33,42,52,42","7,9,21,28","20260801"
"shenandoah cabins for sale","T","49","90","16","","","0.08","0.5","107","19,42,42,34,53,42,42,34,26,26,42,42","9,28","20260801"
"single family homes for sale ashburn","T","56","90","18","","","0.49","0.44","122","3,11,19,11,3,19,3,100,100,42,65,15","7,9,28","20260801"
"single family homes for sale in haverhill ma","T","56","90","15","","","0.1","0.37","88","28,28,35,12,17,17,17,17,17,17,17,17","9,28","20260801"
"single family homes in fairfax va for sale","T","75","90","13","","","0.41","0.52","104","41,41,64,64,64,41,52,41,29,41,100,64","9,28","20260801"
"single homes for sale in maryland","I,T","55","90","17","","","0.62","0.37","39","65,34,42,34,53,34,26,26,26,26,15,7","9,21,28","20260801"
"single house for sale in gaithersburg md","T","61","90","23","","","0.17","0.48","85","64,82,52,64,41,41,64,52,41,64,82,100","28","20260801"
"single houses for sale in haverhill ma","T","52","90","15","","","0.1","0.37","87","82,52,41,29,41,52,52,41,41,64,64,41","28","20260801"
"skyline plaza apartments","N","36","90","23","","","0.89","0.23","109","78,100,78,64,64,64,50,50,50,50,50,78","3,6,7,9,13,28","20260801"
"sterling va real estate listings","N","67","90","28","","","0.42","0.48","120","78,35,35,50,64,35,100,64,50,78,50,50","7,9,28","20260801"
"townhomes for sale in alexandria va","T","58","90","25","","","1.65","0.62","104","10,10,12,10,7,10,15,15,7,7,10,7","7,9,28","20260801"
"townhomes in leesburg va","N","50","90","12","","","0.49","0.44","109","41,64,41,52,41,52,41,64,41,52,52,52","9,13,28","20260801"
"townhouse for sale in woodbridge va","T","62","90","17","","","0.46","0.43","108","19,12,12,12,15,9,5,12,9,15,12,9","9,28","20260801"
"townhouses for sale in clarksburg md","T","49","90","13","","","0.43","0.49","36","82,52,41,64,82,52,29,41,41,52,64,82","28","20260801"
"victor mt real estate","N","57","90","14","","","0.04","0.19","113","22,29,18,18,22,14,14,14,14,18,22,22","9,28","20260801"
"warrenton nc homes for sale","T","62","90","22","","","0.17","0.41","117","3,6,34,3,43,21,28,28,43,34,53,43","21,28","20260801"
"warrenton oregon homes for sale","T","57","90","20","","","0.19","0.46","109","0,100,7,42,65,26,15,26,34,26,26,65","28","20260801"
"warrenton oregon real estate","N","52","90","16","","","0.06","0.49","109","23,28,35,23,12,17,12,17,28,17,17,17","21,28","20260801"
"warrenton va for sale","T","65","90","26","","","0.37","0.41","123","78,78,78,78,100,50,50,50,50,78,78,64","7,9,28","20260801"
"weyers cave houses for sale","T","57","90","13","","","0.18","0.27","159","11,65,19,15,15,11,26,100,42,53,65,65","7,28","20260801"
"winchester homes for sale by owner","T","51","90","13","","","0.18","0.53","98","52,52,66,33,42,33,33,23,33,23,23,42","28","20260801"
"winchester va homes","N","71","90","29","","","0.46","0.56","127","64,64,64,78,78,50,35,35,78,78,100,64","9","20260801"
"winchester va property search","C,N","58","90","28","","","0","0.05","108","64,52,52,52,41,41,52,41,41,41,52,64","7,28","20260801"
"woodbridge va single family homes for sale","T","67","90","17","","","0.44","0.42","88","45,63,100,63,100,63,100,45,81,100,100,63","9,28","20260801"
"20164 houses for sale","T","65","70","17","","","0.43","0.19","116","63,63,45,63,81,100,81,27,36,45,63,63","9,28","20260801"
"20903 house for sale","T","65","70","13","","","1.02","0.35","112","63,36,45,36,63,63,81,63,63,81,100,63","9,28","20260801"
"22033 homes for sale","T","58","70","16","","","0.6","0.52","109","52,52,41,41,41,52,29,41,29,41,41,82","7,28","20260801"
"22150 homes for sale","T","66","70","22","","","0.13","0.27","107","41,29,41,52,52,41,52,52,41,64,64,64","28","20260801"
"22314 real estate","N","65","70","23","","","0.04","0.17","107","35,50,50,21,35,28,100,50,35,35,50,28","9,28","20260801"
"2511 fairland rd silver spring md 20904","C,T","62","70","18","","","0","0.33","1270","78,78,78,14,78,78,100,14,14,14,78,50","7,9","20260801"
"alexandria va townhomes for sale","T","61","70","28","","","1.93","0.58","89","7,42,7,0,7,19,7,42,34,42,65,26","7,9,21,28","20260801"
"apartments in warrenton nc","N","40","70","18","","","0.42","0.3","107","100,100,18,63,63,45,63,63,36,36,18,18","3,9,28","20260801"
"ashburn median home price","T","65","70","21","","","0","0.33","108","1,3,6,3,0,0,0,0,8,100,1,81","6,7,9,21,28,50","20260801"
"ashburn single family homes","N","49","70","23","","","0.74","0.56","135","41,29,41,41,41,52,41,41,41,64,64,100","9,13,28","20260801"
"basye real estate","N","52","70","13","","","0.13","0.28","105","52,41,41,41,41,41,41,41,41,41,41,52","3,7,28","20260801"
"basye va homes for sale","T","64","70","13","","","0.34","0.39","127","41,64,64,52,41,29,29,41,52,52,52,100","7,9,28","20260801"
"bethesda ohio homes for sale","T","54","70","20","","","0.12","0.22","111","14,35,50,50,50,100,21,100,28,14,28,21","7,28","20260801"
"bethesda open houses","N","62","70","16","","","0.35","0.5","109","77,44,77,77,100,77,55,77,77,100,77,77","28","20260801"
"bradford ma homes for sale","T","60","70","11","","","0.04","0.41","128","28,50,64,50,50,35,28,50,50,50,100,35","28","20260801"
"bryce va real estate","C,N","58","70","18","","","0.13","0.28","106","41,23,29,41,41,29,23,41,41,41,41,23","3,28","20260801"
"cabins for sale in alexandria mn","T","49","70","23","","","0.05","0.45","123","34,43,34,21,15,12,9,9,15,15,21,43","7,28","20260801"
"captains cove homes for sale","T","53","70","17","","","0.09","0.39","147","11,64,64,64,64,23,17,23,17,23,17,17","9,28","20260801"
"captains cove houses for sale","T","51","70","15","","","0.15","0.41","170","9,52,52,52,52,9,9,9,9,9,9,9","15,28","20260801"
"casa en venta en maryland","C,N","60","70","20","","","0.25","0.41","135","15,34,34,21,21,21,28,21,21,21,43,34","7,9,28","20260801"
"casas de venta en new fairfield ct","N","64","70","20","","","0.05","0.26","104","52,42,42,33,52,33,33,33,33,33,33,19","9,28","20260801"
"casas en fredericksburg va","N","76","70","24","","","0.38","0.32","46","8,8,8,1,1,1,1,5,5,8,8,5","9,15,28","20260801"
"casas en gaithersburg","N","63","70","22","","","0.35","0.42","107","41,23,29,41,41,41,41,41,41,52,41,41","9,28","20260801"
"casas en maryland","N","53","70","28","","","0.35","0.37","136","10,12,7,7,5,7,7,10,4,2,5,5","9,28","20260801"
"casas en venta en baltimore md 21224","N","55","70","17","","","0.07","0.18","109","9,9,52,52,52,52,52,33,19,33,14,23","7,9,28,50","20260801"
"casas en venta en gaithersburg","N","68","70","27","","","0.1","0.34","138","41,23,29,41,52,52,41,64,64,64,64,41","9,15,28","20260801"
"casas en venta en manassas park va 20111","N","59","70","24","","","0.04","0.17","104","4,3,3,4,2,5,2,3,4,4,8,6","28","20260801"
"casas en venta en springfield va 22150","N","71","70","23","","","0.29","0.13","107","18,100,18,100,100,100,18,100,18,100,63,36","7,13,28","20260801"
"casas en venta en sterling illinois","N","53","70","23","","","0.07","0.29","90","7,7,34,26,19,19,19,34,26,34,34,26","21,28","20260801"
"casas en venta en warrenton va","N","67","70","25","","","0.09","0.28","121","52,41,29,11,64,11,11,64,64,41,41,41","7,9,13,28","20260801"
"casas en venta por el dueño en maryland","N","52","70","25","","","0.13","0.36","127","28,21,28,12,15,28,21,21,21,21,9,6","7,9,28,50","20260801"
"casas multifamiliar de venta en haverhill ma","N","56","70","13","","","0.05","0.26","122","64,35,35,50,50,28,28,35,14,78,78,100","28","20260801"
"chantilly new construction","N","43","70","14","","","2.85","0.86","116","45,63,63,63,63,81,63,45,45,63,63,18","9,28","20260801"
"chantilly new homes","N","47","70","20","","","2.87","0.8","120","26,34,26,26,26,19,26,26,26,26,26,15","3,9,28","20260801"
"chantilly virginia homes for sale","T","69","70","24","","","0.35","0.45","121","10,7,66,17,7,2,66,2,0,5,2,5","7,9,21,28","20260801"
"cheap houses for sale in alexandria va","T","53","70","20","","","0.24","0.46","92","2,2,3,2,2,2,2,2,2,1,0,0","21,28","20260801"
"cheap houses for sale in fairfax va","T","71","70","13","","","0.21","0.43","41","35,50,50,50,50,50,50,50,35,50,14,100","9,28","20260801"
"cheap houses for sale in fairfield ca","T","59","70","13","","","0.12","0.4","83","50,50,78,14,14,14,14,78,14,78,78,14","9,28","20260801"
"cheap houses for sale in leesburg florida","T","47","70","23","","","0.23","0.53","103","28,15,28,21,21,21,21,34,15,21,21,9","21,28","20260801"
"cheap houses for sale woodbridge va","T","64","70","16","","","0.32","0.48","108","45,63,45,63,63,63,63,63,63,63,45,63","13,21,28","20260801"
"chesapeake city md homes for sale","T","62","70","15","","","0.08","0.36","126","35,100,14,100,78,50,78,0,50,64,64,78","7,28","20260801"
"clarke county homes for sale","T","61","70","23","","","0.1","0.28","118","52,41,41,41,41,41,29,52,64,41,41,41","21,28","20260801"
"clarksburg town center townhomes","N","39","70","9","","","0.64","0.47","116","26,15,19,19,26,26,26,26,19,26,26,7","3,7,9,28","20260801"
"condos fairfield ct","N","50","70","18","","","0.32","0.43","111","77,77,77,77,77,55,44,77,77,77,100,55","3,7,9,21,28","20260801"
"condos for sale in fairfield county ct","T","50","70","12","","","0.21","0.29","96","41,64,41,29,23,23,23,41,29,82,29,29","7,9,28","20260801"
"condos for sale in havre de grace md","T","55","70","12","","","0.2","0.53","111","41,41,29,29,17,29,23,64,41,52,41,64","9,28","20260801"
"condos for sale in kentlands gaithersburg md","T","53","70","12","","","0.29","0.44","20","81,63,81,63,81,45,45,63,63,63,45,45","28","20260801"
"condos for sale woodbridge va","T","53","70","11","","","0.49","0.68","108","53,19,26,19,26,15,15,15,26,19,19,100","13,28","20260801"
"downtown silver spring homes for sale","T","59","70","22","","","0.44","0.51","129","100,45,63,63,63,63,45,63,63,63,63,63","7,9,28","20260801"
"duplex for sale fairfield ca","T","63","70","13","","","0.15","0.44","106","14,78,14,14,14,78,14,78,78,78,50,50","28","20260801"
"fair haven homes for sale","T","64","70","21","","","0.35","0.29","124","12,23,23,17,28,17,17,17,17,23,23,28","9,28","20260801"
"fairfax apartments for sale","T","68","70","25","","","0.3","0.56","108","26,26,19,26,26,19,11,26,26,26,19,15","9,21,28","20260801"
"fairfax vt real estate","N","68","70","12","","","0.39","0.32","106","64,64,64,17,64,29,17,11,11,23,17,23","7,9,15,28","20260801"
"fairfield county condos for sale","T","56","70","13","","","0.22","0.34","99","33,42,33,33,23,23,23,33,33,52,33,23","7,28","20260801"
"fairhaven ma real estate for sale","T","59","70","18","","","0.06","0.4","110","50,50,50,35,50,50,50,64,14,78,78,100","7,9,21,28","20260801"
"fairhaven property for sale","T","64","70","17","","","0.06","0.4","111","41,41,41,29,41,41,41,41,11,64,64,82","7,9,28","20260801"
"fairhaven real estate for sale","T","61","70","22","","","0.06","0.4","116","50,50,50,35,50,50,50,50,14,78,78,100","9,28","20260801"
"falls church va houses for sale","T","73","70","22","","","0.43","0.44","145","0,1,0,20,0,0,0,0,0,0,0,0","7,9,28","20260801"
"falls church virginia houses for sale","T","66","70","25","","","0.43","0.44","118","6,19,0,0,0,0,0,4,0,0,100,0","9,21,28","20260801"
"for sale fairfax va","T","87","70","29","","","0.27","0.69","124","50,64,50,64,50,50,35,50,50,50,78,14","7,9,28","20260801"
"for sale fairhaven ma","T","59","70","15","","","0.13","0.42","110","63,100,100,81,63,63,63,45,63,36,63,63","7,9,28","20260801"
"for sale falls church va","T","64","70","25","","","0.34","0.47","111","12,12,12,12,9,9,5,9,6,2,2,2","7,9,15,21,28","20260801"
"for sale harpers ferry wv","T","65","70","13","","","0.42","0.55","121","14,14,78,78,50,50,50,50,50,64,50,50","9,28","20260801"
"for sale salem va","T","62","70","27","","","0.06","0.35","108","52,41,41,52,41,41,41,41,29,41,41,41","28","20260801"
"foreclosed homes roanoke va","N","44","70","8","","","0.32","0.44","107","52,64,17,41,29,29,29,64,52,23,41,41","21,28","20260801"
"foreclosures in winchester va","N","53","70","5","","","0.23","0.51","106","45,45,63,63,63,63,45,63,63,100,81,81","7,28","20260801"
"foreclosures roanoke va","N","43","70","7","","","0.32","0.44","108","64,82,52,41,29,29,29,29,29,17,29,29","9,21,28","20260801"
"forestville ny homes for sale","T","62","70","11","","","0.06","0.19","115","9,4,52,0,33,33,42,33,42,80,80,100","28","20260801"
"fort washington houses","N","59","70","27","","","0.22","0.38","117","100,18,18,18,81,18,63,63,63,81,100,63","9,13,28","20260801"
"fort washington maryland homes","N","67","70","28","","","0.45","0.49","117","35,100,50,28,35,35,35,35,21,50,50,100","9,13,21,28","20260801"
"fredericksburg new homes for sale","T","50","70","10","","","1.51","0.7","154","45,63,81,63,63,81,63,81,63,63,63,63","9,21,28","20260801"
"fredericksburg va new homes","N","50","70","11","","","2.74","0.79","133","43,53,34,43,28,21,28,6,3,9,3,9","3,9,28","20260801"
"front royal va real estate agents","N","58","70","26","","","5.29","0.68","148","50,35,35,50,35,35,35,50,28,50,78,100","3,7,9,28","20260801"
"gaithersburg maryland houses","N","63","70","25","","","0.72","0.4","117","3,21,21,21,21,21,21,21,21,21,21,21","9,13,21,28","20260801"
"gaithersburg md homes","N","65","70","28","","","0.46","0.51","120","23,33,33,52,33,19,19,23,23,33,33,100","3,9,13,14,21,28","20260801"
"galesville houses for sale","T","65","70","22","","","0.08","0.2","107","0,0,0,0,0,100,0,66,0,0,0,0","15,28","20260801"
"greenbackville va real estate","N","64","70","17","","","0.11","0.38","104","21,21,21,15,15,21,21,21,21,6,6,6","21,28","20260801"
"harpers ferry for sale","T","55","70","21","","","0.42","0.55","20","18,18,100,100,63,63,63,63,63,81,63,63","13,21,28","20260801"
"haverhill house for sale","T","62","70","23","","","0.27","0.42","105","0,0,0,0,0,0,0,0,0,67,1,100","28","20260801"
"haverhill townhouses for sale","T","50","70","14","","","0.05","0.39","108","50,28,50,64,28,50,35,50,50,64,78,50","7,9,28","20260801"
"heritage hunt gainesville va homes for sale","T","57","70","21","","","0.27","0.37","130","0,50,100,50,50,50,28,35,50,78,78,78","7,9,21,28","20260801"
"heritage hunt houses for sale","T","53","70","19","","","0.24","0.56","10800000","64,64,41,41,5,17,17,41,64,17,29,17","7,9,14,15,21,28","20260801"
"hickory va homes for sale","T","53","70","13","","","0.31","0.49","159","78,50,64,64,14,35,50,35,35,78,35,28","9,28","20260801"
"home for sale falls church","N","66","70","22","","","0.43","0.44","127","0,7,0,0,7,26,34,34,100,34,53,19","7,9,14,28,49","20260801"
"home for sale fredericksburg va","T","77","70","29","","","0.56","0.57","136","2,1,2,2,4,1,25,0,4,0,11,4","9,28","20260801"
"home for sale in baltimore county","T","59","70","28","","","0.31","0.51","125","6,14,4,6,22,8,14,18,10,35,22,22","9,28","20260801"
"home for sale in centreville va","T","69","70","26","","","0.75","0.41","133","0,1,1,0,1,0,1,1,6,66,54,66","9,28","20260801"
"home for sale in fairfax county va","T","73","70","21","","","0.35","0.49","149","0,0,0,0,0,100,0,0,0,0,0,0","9,28","20260801"
"home for sale lexington va","T","68","70","26","","","0.23","0.4","119","64,41,82,0,17,64,41,52,29,82,64,100","9,28","20260801"
"home sale 20152","T","63","70","14","","","0.37","0.45","171","52,33,23,33,33,23,23,19,23,33,33,52","9,28","20260801"
"homes for sale 20110","T","64","70","13","","","0.47","0.42","10","50,35,64,78,35,35,14,35,50,50,14,14","28","20260801"
"homes for sale 20814","T","62","70","17","","","0.39","0.53","1230000","18,14,14,18,14,10,10,10,10,14,22,29","28","20260801"
"homes for sale 20817","T","64","70","15","","","0.22","0.42","106","41,41,41,52,64,52,52,41,41,52,64,41","28","20260801"
"homes for sale 20853","T","56","70","17","","","0.49","0.52","104","63,81,63,63,45,45,63,100,81,63,45,100","28","20260801"
"homes for sale 20905","T","63","70","26","","","0.5","0.3","109","19,42,15,42,15,26,26,65,42,15,19,19","21,28","20260801"
"homes for sale 20906","T","64","70","19","","","0.45","0.35","106","35,35,35,28,50,50,64,35,64,78,100,50","28,49","20260801"
"homes for sale 21078","T","58","70","18","","","0.27","0.4","110","41,23,41,41,11,23,29,41,41,52,41,41","9,28","20260801"
"homes for sale 22151","T","70","70","14","","","0.79","0.3","107","29,41,52,64,29,41,41,52,41,64,52,52","28","20260801"
"homes for sale 22307","T","69","70","12","","","2.27","0.35","106","64,64,11,11,11,64,11,64,11,11,64,11","28","20260801"
"homes for sale 22315","T","65","70","25","","","1.53","0.33","108","41,41,29,17,41,41,64,82,41,41,52,100","9,28","20260801"
"homes for sale alexandra","T","52","70","21","","","0.36","0.36","116","63,36,63,63,63,63,63,63,63,81,63,63","28,50","20260801"
"homes for sale belair md","T","62","70","28","","","0.47","0.47","121","1,1,0,4,1,3,0,3,3,3,4,5","9,28","20260801"
"homes for sale by owner in maryland","T","49","70","25","","","0.91","0.45","118","42,33,33,33,33,33,23,33,33,42,33,14","9,21,28","20260801"
"homes for sale by owner in md","T","50","70","22","","","0.55","0.28","118","52,41,29,41,41,29,29,41,41,23,11,17","21,28","20260801"
"homes for sale by owner winchester va","T","53","70","28","","","0.23","0.51","111","42,34,26,26,7,26,11,7,11,19,19,15","28","20260801"
"homes for sale clarke county ga","T","53","70","16","","","0.22","0.44","99","42,42,33,42,33,23,19,33,23,23,23,19","9,28","20260801"
"homes for sale clarksburg ca","T","56","70","11","","","0.25","0.39","106","23,33,23,33,23,19,19,19,100,33,42,23","28","20260801"
"homes for sale downtown fredericksburg va","T","68","70","12","","","0.3","0.55","115","4,3,3,3,2,1,1,1,1,1,1,0","9,15,28","20260801"
"homes for sale fairfax mn","T","69","70","11","","","0.04","0.16","107","35,50,35,78,50,35,35,50,50,78,100,100","28","20260801"
"homes for sale fairhaven bellingham wa","T","55","70","16","","","0.27","0.48","114","41,29,52,41,41,41,29,41,29,52,41,41","9,21,28","20260801"
"homes for sale ferrum va","T","62","70","13","","","0.16","0.31","108","4,0,19,0,52,23,19,100,23,52,66,42","13,28","20260801"
"homes for sale hopewell pa","T","52","70","17","","","0.05","0.26","109","35,64,78,35,50,50,28,50,35,50,78,78","28","20260801"
"homes for sale hopewell township pa","T","49","70","11","","","0.04","0.19","106","50,50,100,78,64,64,14,35,14,50,78,78","7,28","20260801"
"homes for sale hunt county","T","52","70","13","","","0.21","0.46","109","33,19,33,19,33,23,19,100,14,23,52,14","28","20260801"
"homes for sale in 22308","T","67","70","9","","","0.19","0.37","139","50,50,21,28,28,35,21,35,64,64,100,50","28","20260801"
"homes for sale in churchville","T","60","70","17","","","0.07","0.29","134","0,19,11,42,0,26,11,80,26,19,19,26","9,28","20260801"
"homes for sale in churchville ny","T","51","70","11","","","0.04","0.23","88","6,12,15,9,9,9,5,12,6,12,12,100","28","20260801"
"homes for sale in fairfax city","T","75","70","13","","","0.51","0.43","138","81,81,3,0,0,0,0,0,0,0,0,34","7,9,28","20260801"
"homes for sale in fairfax mn","T","69","70","11","","","0.04","0.16","135","42,52,52,52,23,23,23,33,33,52,66,52","28","20260801"
"homes for sale in falls church va 22046","T","68","70","25","","","0.49","0.42","10","45,63,81,63,81,63,36,81,45,81,63,100","21,28","20260801"
"homes for sale in farnham va","T","66","70","13","","","0.23","0.2","127","81,81,100,81,63,45,36,45,45,63,45,36","7,28","20260801"
"homes for sale in fredericksburg va 22401","T","68","70","29","","","0.18","0.47","90","78,35,50,21,50,50,28,64,28,78,50,50","9,28","20260801"
"homes for sale in new fairfield","T","60","70","11","","","0.05","0.35","120","6,4,4,4,10,4,2,35,18,14,14,10","9,28","20260801"
"homes for sale in old town alexandria","T","56","70","25","","","0.39","0.54","140","0,3,34,53,53,34,19,26,0,19,34,19","5,9,21,28","20260801"
"homes for sale in salem virginia","T","60","70","28","","","0.21","0.37","92","6,19,36,5,5,9,1,9,9,9,100,15","9,21,28","20260801"
"homes for sale in shenandoah valley","T","62","70","24","","","0.3","0.4","40","12,23,7,10,12,10,5,12,23,10,35,43","9,21,28","20260801"
"homes for sale in springfield va 22150","T","70","70","23","","","0.47","0.34","92","64,50,64,50,64,50,35,50,21,50,50,100","7,28","20260801"
"homes for sale in winchester va 22602","T","65","70","24","","","0.19","0.56","93","41,29,17,23,29,29,52,64,52,82,41,82","9,28","20260801"
"homes for sale in woodbridge 22191","T","64","70","28","","","0.5","0.64","119","50,50,50,50,50,50,50,100,78,50,50,35","9,28","20260801"
"homes for sale kentlands md","T","59","70","19","","","0.44","0.33","111","28,9,21,12,9,6,3,43,43,28,15,9","7,9,21,28","20260801"
"homes for sale leesburg al","T","58","70","13","","","0.07","0.4","108","50,100,78,7,64,78,35,7,0,7,0,64","28","20260801"
"homes for sale near winchester va","T","67","70","28","","","0.55","0.68","120","50,78,50,35,35,50,64,64,14,14,35,28","9","20260801"
"homes for sale oakton","T","63","70","13","","","0.22","0.41","110","0,0,0,0,0,0,5,100,0,18,3,54","9,28","20260801"
"homes for sale shenandoah","T","65","70","24","","","0.23","0.41","109","21,34,12,21,28,34,21,21,9,15,53,34","28","20260801"
"homes for sale victor idaho","T","59","70","23","","","0.17","0.47","106","10,29,4,22,14,14,14,14,14,18,18,29","21,28","20260801"
"homes for sale volant pa","T","66","70","13","","","0.04","0.1","106","52,29,23,23,29,41,29,29,41,23,41,41","9,28","20260801"
"homes for sale waterford va","T","68","70","17","","","0.28","0.36","107","41,100,23,52,41,41,17,17,29,64,82,52","28","20260801"
"homes for sale weyers cave va","T","62","70","11","","","0.18","0.27","108","66,66,23,52,33,52,52,0,4,0,4,100","9,28","20260801"
"homes in bristow va","N","65","70","22","","","0.45","0.48","116","100,78,64,35,50,50,35,50,50,50,64,64","7,9,21,28","20260801"
"homes in gaithersburg md","N","63","70","26","","","0.46","0.51","117","0,53,15,15,34,15,21,34,43,3,6,65","9,21,28","20260801"
"homes in great falls va","N","72","70","24","","","0.42","0.29","129","5,9,7,4,9,5,7,7,7,9,9,9","5,7,9,13,21,28,49","20260801"
"homes in new fairfield ct","N","54","70","21","","","0.32","0.38","111","100,41,29,17,41,29,23,52,23,64,29,52","7,9,28","20260801"
"homes in oakton va","N","67","70","12","","","0.24","0.28","117","27,63,45,100,63,63,63,63,45,63,63,63","9,28","20260801"
"homes in severn","N","54","70","29","","","0.44","0.49","113","35,50,50,35,50,50,35,50,50,35,64,100","3,9,28","20260801"
"homes in severn md","N","64","70","22","","","0.44","0.49","113","41,41,41,29,41,52,29,41,52,41,64,82","9,28","20260801"
"homes sold in fairfield ct","C,N","57","70","21","","","0","0.01","133","28,23,18,18,8,6,6,6,3,8,6,3","9,28","20260801"
"homes sold in haverhill ma","C,N","57","70","15","","","0","0.01","139","64,52,41,41,29,41,100,29,17,23,17,11","21,28","20260801"
"hopewell borough nj real estate","N","55","70","15","","","0.04","0.28","127","64,50,50,64,64,50,50,64,50,64,50,78","9,28","20260801"
"hopewell houses for sale","T","62","70","25","","","0.1","0.41","107","15,34,21,15,15,28,21,21,21,28,28,34","9,28","20260801"
"hopewell jct real estate","N","55","70","25","","","0.05","0.34","111","100,41,41,64,82,23,23,23,17,52,23,11","3,9,28","20260801"
"hopewell junction homes","N","56","70","22","","","0.15","0.24","105","50,35,35,50,100,50,35,50,35,78,64,28","9,28","20260801"
"hopewell junction ny houses","N","54","70","21","","","0.15","0.24","107","63,63,45,63,63,63,45,63,45,100,81,36","9,28","20260801"
"house for sale 20904","T","67","70","22","","","1.02","0.36","57","12,23,10,17,7,10,12,43,28,12,23,53","9,13,28","20260801"
"house for sale 22043","T","69","70","22","","","0.22","0.34","108","100,63,0,63,45,45,36,45,63,63,63,18","28","20260801"
"house for sale 22151","T","72","70","18","","","0.16","0.25","105","33,33,33,42,23,33,33,52,33,52,42,42","28","20260801"
"house for sale churchville ny","T","57","70","11","","","0.04","0.23","109","11,19,11,26,53,15,15,15,7,26,100,34","9,13,28","20260801"
"house for sale in 20904","T","66","70","27","","","0.09","0.38","131","33,42,14,19,19,19,14,19,100,33,23,66","28","20260801"
"house for sale in clarksburg","T","62","70","28","","","0.43","0.43","119","14,33,4,23,42,23,42,23,52,33,52,100","28","20260801"
"house for sale in fairfax county va","T","82","70","25","","","0.35","0.49","135","100,28,64,14,35,64,50,35,35,78,78,100","9,15,28","20260801"
"house for sale in great falls va","T","73","70","23","","","0.31","0.48","50","17,82,5,5,5,41,29,41,29,82,100,11","9,28","20260801"
"house for sale in manassas va under $200 k","T","57","70","15","","","0.53","0.38","106","77,77,55,77,77,77,77,77,77,77,55,77","21,28","20260801"
"house for sale in silver spring","T","62","70","29","","","0.44","0.53","131","4,4,2,0,2,0,2,0,0,2,100,0","9,15,28","20260801"
"house for sale in springfield va 22150","T","69","70","19","","","0.47","0.34","20","50,50,64,50,64,50,35,50,21,50,50,100","28","20260801"
"house for sale lexington va","T","71","70","26","","","0.23","0.4","118","50,35,64,78,78,0,35,0,50,64,100,7","9,28","20260801"
"house for sale on shenandoah","T","59","70","13","","","0.2","0.31","159","63,45,45,63,81,63,45,36,45,45,63,63","9,15,28,50","20260801"
"house for sale warrenton va","T","65","70","27","","","0.42","0.5","115","8,6,3,3,15,1,0,0,28,35,44,44","9,13,28","20260801"
"house sale in fairfax va","T","84","70","29","","","0.51","0.43","136","6,11,5,5,11,15,15,11,11,15,23,18","9,28","20260801"
"houses for sale 20814","T","62","70","17","","","0.39","0.53","108","64,50,50,50,50,35,35,35,35,50,78,100","9,28","20260801"
"houses for sale 20853","T","59","70","14","","","0.49","0.52","108","100,81,81,63,81,45,45,100,63,81,45,36","28","20260801"
"houses for sale 22031","T","63","70","22","","","0.47","0.38","109","11,64,11,64,100,41,41,41,41,29,41,41","7,9,28","20260801"
"houses for sale 22308","T","69","70","13","","","0.07","0.39","82","34,34,26,26,19,19,26,53,42,26,42,100","28","20260801"
"houses for sale 22312","T","61","70","28","","","0.15","0.36","105","50,50,50,50,50,35,50,50,35,50,50,28","9,15,21,28","20260801"
"houses for sale 24153","T","56","70","20","","","0.25","0.55","107","100,50,64,50,78,35,21,28,14,28,28,35","21,28","20260801"
"houses for sale 94534","T","60","70","29","","","0.36","0.45","46","15,26,15,19,34,19,19,19,53,42,42,26","9,21,28","20260801"
"houses for sale by owner in maryland","T","46","70","15","","","0.55","0.28","139","17,23,17,17,17,17,12,17,17,17,17,12","9,21,28","20260801"
"houses for sale by owner in winchester va","T","52","70","23","","","0.18","0.53","96","52,33,33,33,33,33,33,23,33,23,23,33","9,28","20260801"
"houses for sale chesapeake beach","T","62","70","22","","","0.35","0.42","111","2,6,0,4,2,0,0,100,22,0,14,54","9,28","20260801"
"houses for sale chesapeake beach md","T","66","70","20","","","0.35","0.42","35","15,65,12,0,0,0,9,3,9,6,100,15","28","20260801"
"houses for sale churchville md","T","63","70","13","","","0.07","0.29","105","33,42,23,33,42,33,23,23,52,33,42,42","28","20260801"
"houses for sale fairfax mn","T","69","70","15","","","0.04","0.16","96","7,15,34,15,11,11,11,53,15,11,11,15","21,28","20260801"
"houses for sale ferrum va","T","66","70","14","","","0.16","0.31","106","71,100,100,100,71,100,71,71,71,100,100,100","28","20260801"
"houses for sale frostburg","T","65","70","19","","","0.19","0.45","108","80,80,33,0,0,0,23,42,42,0,0,66","9,28","20260801"
"houses for sale greenbackville va","T","62","70","21","","","0.07","0.4","108","14,14,78,14,35,35,35,100,50,78,50,50","9,28","20260801"
"houses for sale heritage hunt gainesville va","T","55","70","21","","","0.27","0.37","108","0,23,52,33,33,23,14,100,33,42,42,52","7,9,21,28","20260801"
"houses for sale in 20906","T","62","70","17","","","0.07","0.36","108","41,100,41,52,29,41,29,41,64,29,52,41","28","20260801"
"houses for sale in 22150","T","65","70","17","","","0.42","0.33","133","63,36,63,81,81,45,63,63,63,63,63,63","28","20260801"
"houses for sale in 22191","T","67","70","27","","","0.37","0.52","141","63,63,45,63,63,45,63,63,63,63,63,45","28","20260801"
"houses for sale in 22306","T","66","70","13","","","1.53","0.41","128","63,81,100,63,45,36,45,100,100,45,63,45","7,9,28","20260801"
"houses for sale in alexandra","T","54","70","19","","","0.23","0.38","148","50,28,50,50,50,50,50,50,50,64,50,14","15,28","20260801"
"houses for sale in churchville chili school district","T","53","70","12","","","0","0","39400","41,23,52,41,52,64,41,64,52,52,82,64","28","20260801"
"houses for sale in fairfax station va","T","78","70","15","","","0.12","0.41","108","43,2,23,5,12,7,10,17,17,28,17,7","7,28","20260801"
"houses for sale in fredericksburg va 22405","T","73","70","13","","","3.88","0.21","96","11,11,11,11,64,52,29,11,41,52,64,41","9,28","20260801"
"houses for sale in heritage hunt","T","53","70","18","","","0.27","0.59","164","21,21,35,21,14,7,14,100,100,64,100,35","7,9,21,28","20260801"
"houses for sale in hunt tx","T","55","70","17","","","0.07","0.46","129","42,100,33,33,23,14,19,42,19,33,19,33","9,15,28","20260801"
"houses for sale in hunt valley md","T","67","70","12","","","0.14","0.42","144","23,33,52,42,9,23,19,52,42,42,23,23","9,28","20260801"
"houses for sale in maryland with land","T","49","70","25","","","0.32","0.47","128","29,41,64,11,11,11,11,64,64,41,41,41","9,28","20260801"
"houses for sale in new fairfield","T","62","70","11","","","0.05","0.49","119","0,29,41,41,41,64,52,52,52,41,41,41","9,28","20260801"
"houses for sale in old town alexandria va","T","62","70","28","","","0.44","0.53","137","41,41,41,29,29,52,41,23,23,41,41,64","9,21,28","20260801"
"houses for sale in salem va 24153","T","65","70","26","","","0.25","0.55","89","80,42,42,33,52,23,14,19,9,19,19,23","21,28","20260801"
"houses for sale in shenandoah","T","58","70","21","","","0.4","0.4","118","12,28,2,17,23,28,17,17,5,12,35,100","9,15,28","20260801"
"houses for sale in shenandoah county virginia","T","62","70","15","","","0.27","0.25","102","3,6,3,0,6,100,6,81,0,0,6,9","9,28","20260801"
"houses for sale in volant pa","T","62","70","13","","","0.06","0.09","156","35,10,7,5,12,28,7,43,28,10,17,17","13,28","20260801"
"houses for sale in weyers cave","T","62","70","13","","","0.12","0.3","150","11,0,26,3,11,11,34,100,26,42,26,7","7,28","20260801"
"houses for sale marshall va","T","66","70","14","","","0.42","0.52","109","15,43,53,53,53,3,3,0,0,0,3,6","9,28","20260801"
"houses for sale severn md","T","65","70","20","","","0.26","0.43","108","15,21,6,6,9,28,34,21,3,28,100,100","9,28","20260801"
"houses in alexandria la","N","54","70","28","","","0.24","0.42","18700000","28,64,50,100,50,78,64,64,35,50,50,78","15,28","20260801"
"houses in bethesda","N","63","70","29","","","0.7","0.48","113","15,34,21,12,9,15,9,65,34,21,21,43","28","20260801"
"houses in fairfax county va","N","75","70","24","","","1.4","0.37","152","28,28,23,23,17,10,23,17,12,12,7,7","9,13,21,28,43","20260801"
"houses in havre de grace","N","56","70","25","","","0.27","0.58","145","14,35,21,35,28,28,35,78,100,50,64,35","5,9,21,28","20260801"
"houses in new fairfield ct","N","60","70","14","","","0.15","0.37","116","78,64,50,50,28,35,50,50,50,50,50,50","9,28","20260801"
"houses in oakton va","N","65","70","12","","","0.24","0.28","115","14,33,23,52,33,33,33,33,23,33,33,33","9","20260801"
"houses in old town alexandria","C,N","57","70","28","","","0.59","0.39","150","14,28,50,21,100,35,35,50,64,64,78,100","9,28","20260801"
"houses in salem va","N","63","70","28","","","0.33","0.37","110","43,28,28,28,9,15,12,12,9,15,12,6","9,28","20260801"
"houses in severn md","N","63","70","22","","","0.44","0.49","117","50,50,50,35,50,50,35,50,50,50,50,100","9,28","20260801"
"houses in sterling il","N","52","70","21","","","0.09","0.28","106","11,11,11,11,11,11,11,64,82,100,82,41","9,28","20260801"
"kentlands condos for sale","T","49","70","10","","","0.21","0.47","107","64,50,50,50,50,50,50,50,50,50,50,35","15,28","20260801"
"land for sale fairfield ct","T","56","70","5","","","0.2","0.27","108","63,63,63,63,63,81,63,63,45,63,81,63","7,28","20260801"
"land for sale in front royal va","T","57","70","20","","","0.11","0.38","103","63,63,81,100,63,36,81,81,36,45,45,81","28","20260801"
"land for sale in orange va","T","52","70","13","","","0.11","0.46","20","45,45,63,45,45,63,63,63,45,63,63,63","28","20260801"
"land for sale in warrenton mo","T","47","70","10","","","0.09","0.4","121","63,81,81,45,63,81,45,100,63,63,45,45","28","20260801"
"land for sale in warrenton va","T","52","70","10","","","0.14","0.51","109","52,64,52,41,52,52,41,41,52,29,11,64","7,28","20260801"
"lexington va homes","N","64","70","29","","","0.42","0.39","116","45,63,36,63,63,27,36,100,45,45,63,81","9,21,28","20260801"
"lovettsville real estate","N","68","70","18","","","0.29","0.43","111","33,52,33,23,33,42,33,19,19,9,9,9","9,28","20260801"
"lovettsville va real estate","N","70","70","18","","","0.29","0.43","107","63,100,63,45,63,81,63,36,36,18,18,18","9,28","20260801"
"mansions for sale maryland","T","51","70","20","","","0.42","0.36","59","15,34,28,21,21,21,21,43,21,21,3,9","7,9,28","20260801"
"marshall va real estate","N","67","70","23","","","0.42","0.42","114","41,82,64,64,64,29,29,11,11,11,11,11","7,9,21,28","20260801"
"maryland mansions for sale","T","51","70","22","","","0.4","0.44","131","23,41,23,29,41,23,100,100,64,29,29,29","7,9,28","20260801"
"new construction chantilly va","N","47","70","22","","","2.22","0.82","134","6,4,4,4,4,4,4,3,3,4,4,1","3,7,9,28","20260801"
"new fairfield homes","N","57","70","12","","","0.32","0.38","118","100,81,63,63,45,81,63,81,63,81,63,81","5,7,9,28","20260801"
"new homes for sale in fredericksburg","T","47","70","10","","","1.49","0.44","150","26,26,26,26,26,26,26,34,26,34,26,26","9,28","20260801"
"new homes in ashburn","N","46","70","22","","","2.8","0.82","134","17,52,52,64,52,23,41,41,82,29,41,41","3,9,28","20260801"
"new homes in oakton va","N","54","70","19","","","1.59","0.79","136","36,81,63,63,81,63,63,81,63,81,100,81","3,7,9,28","20260801"
"new homes in reston va","N","50","70","13","","","1.35","0.77","157","9,11,9,7,7,9,7,7,7,7,9,7","7,9,28","20260801"
"new homes in silver spring md","N","54","70","26","","","1.51","0.68","154","52,52,52,64,52,29,64,41,0,29,29,23","9,28","20260801"
"new homes in springfield va","N","61","70","13","","","1.66","0.72","158","23,42,42,52,42,9,9,19,42,14,9,23","9,28","20260801"
"new homes silver spring md","N","50","70","24","","","1.51","0.68","137","45,45,45,18,63,36,81,63,81,36,45,63","9,15,28","20260801"
"new houses for sale in fairfield ca","T","55","70","20","","","1.37","0.4","131","78,35,50,50,50,35,50,64,35,78,100,64","9,28","20260801"
"new houses for sale in fredericksburg va","T","60","70","4","","","1.51","0.7","137","63,63,63,63,63,63,63,81,63,81,63,63","9,28","20260801"
"new townhomes in chantilly va","N","51","70","16","","","2.87","0.8","138","28,34,28,21,6,15,15,21,21,21,21,12","3,7,9,28","20260801"
"north beach md real estate","N","61","70","11","","","0.12","0.52","115","23,28,23,12,12,12,10,12,5,5,12,23","9,28","20260801"
"norton va real estate","N","64","70","22","","","0.04","0.34","115","81,63,63,100,81,81,81,45,36,45,18,18","9,28","20260801"
"oakton real estate","N","61","70","14","","","0.42","0.32","112","81,63,81,63,63,45,45,45,45,63,18,18","7,9,28","20260801"
"oakton va real estate","N","69","70","12","","","0.15","0.37","117","6,3,6,5,3,6,3,3,3,5,1,1","9,28","20260801"
"old town alexandria townhomes for sale","T","50","70","21","","","0.48","0.61","120","50,50,50,50,64,64,50,50,50,64,50,100","9,15,28","20260801"
"orange county va homes for sale","T","61","70","13","","","0.42","0.53","112","45,100,100,81,63,81,36,18,9,63,81,63","9,28","20260801"
"real estate 22314","N","64","70","29","","","0.04","0.17","105","45,45,63,63,63,63,45,81,63,45,45,45","3,9,28","20260801"
"real estate for sale in shenandoah county va","T","62","70","12","","","0.02","0.16","111","19,19,19,7,42,42,7,42,7,7,42,7","9,28","20260801"
"real estate frostburg md","N","64","70","25","","","0.16","0.23","48","52,64,29,41,52,29,29,29,29,29,52,100","3,21,28","20260801"
"real estate havre de grace md","N","65","70","21","","","0.13","0.52","123","41,41,23,52,23,23,23,100,41,52,41,29","9,14,15,28","20260801"
"real estate in falls church","N","66","70","27","","","0.42","0.2","138","0,53,0,0,3,0,0,100,80,15,34,11","3,7,9,21,28","20260801"
"real estate in shenandoah county va","N","64","70","18","","","0.08","0.22","118","9,21,28,9,15,21,43,15,15,15,21,9","9,21,28","20260801"
"real estate listings rockville md","N","65","70","29","","","0.42","0.41","139","0,0,9,9,9,0,66,66,52,80,100,80","9,28","20260801"
"real estate new fairfield ct","N","58","70","16","","","0.04","0.31","113","19,33,23,23,33,33,23,33,33,42,52,33","1,7,9,21,28","20260801"
"real estate rockville md","N","62","70","29","","","0.42","0.41","45400000","26,34,26,26,26,19,19,26,26,42,65,26","9,28","20260801"
"real estate sterling ma","N","64","70","11","","","0.03","0.14","105","18,18,100,81,63,45,45,63,100,63,81,63","9,28","20260801"
"realty farmville va","N","59","70","27","","","0.15","0.43","45","41,17,29,29,23,41,23,64,41,64,41,52","3,7,28","20260801"
"rockville md houses for sale","T","69","70","29","","","0.36","0.51","131","8,29,6,6,6,29,35,6,14,10,8,8","9,28","20260801"
"severn homes for sale","T","58","70","24","","","0.23","0.41","111","15,19,3,7,3,7,26,100,19,80,0,26","28","20260801"
"severn md homes for sale","T","63","70","23","","","0.2","0.41","106","2,4,4,4,4,4,6,4,2,6,8,100","9,21,28","20260801"
"shenandoah county real estate for sale","T","61","70","15","","","0.04","0.12","108","35,35,35,14,78,78,14,78,14,14,78,14","9,28","20260801"
"shenandoah valley realty","N","45","70","26","","","0.19","0.31","117","11,5,9,7,9,5,7,5,7,7,9,3","6,7,9,28","20260801"
"shenandoah valley va real estate","N","62","70","23","","","0.13","0.41","117","9,12,9,9,6,9,5,9,9,9,15,19","9,21,28","20260801"
"silver spring assisted living","N","28","70","25","","","3.14","0.36","135","36,81,81,63,81,63,100,63,81,45,63,36","3,6,9,21,28","20260801"
"silver springs real estate","N","48","70","23","","","0.44","0.31","20","9,9,9,6,6,6,9,9,6,15,15,4","28","20260801"
"single family homes for sale chantilly va","T","61","70","13","","","0.36","0.29","40","2,12,17,7,43,23,17,23,17,17,5,53","28","20260801"
"single family homes for sale in centreville va","T","57","70","19","","","0.27","0.31","113","23,23,23,33,23,42,9,9,52,52,52,66","9,28","20260801"
"single family homes for sale in fairfield ct","T","55","70","20","","","0.33","0.07","99","29,11,11,11,64,64,11,11,11,64,64,82","9,28","20260801"
"single family homes for sale in gaithersburg md","T","60","70","12","","","0.2","0.52","101","28,17,17,17,17,17,12,17,17,17,23,17","9,28","20260801"
"single family homes for sale in rockville md","T","64","70","21","","","0.51","0.58","102","26,42,19,19,34,34,34,19,26,26,42,19","9,28","20260801"
"single family homes in ashburn va","N","57","70","23","","","0.74","0.56","103","41,29,52,41,52,64,52,41,52,64,64,82","9,28","20260801"
"single homes for sale in gaithersburg md","T","53","70","12","","","0.2","0.52","85","78,50,35,64,50,50,35,50,50,50,64,50","28","20260801"
"single house for sale in centreville va","T","65","70","18","","","0.33","0.34","103","29,29,29,41,29,41,11,11,64,64,64,82","9,28","20260801"
"single house for sale in chantilly va","T","65","70","13","","","0.36","0.29","92","33,33,33,42,80,23,23,23,23,33,42,33","9,28","20260801"
"single house for sale in fairfax va","T","72","70","21","","","0.49","0.19","95","52,29,41,64,82,29,23,23,17,23,23,17","9,28","20260801"
"single house for sale in springfield va","T","71","70","20","","","0.29","0.43","92","64,50,64,50,64,50,0,50,50,78,50,78","28","20260801"
"small homes for sale in maryland","T","51","70","24","","","0.52","0.49","126","45,63,63,45,63,63,45,63,63,63,18,63","9,21,28,50","20260801"
"sterling il homes","N","52","70","21","","","0.09","0.28","106","11,11,11,11,11,11,11,64,82,100,82,41","28","20260801"
"sterling va homes","N","70","70","28","","","0.47","0.46","119","63,81,36,45,36,45,36,63,81,81,63,63","7,9,28","20260801"
"townhomes for sale in old town alexandria va","T","55","70","25","","","0.48","0.61","127","50,50,50,50,64,64,50,50,50,64,50,100","9,21,28","20260801"
"townhomes in fairfield ct","N","48","70","19","","","0.39","0.41","117","35,50,50,35,35,35,28,35,28,35,35,14","3,9,28","20260801"
"townhomes in springfield va","N","54","70","19","","","0.61","0.58","48","19,33,9,33,33,33,33,42,100,9,9,9","13,21,28","20260801"
"townhouses for sale in haverhill ma","T","52","70","13","","","0.2","0.44","109","33,33,33,42,42,23,23,33,33,23,23,19","9","20260801"
"trulia alexandria va","I,T","55","70","28","","","0.76","0.15","106","23,33,33,33,33,23,23,33,23,80,52,52","6,21,28","20260801"
"venta de casas baratas en baltimore md 21224","C,N","57","70","27","","","0.14","0.25","111","41,41,41,41,41,29,29,41,41,52,41,41","7,9,28,50","20260801"
"victor idaho houses for sale","T","62","70","21","","","0.24","0.48","87","10,2,2,0,0,0,0,100,14,18,18,29","28","20260801"
"victor real estate","N","59","70","29","","","0.11","0.32","112","23,28,23,28,17,17,17,17,17,12,23,17","3,7,9,28","20260801"
"warrenton mo real estate","N","53","70","14","","","0.23","0.35","107","52,52,52,41,41,29,29,41,41,41,64,41","9,21,28","20260801"
"winchester va new homes","N","49","70","16","","","2.27","0.74","134","50,100,64,64,64,50,28,35,78,50,50,35","3,9,28","20260801"
"woodbridge townhomes for sale","T","59","70","13","","","0.59","0.56","110","42,52,33,33,33,33,23,33,42,33,23,66","28","20260801"
"woodbridge va condos for sale","T","64","70","16","","","0.49","0.68","110","29,41,100,29,52,41,64,41,41,41,41,41","9,21,28","20260801"
"woodlawn house for sale","T","62","70","23","","","0.22","0.22","110","6,15,28,6,28,21,21,53,53,28,34,65","9","20260801"
"111 buck rd huntingdon valley pa 19006","C,T","65","50","15","","","0","0.01","108","11,11,64,11,11,11,11,11,64,64,64,82","7,28","20260801"
"13188 marina way woodbridge va 22191","C,N","67","50","20","","","0","0.03","108","7,7,7,42,42,7,7,7,42,42,42,53","6,9,21,28","20260801"
"2068 county line rd huntingdon valley pa 19006","C,T","65","50","17","","","0","0.04","111","14,14,14,14,14,14,100,14,14,78,78,14","7,28","20260801"
"22032 homes for sale","T","65","50","13","","","0.17","0.34","107","28,28,35,7,50,50,50,64,64,64,35,35","7,28","20260801"
"22308 real estate","N","70","50","14","","","0.05","0.31","108","78,78,14,14,14,14,14,78,21,14,78,100","21,28","20260801"
"22401 homes for sale","T","63","50","29","","","0.18","0.47","107","23,29,29,29,11,17,11,11,100,5,17,23","28","20260801"
"22407 homes for sale","T","66","50","20","","","0.5","0.49","108","23,29,17,17,52,52,64,17,0,41,41,100","7,9,28","20260801"
"ashburn land for sale","T","65","50","10","","","0.21","0.43","107","18,100,100,100,18,18,18,18,18,18,18,18","28","20260801"
"ashburn new homes","N","46","50","16","","","3.05","0.76","135","11,19,15,15,15,19,100,7,7,11,11,7","9,13,28","20260801"
"ashburn single family homes for sale","T","55","50","21","","","0.49","0.38","114","33,14,23,14,4,14,100,42,9,14,19,4","9,28","20260801"
"buying a home in alexandria","T","55","50","24","","","0","0.21","152","9,33,33,33,14,14,33,33,23,9,9,42","9,21,28,43","20260801"
"casa de venta en haverhill ma","N","60","50","12","","","0.05","0.24","112","2,1,6,4,4,6,1,29,6,9,19,44","7,9,13,28,50","20260801"
"casas baratas en fredericksburg va","N","63","50","22","","","0.12","0.32","116","82,41,29,17,23,17,17,41,29,11,11,11","9,28","20260801"
"casas de venta en bristow va","C,N","68","50","19","","","0.08","0.14","110","26,26,19,19,7,19,19,19,7,7,7,7","9,28","20260801"
"casas de venta en severn md","N","63","50","21","","","0.05","0.23","105","12,15,15,6,6,6,6,6,6,34,34,43","9,28","20260801"
"casas de venta winchester va","N","62","50","25","","","0.04","0.25","122","0,11,11,11,0,100,11,100,64,0,5,11","9","20260801"
"casas en venta en winchester virginia","N","71","50","28","","","0.04","0.25","93","1,6,12,0,9,19,1,0,2,0,19,19","7,9,28","20260801"
"casas en venta leesburg fl","C,N","57","50","29","","","0.49","0.29","87","18,100,63,100,81,45,27,18,18,18,18,18","7,9,28","20260801"
"casas en venta winchester va","N","66","50","25","","","0.12","0.41","107","15,21,53,21,21,15,6,12,0,3,6,9","9","20260801"
"cheap houses for sale in baltimore maryland","T","53","50","16","","","0.27","0.46","92","14,100,7,50,28,35,21,64,35,35,35,50","9,21,28,50","20260801"
"churchville ny homes for sale","T","51","50","11","","","0.04","0.23","108","17,11,11,52,52,41,29,5,29,5,41,82","28","20260801"
"clarksburg ca homes for sale","T","62","50","13","","","0.25","0.39","92","14,28,64,21,50,35,28,35,100,50,64,35","7,28","20260801"
"condominiums in fairfield ct","N","51","50","17","","","0.32","0.43","111","17,29,17,29,52,23,11,41,23,41,23,41","3,6,7,9,28","20260801"
"condos for sale fairfax county va","T","65","50","14","","","0.39","0.38","113","45,63,18,27,45,63,36,63,9,45,36,81","7,9,28","20260801"
"condos for sale northern va","T","63","50","22","","","0.54","0.63","122","45,81,27,36,27,18,27,36,81,45,63,27","7,9,28","20260801"
"condos for sale old town alexandria va","T","58","50","9","","","0.54","0.64","110","14,21,28,28,28,28,28,100,28,50,78,50","9,13,28","20260801"
"condos in northern va","N","60","50","24","","","0.44","0.63","134","33,33,33,33,33,33,33,9,9,9,9,9","3,9,21,28","20260801"
"devon hills condos","N","40","50","14","","","0.35","0.14","109","41,41,41,41,41,29,23,29,41,17,52,29","1,28","20260801"
"duplex for sale alexandria va","T","66","50","13","","","0.55","0.38","103","50,64,50,50,14,14,14,14,14,14,14,21","9,28","20260801"
"fair haven real estate","N","65","50","20","","","0.11","0.24","119","7,7,19,0,3,7,15,53,15,26,34,19","9,28","20260801"
"fairfax county houses for sale","T","84","50","28","","","0.66","0.46","136","8,6,5,1,1,0,0,66,1,0,1,3","9,21,28","20260801"
"fairfax station real estate","N","74","50","16","","","0.4","0.32","109","35,50,50,35,50,50,35,14,14,14,14,100","9,28","20260801"
"fairfax station va real estate","N","77","50","19","","","0.4","0.32","115","41,41,41,29,41,41,29,11,11,11,11,100","7,9,21,28","20260801"
"fairfax tax records","T","44","50","24","","","0","0.03","131","18,18,18,100,18,18,18,18,100,100,100,18","9,28","20260801"
"fairfax va condos for sale","T","68","50","22","","","0.43","0.51","91","0,4,1,17,3,3,17,0,1,0,2,2","7,9,28","20260801"
"fairfax va houses for sale","T","88","50","28","","","0.27","0.44","129","2,13,2,1,1,1,0,0,1,0,2,1","9,15","20260801"
"fairfield ct beach homes for sale","T","55","50","21","","","0.42","0.49","110","18,100,100,100,100,18,18,18,18,18,18,18","7,9,15,28","20260801"
"fairhaven homes for sale bellingham","T","59","50","13","","","0.27","0.48","123","28,35,50,50,50,50,35,50,35,50,50,50","9,28","20260801"
"fairhaven house for sale","T","63","50","24","","","0.07","0.27","38","0,10,0,2,2,2,81,0,8,0,0,8","28","20260801"
"falls church for sale","T","67","50","25","","","0.34","0.47","121","63,63,63,63,63,63,36,63,45,18,18,18","9,28","20260801"
"farmville va land for sale","T","63","50","13","","","0.13","0.31","115","45,45,63,45,36,36,36,45,100,36,36,27","7,28","20260801"
"for sale old town alexandria va","T","62","50","25","","","0.47","0.55","133","33,42,33,33,33,33,9,9,9,52,9,9","9,28","20260801"
"fort washington new homes","N","51","50","16","","","1.45","0.38","118","14,14,14,100,35,35,21,28,14,14,78,14","9,21,28","20260801"
"fort washington pa real estate","N","61","50","11","","","0.1","0.26","132","21,21,21,21,21,21,12,6,6,6,6,6","7,9,28","20260801"
"fort washington real estate","N","63","50","26","","","0.1","0.26","133","33,33,33,33,33,33,19,9,9,9,9,9","9,28","20260801"
"fredericksburg va homes for sale by owner","T","64","50","24","","","0.53","0.61","107","11,11,64,11,100,11,11,11,11,11,11,11","9,21,28","20260801"
"fredricksburg tx homes for sale","T","61","50","27","","","0.67","0.54","133","6,19,5,0,0,0,0,0,12,19,19,19","9,21,28","20260801"
"frostburg houses for sale","T","65","50","19","","","0.19","0.45","106","0,0,0,0,0,0,0,100,0,0,1,15","28","20260801"
"gaithersburg real estate","N","65","50","28","","","0.25","0.3","113","14,4,14,0,14,9,14,66,52,23,33,80","3,9,13,21,28","20260801"
"greenbackville real estate","N","59","50","19","","","0.08","0.31","107","63,36,45,45,45,63,63,63,63,18,18,18","1,28","20260801"
"haverhill ma foreclosures","N","62","50","2","","","0.29","0.15","108","21,21,28,28,21,28,64,14,21,78,78,100","7,28","20260801"
"havre de grace condos for sale","T","62","50","12","","","0.2","0.53","132","14,21,35,21,28,35,21,64,78,50,50,78","28","20260801"
"havre de grace homes for sale waterfront","T","62","50","15","","","0.18","0.59","125","7,7,7,7,42,42,7,7,7,42,7,7","7,9,21,28","20260801"
"havre de grace md waterfront homes for sale","T","62","50","15","","","0.18","0.59","111","18,18,18,18,100,100,18,18,18,100,18,18","7,9,14,15,21,28","20260801"
"havre de grace waterfront homes for sale","T","62","50","15","","","0.18","0.59","122","18,18,18,18,100,100,18,18,18,100,18,27","7,9,15,21,28","20260801"
"home for sale chantilly va","T","68","50","26","","","0.35","0.45","114","28,28,35,35,78,35,7,35,35,78,50,78","7,9,28","20260801"
"home for sale fairfax va","T","100","50","28","","","0.51","0.43","135","4,4,0,1,1,2,4,2,1,1,39,5","9,28","20260801"
"home for sale fairfield ohio","T","61","50","26","","","0.28","0.47","108","80,33,0,0,19,23,19,23,14,4,52,66","7,9,28","20260801"
"home for sale fort washington md","T","64","50","26","","","0.41","0.47","120","17,11,11,5,29,41,0,5,52,82,64,100","9,28","20260801"
"home for sale gaithersburg md","T","71","50","22","","","0.21","0.51","112","3,1,1,5,1,3,7,1,14,0,1,1","9,28","20260801"
"homes for sale 20152","T","62","50","13","","","0.25","0.47","108","11,15,11,15,11,6,6,6,8,6,6,15","","20260801"
"homes for sale 21701","T","61","50","24","","","0.77","0.58","108","22,4,4,4,4,4,4,4,22,22,4,4","28","20260801"
"homes for sale 22043","T","63","50","21","","","0.22","0.34","107","50,64,35,28,28,28,21,21,50,28,50,14","28","20260801"
"homes for sale 22312","T","64","50","23","","","0.42","0.37","107","17,52,41,29,29,41,23,52,23,29,23,64","9,13,28","20260801"
"homes for sale churchville va","T","65","50","17","","","0.18","0.28","110","27,100,36,81,100,63,27,18,0,27,27,63","28","20260801"
"homes for sale clarke county","T","57","50","21","","","0.1","0.28","107","41,23,29,41,41,29,29,29,29,23,11,11","28","20260801"
"homes for sale clarksburg village md","T","62","50","14","","","0.41","0.44","118","14,14,14,4,19,23,4,52,19,23,66,100","9,28","20260801"
"homes for sale fairfield township ohio","T","57","50","17","","","0.26","0.42","107","10,7,7,10,10,5,23,12,7,10,28,28","9,28","20260801"
"homes for sale fairhaven","T","65","50","27","","","0.07","0.27","116","21,6,21,6,0,12,28,21,28,0,9,53","7,9,28","20260801"
"homes for sale galesville md","T","65","50","13","","","0.23","0.11","106","45,81,45,45,45,36,45,100,36,36,36,63","7,9,28","20260801"
"homes for sale great falls virginia","T","70","50","23","","","0.21","0.47","121","9,12,21,21,15,6,6,100,3,0,12,28","7,9,28","20260801"
"homes for sale in 20112","T","64","50","24","","","0.46","0.52","107","64,64,28,50,35,35,50,50,35,21,28,78","21,28","20260801"
"homes for sale in 20744","T","62","50","23","","","0.28","0.59","149","63,100,81,18,18,81,18,18,0,18,18,63","9,28","20260801"
"homes for sale in 20904","T","67","50","25","","","1.02","0.36","130","45,63,0,36,63,81,81,18,9,9,45,100","9,28","20260801"
"homes for sale in 22306","T","62","50","12","","","0.16","0.45","118","100,100,71,100,71,71,42,71,42,28,100,100","9,15,28","20260801"
"homes for sale in 22405","T","64","50","23","","","0.47","0.45","121","23,41,41,29,41,41,29,100,5,5,29,29","28,49","20260801"
"homes for sale in fairfax station virginia","T","73","50","15","","","0.28","0.47","116","4,4,4,4,4,4,0,100,0,0,0,0","9,28","20260801"
"homes for sale in fairfax vermont","T","62","50","13","","","0.21","0.32","116","0,0,0,0,0,81,0,34,0,28,15,100","7,28","20260801"
"homes for sale in fairfield ca 94534","T","63","50","25","","","0.35","0.63","95","17,5,28,5,5,5,5,28,5,5,28,5","9,28","20260801"
"homes for sale in fredericksburg va 22407","T","65","50","25","","","0.87","0.43","98","18,18,18,63,63,63,18,18,100,18,63,18","9,28","20260801"
"homes for sale in galesville md","T","65","50","15","","","0.07","0.1","151","21,35,21,21,28,21,28,64,50,14,14,64","9,21,28","20260801"
"homes for sale in havre de grace","T","62","50","25","","","0.19","0.55","120","6,9,6,12,15,43,21,15,0,28,65,53","9,21,28","20260801"
"homes for sale in hopewell township","T","55","50","12","","","0.04","0.19","117","50,28,64,50,50,35,35,35,50,28,21,14","28","20260801"
"homes for sale in mount vernon va","T","69","50","12","","","0.41","0.41","103","29,64,29,23,17,23,17,29,52,64,41,29","7,9,13,28","20260801"
"homes for sale in quantico va","T","65","50","15","","","1.07","0.35","142","71,71,42,71,57,42,42,71,71,71,100,71","7,9,15,21,28","20260801"
"homes for sale in river creek leesburg","T","66","50","15","","","0.32","0.23","105","7,7,35,28,7,7,7,78,78,64,100,28","7,9,28","20260801"
"homes for sale in silver spring md 20904","T","67","50","26","","","0.36","0.55","107","5,28,5,5,5,5,5,5,5,5,28,35","9,28","20260801"
"homes for sale in silver spring md 20906","T","66","50","29","","","1.07","0.36","100","23,23,33,33,23,33,9,9,9,52,9,9","21,28","20260801"
"homes for sale in warrenton north carolina","T","62","50","19","","","0.17","0.41","115","0,6,9,9,0,0,0,100,81,3,3,3","28,49","20260801"
"homes for sale norton va","T","65","50","20","","","0.06","0.43","107","41,64,41,52,29,29,23,17,29,23,29,100","28","20260801"
"homes for sale winchester va 22602","T","68","50","20","","","0.43","0.62","107","50,50,21,28,35,35,21,64,35,28,28,64","28","20260801"
"homes for sale wirtz va","T","62","50","9","","","0.06","0.37","107","63,81,63,100,63,45,63,0,45,45,45,27","28","20260801"
"homes in clarksburg wv","N","58","50","20","","","0.27","0.48","115","18,18,100,100,18,18,18,100,18,18,100,18","9,15,21,28","20260801"
"homes in hopewell va","N","64","50","22","","","0.31","0.46","109","26,26,19,26,26,26,7,11,7,7,7,7","9,28","20260801"
"homes in leesburg fl for sale","T","66","50","28","","","0.51","0.55","105","0,3,3,3,0,0,3,0,15,54,23,23","9,21,28","20260801"
"homes in oakton","N","63","50","13","","","0.32","0.41","111","28,100,100,57,100,71,100,100,71,42,42,71","9,28","20260801"
"house for sale 20850","T","60","50","24","","","0.26","0.36","98","44,100,33,44,55,22,22,100,55,55,44,55","28","20260801"
"house for sale 20906","T","63","50","13","","","0.45","0.35","108","26,19,34,3,15,26,11,65,11,19,26,26","9,28","20260801"
"house for sale 22030","T","71","50","18","","","0.13","0.33","105","100,81,18,27,63,36,36,81,18,27,18,63","15,28","20260801"
"house for sale frostburg md","T","70","50","21","","","0.19","0.45","109","35,43,2,0,0,23,17,0,12,0,5,12","9,13,21,28","20260801"
"house for sale harpers ferry","T","63","50","13","","","0.37","0.49","108","0,0,0,0,0,0,0,80,100,34,3,0","9,28","20260801"
"house for sale havre de grace","T","62","50","22","","","0.21","0.53","117","5,5,2,17,10,12,10,7,35,12,17,0","9,28","20260801"
"house for sale in clarksburg md","T","66","50","16","","","0.36","0.48","114","11,19,19,19,15,15,11,3,42,3,34,19","9,28","20260801"
"house for sale in lexington va","T","68","50","25","","","0.23","0.4","108","5,3,2,0,0,0,3,1,48,0,0,0","9,28","20260801"
"house for sale in silver spring md 20906","T","68","50","23","","","1.07","0.36","20","45,45,63,63,45,63,18,18,18,100,18,18","28","20260801"
"house for sale on woodlawn","T","62","50","15","","","0.37","0.23","187","9,23,23,9,19,19,9,66,52,23,23,42","9,28","20260801"
"houses for sale 20110","T","61","50","24","","","0.47","0.42","107","63,36,63,63,45,63,27,45,36,36,27,45","9,28","20260801"
"houses for sale 22192","T","67","50","21","","","0.42","0.41","109","23,9,4,19,4,23,9,33,42,23,14,9","28","20260801"
"houses for sale altavista va","T","63","50","19","","","0.07","0.4","105","52,82,5,23,29,17,5,0,5,41,11,52","28","20260801"
"houses for sale fairfax vt","T","69","50","11","","","0.21","0.32","107","33,33,23,23,19,23,14,23,42,42,33,100","7,28","20260801"
"houses for sale fairfield township ohio","T","56","50","18","","","0.29","0.4","109","63,45,18,18,18,36,18,45,45,81,81,63","9,28","20260801"
"houses for sale fairhaven wa","T","54","50","15","","","0.27","0.48","107","29,41,52,29,29,29,23,41,29,23,23,41","9,21,28","20260801"
"houses for sale falls church","T","63","50","27","","","0.43","0.44","125","19,80,33,33,9,4,4,9,0,19,19,19","7,9,21,28","20260801"
"houses for sale fort washington md","T","68","50","24","","","0.23","0.46","110","0,2,2,0,5,2,7,2,0,2,7,2","9,15,28","20260801"
"houses for sale hopewell nj","T","60","50","21","","","0.06","0.35","111","34,21,21,28,6,9,3,0,9,0,34,6","9,28","20260801"
"houses for sale in 20882","T","58","50","17","","","0.34","0.47","34","78,78,14,14,14,14,14,14,14,14,78,100","28","20260801"
"houses for sale in 20904","T","60","50","23","","","1.02","0.36","139","45,63,27,36,63,45,27,18,27,9,45,81","13,28","20260801"
"houses for sale in bristow ok","T","54","50","17","","","0.11","0.44","118","82,64,17,17,23,5,0,23,5,5,29,11","7,9,28","20260801"
"houses for sale in churchville","T","57","50","17","","","0.12","0.3","134","35,35,50,35,50,14,14,78,14,78,21,100","9,28","20260801"
"houses for sale in downtown fredericksburg va","T","67","50","13","","","0.29","0.7","20","23,33,42,42,9,42,9,9,9,9,9,9","28","20260801"
"houses for sale in forestville ny","T","62","50","10","","","0.06","0.19","106","35,14,21,21,35,7,0,0,50,100,100,50","28","20260801"
"houses for sale in havre de grace maryland","T","62","50","22","","","0.21","0.53","131","21,50,35,35,35,50,7,35,28,78,100,100","9,28","20260801"
"houses for sale in north beach","T","62","50","23","","","0.31","0.41","124","35,21,28,0,35,28,28,78,78,64,35,100","28","20260801"
"houses for sale new fairfield","T","58","50","17","","","0.05","0.49","112","50,28,14,21,35,28,50,64,50,50,64,35","9,28","20260801"
"houses for sale north beach","T","58","50","18","","","0.18","0.48","106","22,22,22,4,4,4,4,4,4,4,22,29","28","20260801"
"houses for sale winchester in","T","55","50","16","","","0.17","0.56","104","23,29,64,41,52,29,11,11,11,41,11,11","28","20260801"
"houses for sale winchester virginia","T","62","50","27","","","0.36","0.51","115","10,10,18,14,2,6,2,4,14,22,0,4","9","20260801"
"houses in clarksburg wv","N","59","50","18","","","0.27","0.48","113","18,18,100,100,18,18,18,100,18,18,100,18","9,15,28","20260801"
"houses in fredericksburg va under $300 000","N","58","50","10","","","0.64","0.52","108","50,50,35,35,35,35,21,14,14,14,14,14","9,28","20260801"
"kentlands gaithersburg real estate","N","53","50","15","","","0.21","0.24","114","63,63,63,63,63,45,18,18,18,18,18,18","9,28","20260801"
"kentlands md real estate","N","54","50","11","","","0.17","0.2","111","33,33,33,33,33,23,9,9,9,9,9,9","7,9,28","20260801"
"kentlands real estate","N","51","50","22","","","0.17","0.2","115","26,26,34,26,26,19,7,7,7,7,7,15","1,7,9,28","20260801"
"kentlands real estate gaithersburg md","N","57","50","20","","","0.21","0.24","117","63,63,45,63,63,45,18,18,18,18,18,18","3,9,28","20260801"
"kentlands real estate md","N","54","50","17","","","0.21","0.24","113","63,63,45,63,63,45,18,18,18,18,18,18","3,7,9,14,15,28","20260801"
"land for sale clarke county va","T","54","50","15","","","0.11","0.44","109","41,29,41,23,29,29,29,23,41,29,23,23","9,28","20260801"
"land for sale fairfield ca","T","51","50","13","","","0.14","0.36","106","77,77,77,55,55,55,55,77,77,55,77,55","7,28","20260801"
"land for sale in ashburn va","T","58","50","15","","","0.24","0.52","110","14,78,78,78,14,14,14,14,14,14,14,14","28","20260801"
"land for sale in front royal","T","62","50","16","","","0.12","0.39","101","27,18,36,0,63,45,81,63,100,100,63,81","9,28","20260801"
"land for sale in harpers ferry wv","T","53","50","9","","","0.14","0.34","98","35,50,21,28,21,35,28,35,50,35,35,100","7,28,49","20260801"
"leesburg fl houses for sale","T","60","50","26","","","0.34","0.54","112","26,7,34,11,7,7,7,42,7,7,7,7","28","20260801"
"lexington va realtors","N","53","50","21","","","3.52","0.67","111","15,9,9,21,6,6,12,15,28,28,28,21","3,6,9,28","20260801"
"loves ruther glen","T","62","50","18","","","0","0.02","110","50,21,28,64,14,21,50,78,78,50,21,14","1,7,9,21,28","20260801"
"marion va real estate agents","N","55","50","28","","","2.06","0.44","139","14,78,78,14,14,14,14,14,14,78,78,100","3,7,15,28","20260801"
"maryland city md real estate","N","61","50","19","","","0.05","0.06","147","18,18,63,45,45,63,45,45,36,36,36,63","3,9,28","20260801"
"new construction homes in winchester va","N","45","50","15","","","2.14","0.61","144","18,63,81,100,100,27,27,18,45,36,18,18","3,7,9,28","20260801"
"new construction townhomes in alexandria va","N","46","50","23","","","2.78","0.99","147","9,9,33,33,9,9,33,33,33,33,33,33","3,7,9,20,21,28","20260801"
"new fairfield ct homes","N","56","50","11","","","0.32","0.38","56","55,77,55,33,0,44,44,100,44,100,22,55","28","20260801"
"new fairfield ct houses for sale","T","62","50","13","","","0.06","0.32","115","0,9,5,5,9,1,1,5,23,4,15,100","7,9,28","20260801"
"new homes centreville va","N","55","50","16","","","1.92","0.58","118","52,52,41,82,5,17,29,23,11,5,11,11","9,21,28","20260801"
"new homes for sale fairfield ca","T","52","50","25","","","1.37","0.4","125","57,71,100,100,71,71,100,100,57,71,71,100","3,9,28","20260801"
"new townhomes alexandria va","N","47","50","23","","","2.78","0.99","134","63,63,18,27,100,63,27,36,27,36,36,45","3,7,9,13,20,28","20260801"
"new townhomes in alexandria va","N","46","50","23","","","2.16","0.86","154","9,9,33,33,9,9,33,33,33,33,33,33","3,9,28","20260801"
"nokesville virginia homes for sale","T","64","50","15","","","0.14","0.46","111","0,0,0,0,0,0,100,0,0,0,0,0","28","20260801"
"norton virginia homes for sale","T","62","50","23","","","0.25","0.38","109","0,0,0,0,0,0,0,82,0,100,0,2","9,21,28","20260801"
"nursing homes silver spring md","N","29","50","27","","","5.2","0.55","110","55,55,77,55,55,55,55,44,55,77,100,44","3,6,9,15,21,28","20260801"
"oakton va homes for sale","T","68","50","11","","","0.22","0.41","122","5,23,8,6,6,3,15,1,18,1,18,6","9,28","20260801"
"old town alexandria for sale","T","57","50","25","","","0.47","0.66","109","63,81,63,63,63,63,18,18,18,100,18,18","9,28","20260801"
"old town alexandria houses for sale","T","58","50","26","","","0.29","0.53","135","15,0,26,3,26,11,11,34,26,26,26,100","9,21,28","20260801"
"old town alexandria townhomes","N","49","50","21","","","0.83","0.53","114","9,36,45,36,45,45,18,63,18,100,100,18","7,9,13,28","20260801"
"pound va restaurants","N","62","50","29","","","0","0.11","114","78,78,14,14,14,14,14,14,14,78,14,100","3,7,9,21,28","20260801"
"pulte homes clarksburg town center","C,T","39","50","13","","","0.81","0.31","23","26,26,26,19,19,26,7,7,7,7,7,7","9,28","20260801"
"real estate agents in fairhaven ma","N","52","50","13","","","3.06","0.18","134","41,29,29,17,23,11,11,11,11,64,11,11","3,7,9,28","20260801"
"real estate fairfield county ct","N","58","50","27","","","0.42","0.19","137","77,77,100,55,77,44,33,22,11,44,55,100","9,28","20260801"
"real estate gaithersburg md","N","65","50","28","","","0.25","0.3","116","4,4,19,19,42,33,33,33,33,19,23,100","9,28","20260801"
"real estate in harpers ferry wv","N","63","50","13","","","0.23","0.45","97","4,4,4,0,35,0,0,100,0,0,0,0","9,21,28","20260801"
"real estate listings fairfax va","N","84","50","28","","","0.28","0.32","128","100,64,21,14,14,14,14,14,14,14,78,50","9,28","20260801"
"realtors in front royal va","N","58","50","26","","","6.41","0.78","145","52,52,29,23,23,23,23,23,17,41,29,41","3,6,7,9,28","20260801"
"realtors in oakton","N","63","50","22","","","0","0","118","0,77,77,44,100,77,77,55,55,55,33,55","3,7,9,28","20260801"
"realty marion va","N","62","50","27","","","0.18","0.36","109","42,71,42,71,100,57,28,100,71,71,28,100","3,7,28","20260801"
"recently sold homes in haverhill ma","C,N","62","50","10","","","0","0.01","124","82,41,64,0,0,0,0,100,0,0,17,11","7,28","20260801"
"rentcafe fairfax county","N","67","50","10","","","1.57","0.11","105","9,9,9,9,52,9,9,9,100,80,9,9","9,28","20260801"
"severn md real estate","N","62","50","25","","","0.13","0.25","20","8,6,5,3,3,2,1,1,1,1,1,3","21,28","20260801"
"shenandoah valley real estate","N","59","50","21","","","0.19","0.31","128","7,7,7,5,4,4,4,7,7,7,7,12","9,28","20260801"
"shenandoah valley virginia real estate","N","61","50","23","","","0.13","0.41","129","11,6,11,11,6,8,11,8,11,6,6,5","9,21,28","20260801"
"shenandoah virginia real estate","N","62","50","15","","","0.23","0.26","116","44,33,44,33,77,55,44,77,77,77,100,55","9,28","20260801"
"silver springs senior living","N","28","50","18","","","2.92","0.56","134","45,100,63,63,63,18,100,45,18,27,18,27","3,9,13,21,28","20260801"
"single family homes for sale in fort washington md","T","63","50","12","","","0.26","0.19","97","18,18,18,100,63,45,45,18,18,100,18,18","9,28","20260801"
"single family homes for sale in springfield va","T","66","50","19","","","0.23","0.36","93","35,35,35,35,64,35,50,28,50,64,35,78","9,28","20260801"
"small homes for sale maryland","T","48","50","25","","","0.52","0.49","125","17,17,17,12,17,17,12,17,12,17,17,17","9,21,28,50","20260801"
"sterling colorado homes for sale","T","53","50","28","","","0.08","0.48","95","2,3,1,2,4,0,2,5,0,0,1,0","21,28","20260801"
"sterling homes sale","T","53","50","24","","","0.45","0.37","184","28,3,21,9,15,12,9,21,12,21,28,28","9,28","20260801"
"sterling mass real estate","N","57","50","14","","","0.03","0.14","107","64,78,100,50,35,35,21,0,7,7,7,14","9,28","20260801"
"sterling vacation homes","N","64","50","21","","","0","0.33","117","14,33,33,52,23,19,23,23,23,19,19,19","3,7,21,28","20260801"
"tax records fairfax county","I,T","80","50","26","","","2.69","0.04","106","0,0,36,6,0,6,9,6,9,0,0,0","1,9,28","20260801"
"town houses for sale alexandria va","T","63","50","24","","","2.64","0.4","113","14,14,14,78,78,14,100,14,14,14,14,14","9,28","20260801"
"townhomes for sale in woodbridge va 22191","I,T","67","50","19","","","0.47","0.47","96","0,0,0,4,80,100,23,42,0,52,66,66","6,9,28","20260801"
"townhomes for sale winchester va","T","57","50","11","","","0.46","0.67","","63,36,18,27,36,27,18,100,27,100,27,63","9,28","20260801"
"townhouse for sale in reston va","T","61","50","12","","","0.46","0.5","98","41,52,0,29,23,100,11,11,0,5,5,52","9,28","20260801"
"townhouses for sale in bristow va","T","57","50","12","","","0.42","0.42","120","9,18,45,45,45,45,36,63,81,63,63,100","28","20260801"
"townhouses for sale winchester va","T","61","50","13","","","0.46","0.6","109","17,17,41,11,41,52,29,17,64,17,11,29","7,9,28","20260801"
"victor id homes for sale","T","62","50","20","","","0.17","0.47","108","35,100,50,21,28,50,50,14,7,14,21,50","28","20260801"
"winchester ohio homes for sale","T","62","50","23","","","0.13","0.31","122","18,45,45,27,45,45,36,45,63,100,81,45","9,28","20260801"
"winchester virginia homes for sale","T","67","50","29","","","0.36","0.51","122","5,14,3,1,0,17,1,0,0,26,0,1","9,21","20260801"
"101 braddock rd frostburg md","C,T","65","40","12","","","0","0.01","123","7,7,7,7,42,7,7,7,7,42,42,53","21,28","20260801"
"101 braddock rd frostburg md 21532","C,T","65","40","13","","","0","0.01","109","35,50,35,50,50,14,14,14,14,14,14,14","7,28","20260801"
"101 braddock road frostburg md","C,T","65","40","17","","","0","0.01","110","14,14,14,14,78,14,0,14,14,78,78,100","21,28","20260801"
"101 braddock road frostburg md 21532","C,T","65","40","17","","","0","0.01","112","14,14,14,14,78,14,14,14,14,78,78,100","21,28","20260801"
"20147 homes for sale","T","58","40","19","","","0.36","0.43","108","11,64,11,11,11,11,11,11,11,64,11,11","9,28","20260801"
"20147 houses for sale","T","60","40","23","","","0.49","0.45","109","18,100,18,18,18,18,18,18,18,100,18,18","9,28","20260801"
"22309 homes for sale","T","69","40","19","","","1.01","0.41","105","11,23,11,41,23,17,17,5,5,52,11,100","28","20260801"
"22312 homes for sale","T","66","40","21","","","0.42","0.37","105","28,50,35,28,21,21,28,50,7,28,21,50","28","20260801"
"34 balsam st fairhaven ma","N","65","40","12","","","0","0","106","100,9,9,9,0,9,9,9,9,0,0,9","7,9,28","20260801"
"725 lisa circle huntingdon valley pa 19006","C,N","65","40","12","","","0","0","5640","9,0,9,9,9,9,9,9,100,9,0,9","7,28","20260801"
"alexandria louisiana real estate listings","N","49","40","27","","","0.42","0.32","9960000","14,14,23,4,14,19,9,33,19,23,33,19","15,28","20260801"
"alexandria townhouses for sale","T","61","40","27","","","1.93","0.58","108","0,0,0,35,14,0,100,78,0,100,21,7","9,21,28","20260801"
"altavista va real estate","N","62","40","26","","","0.25","0.4","104","11,29,41,29,29,41,23,11,11,11,11,11","3,28","20260801"
"ashburn va townhomes for sale","T","49","40","21","","","0.69","0.46","104","33,77,77,77,100,33,33,11,0,0,44,22","9,21,28","20260801"
"baltimore md new homes","N","64","40","28","","","2.29","0.74","141","22,55,55,33,44,44,55,77,100,22,33,77","3,6,9,13,28","20260801"
"berkshire hathaway fairfield ct","C,T","45","40","14","","","0.35","0.16","109","57,100,71,57,42,42,42,28,57,28,71,71","1,7,21,28","20260801"
"buchanan va homes for sale","T","66","40","17","","","0.21","0.38","120","33,100,55,44,77,77,33,22,11,11,77,55","7,28","20260801"
"burke va real estate agents","N","66","40","20","","","7.11","0.84","145","18,45,100,100,36,18,18,18,18,18,18,18","3,7,9,28","20260801"
"buy house in chantilly va","T","69","40","24","","","0","0.29","128","18,18,18,18,18,18,18,18,18,18,18,18","9,28","20260801"
"chantilly va houses for sale","T","70","40","23","","","0.35","0.45","123","0,1,1,1,1,0,1,0,0,66,0,1","7,9,21,28","20260801"
"cheap houses for sale in orange county va","T","62","40","14","","","0.31","0.63","103","23,11,82,100,11,11,11,11,11,11,11,11","21,28","20260801"
"chesapeake beach houses for sale","T","62","40","22","","","0.35","0.42","121","23,17,23,23,17,5,5,100,5,0,11,82","28","20260801"
"chesapeake real estate tax","I,T","62","40","21","","","0","0.01","103","14,14,23,23,9,23,23,0,42,52,4,4","1,7,9,21,28","20260801"
"clarke county ga homes for sale","T","52","40","9","","","0.23","0.39","148","29,29,23,17,11,29,23,29,29,23,29,23","7,9,28","20260801"
"clarksburg md real estate","N","64","40","15","","","0.09","0.37","111","4,7,4,4,5,5,3,5,7,1,3,7","9,28","20260801"
"clarksburg real estate","C,N","54","40","27","","","0.29","0.3","112","9,33,4,4,23,23,14,23,33,23,14,33","9,28","20260801"
"condominiums for sale in northern virginia","T","60","40","17","","","0.54","0.63","118","18,100,18,18,18,18,18,18,18,18,18,18","7,9,28","20260801"
"condominiums in northern virginia","N","48","40","24","","","0.74","0.5","138","100,18,18,18,63,18,18,18,18,18,18,18","3,7,9,21,28,43","20260801"
"condos for sale havre de grace","T","62","40","12","","","0.2","0.53","110","35,28,28,28,35,50,14,14,7,78,35,35","9,28","20260801"
"condos for sale havre de grace md","T","62","40","12","","","0.2","0.53","111","27,36,63,18,27,45,27,81,27,36,27,63","9,28","20260801"
"condos for sale in huntingdon valley pa","T","60","40","12","","","0.14","0.44","107","21,14,78,78,14,21,14,14,14,14,14,100","28","20260801"
"condos for sale northern virginia","T","59","40","22","","","0.54","0.63","20","57,100,28,57,42,28,42,42,57,71,71,42","9,28","20260801"
"condos in old town alexandria","N","46","40","16","","","0.71","0.61","47","17,52,29,23,29,23,23,0,29,41,41,64","3,21,28","20260801"
"exmore va homes for sale","T","62","40","12","","","0.13","0.39","119","0,41,29,52,0,17,11,100,0,0,5,82","7,9,28","20260801"
"fairfax city va real estate","N","73","40","24","","","0.42","0.33","142","0,0,0,0,0,0,6,35,11,23,6,3","9,28","20260801"
"fairfax county condos for sale","T","70","40","20","","","0.45","0.53","90","100,80,80,80,60,100,80,60,60,60,60,80","7,9,28","20260801"
"fairfax county foreclosures","N","56","40","15","","","0.32","0.43","20","27,27,45,45,36,45,45,36,18,27,18,36","28","20260801"
"fairfax for sale","T","73","40","29","","","0.19","0.31","115","63,36,27,27,27,27,18,27,18,18,18,18","7,9,28","20260801"
"fairfax station va homes for sale","T","73","40","15","","","0.28","0.47","122","0,7,15,19,34,3,7,53,42,0,3,3","28","20260801"
"fairfax station va houses for sale","T","73","40","17","","","0.28","0.47","120","3,11,7,11,7,3,7,100,0,0,0,11","28","20260801"
"fairhaven wa condos for sale","T","53","40","15","","","0.26","0.59","138","55,55,55,22,55,44,77,22,22,22,22,22","9,21","20260801"
"for sale 22308","T","65","40","12","","","0.05","0.49","153","14,14,14,14,14,14,14,14,14,78,21,14","9,14,15,28","20260801"
"foreclosure homes in springfield va","N","70","40","4","","","0.46","0.71","110","27,27,18,36,45,36,100,18,18,18,18,18","7,28","20260801"
"forestville property management","N","62","40","0","","","0","0.09","111","57,71,71,71,57,42,100,57,57,42,57,28","7,28","20260801"
"fort washington land for sale","T","64","40","12","","","0.23","0.47","98","63,63,63,18,18,100,18,18,18,18,18,18","28","20260801"
"front royal va real estate for sale","T","62","40","24","","","0.11","0.27","100","63,9,36,18,45,45,36,63,36,36,27,36","9,21,28","20260801"
"galesville md homes for sale","T","65","40","13","","","0.23","0.11","147","14,7,35,7,35,28,35,78,28,28,28,50","9,21,28","20260801"
"great falls virginia zip code","C,N","41","40","25","","","0","0.33","129","0,35,35,50,28,28,64,21,0,50,14,21","6,21,28,50","20260801"
"harpers ferry iowa real estate","N","53","40","16","","","0.09","0.24","117","7,42,42,7,7,7,7,7,7,7,7,7","7,28","20260801"
"home for sale in silver spring md 20903","T","61","40","12","","","0.13","0.25","123","14,78,14,14,14,14,14,14,14,14,14,14","9,15,28","20260801"
"home for sale warrenton va","T","67","40","27","","","0.42","0.5","115","5,15,3,1,18,8,1,8,3,8,11,15","9,28","20260801"
"homes chantilly va","N","64","40","29","","","0.49","0.46","116","33,77,100,100,77,0,0,0,11,11,11,22","3,7,9,28","20260801"
"homes for sale 20165","T","66","40","26","","","0.18","0.44","106","35,21,28,14,35,21,21,50,50,28,50,64","28","20260801"
"homes for sale 20852","T","61","40","21","","","0.42","0.43","106","55,100,33,77,33,55,44,44,44,44,44,55","28","20260801"
"homes for sale 22191","T","66","40","25","","","0.37","0.52","105","27,36,36,36,27,18,27,45,0,45,100,36","21,28","20260801"
"homes for sale 22193","T","69","40","16","","","0.42","0.41","39","26,26,7,15,11,3,7,11,15,15,26,11","28","20260801"
"homes for sale 22311","T","60","40","20","","","0.45","0.35","109","18,18,100,100,18,18,18,18,18,18,18,18","21,28","20260801"
"homes for sale alexandria va 22310","T","69","40","26","","","0.21","0.28","106","50,50,50,14,14,28,28,28,14,28,35,50","28","20260801"
"homes for sale churchville md","T","62","40","11","","","0.15","0.24","105","17,29,41,23,17,29,17,29,29,29,41,41","28","20260801"
"homes for sale fries va","T","68","40","13","","","0.17","0.36","107","63,100,36,63,45,45,45,0,27,27,27,36","28","20260801"
"homes for sale hunt valley","T","63","40","12","","","0.17","0.4","107","0,0,0,3,3,0,15,100,26,19,11,19","9,28","20260801"
"homes for sale in 22310","T","65","40","22","","","0.48","0.39","139","36,45,36,45,100,45,81,0,9,9,9,18","9,28","20260801"
"homes for sale in alexandria va 22309","T","71","40","19","","","0.59","0.57","119","100,18,18,18,18,18,18,18,18,18,18,18","15,28","20260801"
"homes for sale in bel air maryland","T","60","40","23","","","0.47","0.47","121","19,9,2,2,1,1,0,4,1,0,1,6","9,28","20260801"
"homes for sale in clarke county ga","T","51","40","18","","","0.22","0.44","156","100,100,57,71,42,0,0,57,0,57,57,14","21,28","20260801"
"homes for sale in clarksburg village md","T","62","40","16","","","0.41","0.44","125","41,5,5,5,17,5,23,64,23,41,29,5","7,9,28","20260801"
"homes for sale in fredericksburg virginia","T","74","40","28","","","0.56","0.51","147","8,15,11,6,3,3,5,6,11,8,5,6","9,15,28","20260801"
"homes for sale in harpers ferry","T","63","40","19","","","0.37","0.49","124","10,0,6,4,0,6,4,43,0,14,0,0","9,28","20260801"
"homes for sale in north beach maryland","T","62","40","13","","","0.27","0.5","118","14,23,23,23,14,14,9,100,0,4,9,33","7,9,28","20260801"
"homes for sale in union hall va","T","61","40","12","","","0.05","0.28","20","42,57,71,14,42,100,28,100,100,28,28,71","28","20260801"
"homes for sale near fredericksburg va","T","74","40","29","","","0.7","0.72","126","9,14,9,9,9,9,9,9,19,9,9,9","9,28","20260801"
"homes for sale north beach","T","62","40","14","","","0.31","0.41","111","11,11,17,41,41,23,29,0,52,23,41,100","9,28","20260801"
"homes for sale ruther glen","T","62","40","19","","","0.52","0.58","111","2,0,0,0,0,0,0,0,100,0,0,100","9,28","20260801"
"homes for sale union hall va","T","62","40","11","","","0.05","0.28","107","0,28,35,7,21,50,14,50,50,35,50,100","9,28","20260801"
"homes for sale warrenton","T","62","40","28","","","0.42","0.5","112","3,15,3,0,0,3,3,100,3,26,3,80","7,9,28","20260801"
"homes harpers ferry wv","N","63","40","16","","","0.42","0.53","20","9,36,36,27,45,36,27,100,18,18,27,27","9,21,28","20260801"
"hopewell jct ny homes for sale","T","62","40","20","","","0.07","0.39","110","0,0,0,0,0,0,2,100,0,4,4,22","9,28","20260801"
"hopewell property management","N","32","40","6","","","2.18","0.2","120","27,63,36,63,18,27,27,18,27,18,100,81","3,6,7,21,28","20260801"
"hopewell property search","N","47","40","10","","","0","0.05","108","45,63,0,0,0,63,63,45,45,63,63,9","28","20260801"
"hotels north beach maryland","N","62","40","13","","","0.81","0.91","117","0,29,41,29,29,29,23,23,17,17,29,23","7,9,17,21,28","20260801"
"house for sale buchanan va","T","62","40","12","","","0.1","0.34","104","21,7,50,7,100,50,78,14,0,21,7,14","9,28","20260801"
"house for sale fairhaven ma","T","65","40","16","","","0.06","0.27","115","1,3,15,1,8,8,0,11,8,8,1,15","7,9,13,21,28","20260801"
"house for sale great falls va","T","67","40","21","","","0.31","0.48","134","5,5,11,100,5,82,0,0,52,5,23,29","7,9,28","20260801"
"house for sale in 20878","T","59","40","23","","","0.45","0.34","115","71,71,57,100,100,57,42,28,0,14,100,71","9,28","20260801"
"house for sale in alexandria va 22309","T","69","40","19","","","0.59","0.57","119","42,7,7,7,7,7,7,7,7,7,7,7","9,28","20260801"
"house for sale in chantilly va 20152","T","68","40","16","","","0.24","0.41","116","100,18,100,18,18,18,18,18,18,18,18,18","9,28","20260801"
"house for sale in fredericksburg va 22407","T","65","40","25","","","0.87","0.43","93","9,9,9,33,33,33,9,9,33,9,33,9","9,28","20260801"
"house for sale in hopewell","T","62","40","17","","","0.2","0.41","142","42,71,71,42,71,71,57,71,57,57,100,57","9,28","20260801"
"house for sale in leesburg fl","T","60","40","28","","","0.34","0.5","110","3,15,6,34,53,0,0,3,15,0,28,43","9,28","20260801"
"house for sale in silver spring md 20903","T","64","40","16","","","0.13","0.25","109","14,78,14,14,14,14,14,14,14,14,14,14","9,28","20260801"
"house for sale marion va","T","67","40","24","","","0.14","0.39","107","17,23,29,41,100,11,11,0,0,0,11,29","14,28,49","20260801"
"house for sale sterling illinois","T","55","40","23","","","0.06","0.44","97","14,0,4,4,9,33,23,33,33,42,33,33","9,14,28","20260801"
"house sale haverhill","T","62","40","28","","","0.27","0.42","109","0,0,0,0,0,0,0,100,0,0,0,2","28","20260801"
"houses for sale 22152","T","71","40","23","","","0.49","0.41","106","45,63,9,0,18,18,27,45,63,27,0,45","7,28","20260801"
"houses for sale chantilly","T","57","40","20","","","0.35","0.45","110","5,66,2,2,0,2,0,5,17,7,17,2","28","20260801"
"houses for sale chesapeake beach maryland","T","62","40","23","","","0.35","0.42","111","0,0,0,0,0,0,0,100,0,0,0,22","9,21,28","20260801"
"houses for sale churchville va","T","67","40","17","","","0.18","0.28","105","9,100,63,63,36,63,63,18,27,9,45,18","9,28","20260801"
"houses for sale fairfax vermont","T","62","40","12","","","0.21","0.32","107","0,0,0,0,0,0,0,100,0,0,0,2","7,28","20260801"
"houses for sale haverhill nh","T","62","40","13","","","0.17","0.51","107","50,78,64,50,14,14,14,14,14,14,14,21","9,21,28","20260801"
"houses for sale in alexandria louisiana","T","55","40","22","","","0.22","0.44","106","3,1,15,11,11,15,6,0,1,0,1,0","28","20260801"
"houses for sale in chesapeake city","T","62","40","16","","","0.08","0.36","140","0,0,0,0,0,0,0,100,0,0,0,0","7,9,28","20260801"
"houses for sale in fair haven","T","63","40","22","","","0.06","0.2","128","2,0,0,0,0,0,0,22,8,0,0,2","9,28","20260801"
"houses for sale in falls church","T","59","40","22","","","0.21","0.44","149","28,7,7,35,7,78,7,14,0,28,28,64","9,21,28","20260801"
"houses for sale in marshall virginia","T","66","40","14","","","0.4","0.51","120","0,50,78,64,100,7,14,0,0,0,0,14","9,28","20260801"
"houses for sale westover wv","T","64","40","13","","","0.44","0.45","104","0,0,63,18,27,18,18,100,63,81,100,63","28","20260801"
"houses in great falls va","N","67","40","22","","","0.38","0.28","136","0,19,19,19,26,26,34,7,15,19,42,53","5,9,13,28","20260801"
"houses in hopewell va","N","61","40","26","","","0.29","0.44","110","33,33,23,33,33,33,9,9,9,9,9,9","6,9,28","20260801"
"hunt texas real estate","N","54","40","19","","","0.08","0.49","112","7,100,11,7,7,7,7,7,7,7,7,7","6,9,21,28","20260801"
"huntingdon valley condos for sale","T","52","40","12","","","0.14","0.44","106","14,14,78,78,14,14,14,14,14,14,14,100","28","20260801"
"land clearing fogelsville pa","N","64","40","14","","","0","0","97700","20,60,100,80,100,80,80,80,80,60","3,7,9","20260801"
"land for sale haverhill nh","T","62","40","10","","","0.11","0.32","35","14,78,78,14,14,14,14,14,14,14,14,100","28","20260801"
"land for sale in bristow ok","T","46","40","9","","","0.09","0.28","20","22,55,44,11,11,44,22,100,55,100,22,33","28","20260801"
"land for sale in clarke county va","T","54","40","10","","","0.09","0.46","107","22,44,55,55,33,44,44,44,77,33,33,44","28","20260801"
"land for sale in fairhaven ma","T","54","40","7","","","0.19","0.19","107","18,100,100,18,18,18,18,18,18,18,18,18","7,28","20260801"
"land for sale in fort washington md","T","54","40","12","","","0.23","0.47","106","7,7,5,2,2,12,2,2,2,2,2,2","9,28","20260801"
"land for sale orange county va","T","48","40","9","","","0.1","0.42","106","27,18,27,18,36,63,36,27,45,45,36,27","28","20260801"
"land for sale shenandoah va","T","55","40","10","","","0.12","0.42","108","45,45,63,36,45,45,18,18,18,27,45,18","9,28","20260801"
"land management company fogelsville pa","N","64","40","5","","","0","0","195000","20,60,100,80,100,100,60,80,80,100","3,7,9,28","20260801"
"lexington va mls listings","N","63","40","20","","","0.18","0.32","112","18,18,18,18,18,18,18,18,18,100,18,18","9,21,28","20260801"
"luxury homes in bethesda md","T","44","40","6","","","0.83","0.18","128","18,81,81,100,18,18,18,18,18,18,63,81","5,7,9,21,28","20260801"
"mansions in maryland for sale","T","54","40","19","","","0.4","0.44","51","27,81,45,100,63,36,27,18,27,9,18,27","5,7,28","20260801"
"mls listings lexington va","N","63","40","28","","","0.18","0.32","10","11,11,11,11,11,11,11,11,11,64,11,11","21,28","20260801"
"mobile homes for sale in havre de grace md","T","62","40","17","","","0","0.33","114","18,27,18,36,18,81,100,27,18,18,18,18","3,7,28","20260801"
"mount vernon va homes for sale","T","68","40","12","","","0.41","0.41","114","17,41,23,17,23,29,17,29,23,23,29,41","7,9,28","20260801"
"new builds ashburn va","N","45","40","21","","","1.78","0.54","134","22,100,100,55,77,22,22,22,22,22,22,22","3,9,14,20,28","20260801"
"new construction bristow va","T","65","40","7","","","1.65","0.78","113","7,50,35,35,35,14,14,14,14,78,14,14","3,9,20,28","20260801"
"new construction in fredericksburg va","N","48","40","11","","","2.77","0.78","153","77,100,44,55,77,11,55,44,0,11,33,77","3,9,28","20260801"
"new homes for sale fredericksburg va","T","54","40","4","","","1.51","0.7","131","57,57,100,100,42,71,28,100,71,71,0,57","9,28","20260801"
"new homes for sale in woodbridge va","T","58","40","12","","","1.4","0.73","32","41,11,41,11,11,23,11,11,17,41,11,17","9,28","20260801"
"new homes in woodbridge virginia","N","53","40","10","","","2.79","0.3","157","18,100,100,18,18,18,18,18,18,18,18,18","3,9,28","20260801"
"new townhomes springfield va","N","65","40","22","","","1.44","0.72","117","0,100,100,71,71,100,100,14,0,14,14,14","3,7,9,28","20260801"
"new townhouses in woodbridge va","N","51","40","21","","","1.87","0.86","148","27,100,45,45,27,36,18,18,0,27,18,27","9,21,28","20260801"
"old town houses for sale","T","57","40","22","","","0.23","0.4","117","21,9,6,9,21,12,6,3,28,15,6,21","28","20260801"
"open houses in frederick md","N","50","40","12","","","0.58","0.65","119","36,45,45,18,45,27,27,45,36,45,36,63","9,28","20260801"
"pasture clearing fogelsville pa","N","64","40","0","","","0","0","9770","20,60,80,60,80,100,80,80,80,80","3,7,9,21","20260801"
"real estate agents hopewell va","N","50","40","21","","","5.81","0.79","117","18,18,100,18,18,18,18,100,18,18,18,18","3,6,7,9,28","20260801"
"real estate agents in clarksburg wv","N","62","40","17","","","3.22","0.3","132","14,28,57,42,28,42,57,42,100,100,100,100","3,7,9,21,28","20260801"
"real estate clarksburg wv","N","62","40","20","","","0.42","0.54","585000","23,33,9,0,14,9,9,100,9,9,9,9","3,9,21,28","20260801"
"real estate fairhaven ma","N","64","40","16","","","0.09","0.29","113","21,35,78,50,78,28,28,14,0,0,7,35","7,9,28","20260801"
"real estate for sale front royal va","T","62","40","22","","","0.22","0.31","111","71,0,71,28,71,71,57,100,57,28,42,57","9,28","20260801"
"real estate great falls va","N","74","40","28","","","0.28","0.42","20","55,55,77,44,33,55,33,33,44,44,55,33","3,7,9,28","20260801"
"real estate hopewell nj","N","62","40","19","","","0.04","0.28","115","71,100,57,100,57,14,28,71,57,57,71,71","9,13,21,28","20260801"
"realtor.com sterling ma","I,T","52","40","27","","","0","0.02","151","63,27,63,27,18,45,18,0,18,100,100,100","6,28","20260801"
"roofing bristow va","N","65","40","0","","","0","0.9","43","20,60,80,60,80,100,80,100,80,100,80,80","1,7,21","20260801"
"ruther glen va real estate","N","57","40","27","","","0.52","0.61","129","100,100,100,27,18,18,18,18,18,18,18,18","3,9,28","20260801"
"sell house maryland","N","45","40","21","","","0","0.33","111","9,100,100,36,9,0,18,36,18,27,27,36","9,20,21,28,50","20260801"
"sell your house baltimore","N","64","40","3","","","0","0.33","126","28,57,71,42,71,57,71,71,57,71,57,57","3,7,9,20,21,28","20260801"
"shenandoah village homes for sale","T","62","40","0","","","0.39","0.22","153","27,45,63,36,45,45,18,18,27,18,18,45","28","20260801"
"single family homes for sale in chantilly va","T","67","40","14","","","0.36","0.29","107","15,15,0,3,21,6,6,21,9,15,15,28","9,21,28","20260801"
"single family homes for sale in warrenton va","T","61","40","11","","","0.3","0.4","103","18,18,100,100,18,18,18,18,18,18,18,18","9,28","20260801"
"single family homes in burke va","N","66","40","20","","","0","0.43","103","18,100,100,18,18,18,18,18,18,18,18,18","7,9,28","20260801"
"stanardsville volunteer fire","C,T","62","40","18","","","0","0.03","105","100,18,18,18,18,18,18,18,18,18,18,18","1,6,7,9,21,28","20260801"
"townhomes for sale chantilly va","T","70","40","12","","","0.35","0.59","108","0,2,0,0,0,0,2,100,0,2,0,66","7,9,28","20260801"
"townhomes old town alexandria","N","49","40","23","","","0.83","0.53","112","57,100,71,57,71,71,28,71,28,28,28,28","1,7,9,13,28","20260801"
"townhouse for sale in woodbridge","T","57","40","13","","","0.54","0.56","98","35,35,35,21,21,28,21,35,50,21,21,78","28","20260801"
"townhouses for sale in winchester va","T","57","40","14","","","0.46","0.67","20","52,29,11,0,17,17,11,23,64,29,23,64","21,28","20260801"
"venta de casas en winchester va","N","62","40","25","","","0.04","0.25","120","0,0,0,0,0,100,0,80,0,0,0,100","7,9,28","20260801"
"victor id houses for sale","T","62","40","20","","","0.24","0.48","104","2,2,2,2,2,0,2,100,0,0,0,0","28","20260801"
"victor idaho land for sale","T","62","40","12","","","0.34","0.54","99","45,45,45,36,100,81,63,0,0,0,9,81","28","20260801"
"warrenton nc real estate","N","58","40","22","","","0.28","0.37","107","29,41,41,23,29,17,11,11,11,11,11,11","21,28","20260801"
"winchester va foreclosures","N","62","40","7","","","0.3","0.5","105","33,44,33,33,55,33,77,55,22,100,33,33","7,28","20260801"
"ashburn new construction homes","N","44","30","24","","","3.38","0.84","128","100,18,18,18,18,18,18,18,18,18,18,18","3,9,28","20260801"
"ashburn va new homes","N","50","30","24","","","3.05","0.76","134","2,7,17,7,10,7,5,7,2,28,7,5","3,7,9,28","20260801"
"best realtor in northern virginia","N","47","30","16","","","9.05","0.68","138","44,100,100,33,11,11,11,22,33,22,11,44","3,6,7,9,21,28,43","20260801"
"best realtors in northern virginia","N","49","30","11","","","9.05","0.68","149","19,14,14,23,9,9,14,19,19,9,9,23","6,7,9,21,28","20260801"
"falls church realtor","I,N","57","30","29","","","9.24","0.77","","11,17,17,41,23,17,17,17,17,17,11,11","3,6,7,9,28","20260801"
"falls church realtors","N","63","30","21","","","7.14","0.97","116","20,60,60,40,80,40,60,60,60,60,40,40","3,7,9,28","20260801"
"falls church va real estate agents","N","66","30","20","","","11.18","0.37","155","14,35,35,14,21,28,28,14,14,14,14,100","3,7,9,21,28","20260801"
"frederick single family homes","N","53","30","17","","","1.16","0.7","125","7,7,42,7,7,7,7,7,7,7,7,7","9,28","20260801"
"gainesville va property management","N","63","30","10","","","8.92","1","111","40,60,60,60,60,60,80,80,80,80,40,100","3,7,28","20260801"
"homes in quantico va","N","65","30","19","","","1.29","0.2","114","14,14,14,14,14,64,50,14,14,14,14,100","3,9,21,28","20260801"
"hotels in pound va","T","62","30","20","","","1.11","0.53","49","17,23,29,11,23,11,11,11,11,11,11,11","7,17,21,28","20260801"
"leesburg new homes for sale","T","49","30","20","","","1.6","0.63","141","18,18,36,36,45,27,18,27,27,18,36,36","9,28","20260801"
"manassas new construction homes","N","52","30","13","","","2.44","0.69","124","18,36,45,45,45,18,18,18,18,27,18,18","9,28","20260801"
"meadows of chantilly homes for sale","T","50","30","9","","","1.2","0.28","167","11,17,23,11,17,17,11,11,17,29,11,11","1,7,28","20260801"
"new construction homes in springfield va","N","65","30","18","","","2.01","0.75","134","50,75,75,50,100,50,75,50,50,50,50,50","3,9,28","20260801"
"new construction oakton va","N","53","30","19","","","1.59","0.79","121","18,18,18,100,18,18,18,18,18,18,18,18","3,7,9,14,15,28","20260801"
"new homes for sale ashburn","T","65","30","20","","","1.63","0.75","128","11,17,23,17,23,11,11,11,11,11,11,11","9,28","20260801"
"new homes for sale baltimore","N","64","30","28","","","1.44","0.27","122","11,15,26,7,0,15,3,3,0,19,15,19","9,28","20260801"
"new homes for sale bel air md","T","62","30","11","","","1.37","0.66","114","2,2,2,2,12,2,2,2,2,2,2,12","9,28","20260801"
"new homes for sale in chantilly","T","50","30","9","","","1.71","0.45","146","40,100,100,40,40,40,40,40,40,40,40,40","7,9,28","20260801"
"new homes for sale winchester va","T","62","30","14","","","1.4","0.71","123","0,60,100,100,100,20,40,80,40,80,20,60","7,9,21,28","20260801"
"new homes in chantilly","N","45","30","15","","","2.87","0.8","41","60,100,100,80,80,40,40,20,60,100,40,40","3,7,9,28","20260801"
"new homes in falls church va","N","53","30","15","","","1.28","0.83","165","11,15,19,7,7,7,7,7,7,7,7,7","3,7,9,28","20260801"
"new homes in havre de grace md","N","62","30","18","","","1.62","0.7","50","0,100,100,33,0,0,11,44,11,11,33,100","3,13,21","20260801"
"new homes in marshall va","N","66","30","15","","","1.6","0.78","137","18,27,27,18,27,18,45,18,36,18,18,18","3,7,9,28","20260801"
"new homes in sterling","N","64","30","18","","","1.59","0.62","115","28,42,57,100,42,42,57,57,71,28,57,28","1,9,28","20260801"
"new homes in warrenton va","N","45","30","15","","","1.81","0.75","122","33,33,44,44,33,11,77,44,44,55,55,22","3,7,9,28","20260801"
"new homes near fredericksburg va","N","49","30","10","","","1.42","0.18","154","28,100,100,57,28,28,71,42,28,28,28,71","3,9,28","20260801"
"new homes nokesville va","N","64","30","2","","","2.3","0.68","111","28,28,28,28,28,28,42,28,28,100,100,57","7,9,28","20260801"
"new single family homes ashburn va","N","50","30","25","","","2.64","0.78","134","14,21,28,28,21,21,0,21,14,35,28,14","9,28","20260801"
"new townhomes woodbridge va","N","51","30","17","","","1.87","0.86","134","36,27,18,18,18,18,18,36,36,18,81,100","3,7,9,20,28","20260801"
"oakton new homes","N","46","30","16","","","2.09","0.51","121","18,36,36,100,18,18,18,18,18,18,18,18","3,9,21","20260801"
"open houses ashburn va","N","62","30","19","","","0.82","0.51","116","18,45,36,36,36,45,27,27,18,45,45,63","6,9,28","20260801"
"pest solutions ruther glen va","T","62","30","12","","","9.91","0.71","103","14,14,14,14,14,14,28,28,35,14,14,14","1,7,28","20260801"
"quantico va homes","N","65","30","22","","","1.29","0.2","115","14,14,14,14,14,64,50,14,14,14,14,100","3,6,9,21,28","20260801"
"quantico va homes for sale","T","65","30","14","","","1.59","0.34","132","60,80,60,60,100,40,40,80,20,80,100,80","7,9,14,15,21,28","20260801"
"quantico virginia houses","N","65","30","21","","","1.45","0.23","115","9,9,9,9,9,42,33,9,9,9,9,9","6,9,13,21,28","20260801"
"real estate agent gainesville va","N","58","30","27","","","8.42","0.78","139","7,7,7,7,7,7,7,7,7,26,7,7","3,7,9,21,28","20260801"
"real estate agents in loudoun county va","N","64","30","19","","","11","0.68","142","18,18,18,18,18,18,18,18,18,18,18,18","3,9,21,28","20260801"
"real estate agents springfield va","N","63","30","22","","","9.77","0.76","115","14,50,28,14,14,14,14,14,14,14,14,14","3,6,7,28","20260801"
"realtors front royal","N","62","30","22","","","6.41","0.78","113","57,57,42,42,28,28,28,28,28,42,71,100","3,6,7,9,28","20260801"
"realtors in falls church va","N","62","30","19","","","7.14","0.97","166","28,100,71,71,57,28,42,42,42,28,28,42","3,7,9,28","20260801"
"realtors in marion va","N","53","30","28","","","3.56","0.42","108","28,71,42,28,28,28,28,28,28,71,100,71","3,7,21,28","20260801"
"springfield va real estate agents","N","70","30","29","","","7.98","0.28","132","40,40,80,80,80,40,40,40,40,40,40,40","3,7,9,21,28","20260801"
"top realtors in northern va","N","64","30","24","","","9.61","0.76","148","60,80,60,60,60,60,60,100,40,40,40,40","3,7,9,21,28,43","20260801"
"winchester estates homes for sale","T","62","30","3","","","2.12","0.14","146","14,14,14,14,14,14,100,14,14,14,78,14","6,9,28","20260801"
"woodlawn va hotels","N","62","30","17","","","1.11","0.98","212000","9,15,15,9,15,12,6,6,6,6,6,6","7,17,21,28","20260801"