"Keyword","Intent","Relevance","Volume","KD %","PKD %","Pot. traffic","CPC","Competition","Results","Trend","SERP Features","Updated"
"townhomes for sale","T","58","40500","27","","","0.69","0.52","24400000","16,20,20,24,24,55,67,45,45,55,55,100","7,9,21,28,50","20260801"
"townhomes for sale near me","T","63","33100","28","","","0.64","0.59","101000000","16,20,20,16,20,67,36,45,36,55,55,100","15,21,28,50","20260801"
"townhomes sale near me","T","62","4400","28","","","0.64","0.59","23000000","0,0,0,29,100,44,24,54,44,66,0,0","3,21,28,50","20260801"
"townhouse for sale","T","51","4400","21","","","0.58","0.5","54300000","16,29,29,19,19,19,24,24,24,16,16,29","9,28,50","20260801"
"town houses for sale near me","T","52","3600","27","","","0.64","0.59","211000000","66,54,36,36,36,29,54,36,24,54,29,36","7,9,21,28,50","20260801"
"ranch style homes for sale","T","45","2900","28","","","0.45","0.39","145","66,44,100,66,66,44,44,53,35,66,53,53","5,7,9,21,28","20260801"
"homes for sale in winchester va","T","54","2400","29","","","0.36","0.5","115","65,65,65,43,43,43,43,43,36,43,54,100","9,28","20260801"
"townhome for sale","T","59","2400","21","","","0.69","0.52","55","44,35,35,29,44,23,23,23,29,23,23,19","9,21,28,43,50","20260801"
"townhome near me","T","52","1900","28","","","1.22","0.75","17300000","16,24,13,5,16,4,13,10,7,16,8,7","3,7,9,15,21,28","20260801"
"buy house in springfield va","T","57","1600","26","","","0.24","0.47","110","65,3,24,44,44,55,55,44,55,65,65,44","9,15,21,28","20260801"
"homes for sale in alexandria la","T","45","1300","26","","","0.39","0.45","93","37,84,52,68,68,68,68,68,46,68,52,68","21,28","20260801"
"homes for sale in falls church va","T","56","1300","27","","","0.21","0.44","147","44,24,24,34,34,30,44,44,30,44,44,55","9,15,21,28","20260801"
"homes for sale in warrenton va","T","58","1300","29","","","0.42","0.5","112","41,54,79,54,41,41,24,79,54,30,79,41","9,21,28","20260801"
"homes for sale warrenton va","T","54","1300","27","","","0.42","0.5","119","54,41,54,41,41,41,36,79,54,36,36,41","9,13,28","20260801"
"homes for sale with pool near me","T","43","1300","15","","","0.33","0.55","121","35,19,12,12,29,12,5,23,7,12,19,23","9,15,28,50","20260801"
"houses for sale in falls church va","T","57","1300","27","","","0.43","0.44","145","100,100,30,79,54,54,79,20,54,79,24,79","9,21,28","20260801"
"town homes for sale","T","56","1300","19","","","0.69","0.52","20900000","16,16,16,12,23,12,12,16,16,12,16,12","9,21,28,50","20260801"
"condos for sale in arlington va","T","65","1000","12","","","0.5","0.55","95","52,100,68,68,52,46,52,37,25,37,37,31","7,9,28","20260801"
"homes for sale in falls church virginia","T","57","1000","27","","","0.43","0.44","140","46,52,52,52,46,37,37,68,37,68,52,84","7,9,21,28","20260801"
"stamford condos for sale","T","54","1000","18","","","0.21","0.5","108","36,55,100,55,81,62,55,55,81,100,62,100","7,28","20260801"
"townhouse condo sale","T","52","1000","22","","","0.4","0.35","156","46,5,37,52,52,52,46,52,52,100,84,52","9,15,21,28,50","20260801"
"condos for sale in stamford ct","T","54","880","15","","","0.21","0.5","91","45,45,55,62,45,45,45,45,55,62,45,62","7,9,28","20260801"
"homes for sale warrenton mo","T","47","880","14","","","0.27","0.45","105","100,76,76,67,67,55,45,67,55,55,55,100","28","20260801"
"realtor com townhomes","I,T","64","880","26","","","0","0.03","126","0,0,16,100,0,0,0,0,0,0,0,0","28","20260801"
"townhouses for sale in frederick md","T","63","880","15","","","0.77","0.63","111","100,2,2,1,1,1,1,1,1,1,2,2","28","20260801"
"condos and townhomes for sale","T","54","720","0","","","0.5","0.52","216","20,31,16,46,37,25,25,46,16,84,52,52","9,28,50","20260801"
"homes for sale in new fairfield ct","T","53","720","20","","","0.06","0.32","110","45,45,13,36,45,36,36,45,62,45,81,45","9,28","20260801"
"homes for sale in springfield va","T","60","720","23","","","0.76","0.47","130","20,52,25,37,37,37,46,37,37,46,52,68","7,9,28,49","20260801"
"houses for sale alexandria la","T","47","720","26","","","0.39","0.45","108","88,88,88,100,88,59,72,72,59,48,48,48","28","20260801"
"houses for sale in alexandria la","T","47","720","28","","","0.39","0.45","46","37,37,16,31,46,37,25,68,37,46,52,46","28","20260801"
"houses for sale in chantilly va","T","55","720","23","","","0.35","0.45","122","46,46,52,31,46,25,31,25,25,52,37,46","7,9,28","20260801"
"houses for sale in new fairfield ct","T","52","720","15","","","0.06","0.32","114","36,76,13,36,76,45,36,100,76,55,55,67","7,9,28","20260801"
"condos for sale in frederick md","T","58","590","15","","","0.56","0.6","104","54,67,67,54,54,44,81,67,54,67,54,54","9,28","20260801"
"condos for sale in maryland","T","58","590","18","","","0.36","0.55","90","45,45,45,45,36,36,36,36,13,36,36,24","7,9,21,28","20260801"
"condos for sale springfield ohio","T","52","590","21","","","0.28","0.43","103","36,45,36,36,45,67,30,36,36,55,45,45","28","20260801"
"condos for sale stamford ct","T","57","590","20","","","0.21","0.5","107","67,81,100,67,67,54,67,67,54,44,67,67","7,13,15,21,28","20260801"
"fairfax station homes for sale","T","62","590","20","","","0.28","0.47","126","48,48,88,39,39,48,39,48,48,59,48,59","28","20260801"
"falls church homes for sale","T","49","590","27","","","0.43","0.44","138","24,20,45,55,36,30,24,36,45,30,36,36","7,9,21,28","20260801"
"falls church houses for sale","T","53","590","25","","","0.43","0.44","128","36,45,24,76,36,36,30,55,30,36,100,36","7,9,13,28","20260801"
"homes for sale alexandria la","T","45","590","28","","","0.39","0.45","108","81,81,67,67,54,54,44,81,67,44,44,54","28","20260801"
"homes for sale in chantilly va","T","54","590","23","","","0.35","0.45","126","24,36,45,81,36,24,24,36,45,30,36,81","7,9,28","20260801"
"homes for sale in urbana md","T","49","590","15","","","0.55","0.49","136","59,39,88,59,59,48,39,48,48,59,59,88","7,9,28","20260801"
"homes for sale warrenton oregon","T","45","590","15","","","0.19","0.46","109","67,81,81,67,67,54,54,54,67,54,54,81","28","20260801"
"houses for sale in fairfax county","T","65","590","23","","","0.66","0.46","140","16,5,11,8,52,5,3,52,52,52,84,52","9,28","20260801"
"houses for sale in springfield va","T","60","590","25","","","0.76","0.47","127","30,45,24,36,36,24,30,100,55,67,36,55","7,28","20260801"
"lakeside plaza condos","N","48","590","19","","","0.59","0.05","107","0,0,0,0,0,0,0,65,0,0,0,0","3,6,7,9,28","20260801"
"md condos for sale","T","53","590","18","","","0.36","0.55","116","81,81,100,81,66,66,81,81,66,81,81,66","9,21,28","20260801"
"townhomes for sale in ashburn va","I,T","62","590","23","","","0.69","0.46","97","66,81,81,66,66,54,66,81,81,81,100,81","6,9,28","20260801"
"2 bedroom townhomes for sale","N","56","480","18","","","0.65","0.54","130","81,81,100,81,81,66,81,100,81,100,100,81","21,28,50","20260801"
"affordable townhouse for sale","T","64","480","18","","","0.54","0.14","39","0,0,0,0,0,0,0,0,100,0,0,0","21,28,50","20260801"
"alexandria townhomes for sale","T","70","480","28","","","1.93","0.58","109","44,7,15,36,81,44,19,100,81,100,81,67","9,21,28","20260801"
"arlington condos for sale","T","55","480","15","","","0.5","0.55","112","36,55,55,36,24,55,45,76,24,24,30,24","9,28","20260801"
"condo for sale in stamford ct","T","56","480","23","","","0.21","0.5","91","30,45,55,30,36,24,20,36,36,76,55,67","7,28","20260801"
"condo townhouse for sale","T","51","480","13","","","0.5","0.52","152","45,45,20,45,30,24,30,55,30,36,45,55","9,21,28,50","20260801"
"condos for sale in springfield ma","T","53","480","27","","","0.13","0.47","110","66,81,66,81,66,54,54,54,54,66,66,66","9,28","20260801"
"condos in arlington va","N","60","480","22","","","0.66","0.47","119","54,67,100,67,36,44,44,81,36,44,44,36","3,7,9,13,21,28","20260801"
"condos in maryland","N","55","480","20","","","0.46","0.41","134","54,54,54,54,54,54,54,54,100,54,54,66","3,7,9,21,28","20260801"
"fairfax condos for sale","T","74","480","25","","","0.43","0.51","111","66,66,66,66,100,44,54,81,66,36,29,54","7,9,28","20260801"
"fairfax county homes for sale","T","65","480","24","","","0.66","0.46","108","55,45,55,36,24,30,36,76,30,30,36,30","9,28","20260801"
"fairfax county tax records","C,T","37","480","29","","","1.64","0.04","124","45,55,24,20,45,20,16,36,45,45,55,30","1,9,21,28","20260801"
"homes for sale in dumfries va","T","59","480","17","","","0.46","0.56","111","48,59,48,39,39,48,39,39,48,59,59,48","9,28","20260801"
"homes for sale in fairfax vt","T","58","480","15","","","0.21","0.32","114","36,54,54,29,54,54,67,44,36,67,54,100","7,28","20260801"
"homes for sale in falls church city va","T","58","480","22","","","0.43","0.44","155","8,5,36,79,54,4,4,5,3,8,2,2","7,9,28","20260801"
"homes for sale new fairfield ct","T","53","480","15","","","0.06","0.32","112","72,59,39,48,48,39,39,39,39,21,39,32","5,9,28","20260801"
"homes for sale old town alexandria va","T","53","480","27","","","0.39","0.54","112","81,81,66,66,29,54,54,66,54,81,81,81","9,28","20260801"
"houses for sale in warrenton mo","T","46","480","13","","","0.27","0.45","109","36,67,54,67,44,44,36,100,36,44,44,54","28","20260801"
"mclean house condominiums","C,T","46","480","23","","","0.5","0.09","125","81,81,66,81,66,66,81,66,81,81,81,100","1,7,9,13,21,28","20260801"
"new fairfield ct homes for sale","T","53","480","16","","","0.06","0.32","111","54,81,100,66,81,54,36,81,100,54,81,81","7,9,28","20260801"
"new homes frederick md","N","51","480","17","","","3.15","0.93","136","54,100,100,81,81,100,81,66,66,66,54,66","3,7,9,13,28","20260801"
"porto vecchio condominiums alexandria va","C,T","58","480","11","","","0.5","0.12","108","44,54,66,66,66,54,66,66,66,81,100,100","1,7,9,21,28","20260801"
"stamford ct condos for sale","T","52","480","25","","","0.23","0.36","92","20,25,37,20,25,16,31,25,31,52,37,84","28","20260801"
"townhomes for sale in ct","T","61","480","19","","","0.25","0.5","120","66,81,81,81,66,66,81,100,100,100,66,54","9,28","20260801"
"townhomes in manassas va for sale","T","70","480","17","","","0.53","0.57","115","54,15,15,36,54,44,67,54,36,67,67,44","9,21,28","20260801"
"townhomes in maryland","N","61","480","29","","","0.93","0.52","135","72,72,48,48,39,48,48,9,32,39,59,59","3,7,9,20,28","20260801"
"townhouses for sale in maryland","T","64","480","16","","","0.72","0.56","133","66,66,54,66,54,66,54,66,54,81,54,66","7,9,28","20260801"
"3 bedroom townhomes for sale","T","53","390","17","","","0.78","0.58","130","66,36,54,44,36,44,44,44,66,100,54,44","21,28,50","20260801"
"3 bedroom townhouse for sale","T","50","390","17","","","0.78","0.58","124","66,44,54,44,66,54,35,81,66,100,66,66","15,21,28,50","20260801"
"affordable townhomes for sale near me","T","59","390","25","","","0.81","0.59","14300000","0,0,0,0,0,0,54,1,100,54,2,2","21,28,50","20260801"
"apt for sale in stamford ct","T","56","390","25","","","0.15","0.45","95","81,23,23,54,81,81,81,81,54,81,81,54","7,28","20260801"
"boston massachusetts townhouses","N","52","390","23","","","4.26","0.27","128","54,23,23,66,81,81,81,81,66,100,81,66","3,7,9,13,21,28","20260801"
"buy condo arlington va","T","65","390","21","","","0.44","0.57","116","20,4,45,81,62,2,0,5,0,6,8,1","6,7,9,21,28","20260801"
"cary townhomes for sale","T","57","390","19","","","0.54","0.59","110","36,44,66,66,44,54,54,44,12,54,66,44","9,28","20260801"
"condo townhomes for sale","N","54","390","5","","","0.4","0.35","143","21,32,39,32,32,21,26,39,48,100,72,59","9,28,50","20260801"
"condominiums for sale in arlington tx","T","49","390","23","","","0.47","0.55","113","54,44,100,54,54,54,54,54,44,54,54,54","28","20260801"
"condos for sale arlington va","T","66","390","13","","","0.5","0.55","119","54,67,44,44,36,36,36,67,23,19,23,23","7,9,28","20260801"
"condos for sale fairfield ct","T","57","390","10","","","0.23","0.31","106","100,81,81,66,81,66,54,81,66,44,81,81","7,28","20260801"
"condos for sale in fairfield ct","T","57","390","9","","","0.09","0.31","106","100,66,66,66,44,36,36,81,66,54,66,66","9,28","20260801"
"condos in stamford ct","N","53","390","26","","","0.32","0.5","109","35,66,66,66,66,81,54,54,66,66,81,81","3,7,9,28","20260801"
"fairlington village arlington","C,T","51","390","20","","","0.33","0.08","107","81,23,23,44,44,44,44,81,54,100,100,66","1,6,9,21,28","20260801"
"fairlington village va","N","59","390","22","","","0.33","0.08","45","81,23,23,44,44,44,44,81,54,100,100,66","3,9,21,28,50","20260801"
"homes for sale in fairfax county","T","67","390","29","","","0.66","0.46","20","66,81,81,44,66,54,35,54,66,66,66,81","21,28","20260801"
"houses for sale fairfax city virginia","T","63","390","20","","","0.23","0.48","125","66,19,19,44,66,66,66,81,54,66,66,54","9,28","20260801"
"houses for sale falls church va","T","55","390","24","","","0.43","0.44","130","13,20,4,8,5,4,4,84,4,7,8,11","9,13,28","20260801"
"houses for sale in fairfax vt","T","58","390","15","","","0.21","0.32","114","44,81,54,36,44,81,81,66,54,54,54,100","7,28","20260801"
"land for sale winchester va","T","47","390","20","","","0.13","0.47","106","81,66,66,54,66,66,66,66,54,54,54,81","7,28","20260801"
"new homes in frederick md","N","50","390","19","","","2.55","0.98","143","36,45,36,30,24,24,16,30,20,16,20,24","3,7,9,28","20260801"
"porto vecchio alexandria virginia","N","52","390","11","","","0.51","0.14","102","66,23,19,54,66,66,66,66,54,81,100,81","1,7,9,28","20260801"
"rancher style homes for sale","T","44","390","15","","","0.45","0.39","204","48,59,32,32,48,32,32,32,59,26,32,100","9,28,50","20260801"
"reston condos for sale","T","57","390","16","","","0.45","0.56","41","21,59,59,39,48,39,21,26,39,48,48,39","7,9,21,28","20260801"
"rockville condos for sale","T","54","390","28","","","0.46","0.59","110","44,54,100,81,54,66,54,66,54,66,66,100","7,9,28","20260801"
"the colonies of mclean","T","40","390","20","","","0.8","0.08","127","54,81,81,81,66,66,66,44,35,81,100,100","1,5,7,9,13,21,28","20260801"
"town home for sale near me","T","57","390","17","","","0.62","0.52","126000000","0,0,0,19,0,0,0,0,0,15,0,0","15,21,28,50","20260801"
"townhouse for sale in manassas va","T","66","390","14","","","0.53","0.57","113","66,66,66,44,44,44,66,54,54,66,81,54","9,28","20260801"
"arlington ma condos for sale","T","47","320","14","","","0.12","0.4","80","54,54,54,35,54,54,44,54,35,66,66,66","7,9,21,28","20260801"
"chantilly homes for sale","T","53","320","29","","","0.35","0.45","48","2,20,2,20,20,13,16,16,16,25,31,25","28","20260801"
"condo and townhomes for sale","T","51","320","0","","","0.4","0.35","221","16,24,30,20,30,16,20,20,45,36,30,24","9,28,50","20260801"
"condominiums in arlington va","N","59","320","25","","","0.66","0.47","137","15,19,81,29,66,9,15,81,81,100,5,2","3,7,9,20,28","20260801"
"condos for sale in cary nc","T","50","320","16","","","0.45","0.52","122","35,35,66,54,44,54,66,66,66,54,54,66","7,9,21,28","20260801"
"condos for sale in reston va","T","63","320","18","","","0.45","0.56","113","36,54,44,36,29,29,29,36,29,44,36,54","7,9,28","20260801"
"condos or townhomes for sale near me","T","53","320","21","","","0.4","0.65","183","54,54,66,66,66,54,54,100,81,81,100,66","9,15,21,28,49,50","20260801"
"fairfax real estate assessment","C,T","39","320","20","","","0.94","0.02","94","66,66,54,54,44,54,36,15,19,23,19,44","6,9,20,28,43","20260801"
"homes for sale 22601","T","50","320","23","","","0.13","0.5","109","100,100,82,35,66,82,66,53,82,82,100,100","9,21,28","20260801"
"homes for sale springfield va","T","61","320","25","","","0.76","0.47","114","25,16,13,16,16,7,20,7,37,8,13,13","7,9,21,28","20260801"
"house for sale falls church va","T","57","320","24","","","0.21","0.44","123","36,44,23,54,44,36,29,36,23,29,36,44","9,28","20260801"
"houses for sale in warrenton oregon","T","45","320","14","","","0.19","0.46","111","35,81,66,23,28,44,35,81,54,66,54,54","28","20260801"
"manassas townhomes for sale","T","72","320","15","","","0.53","0.57","112","66,81,81,54,44,44,81,44,23,54,54,44","9,28","20260801"
"new townhouses for sale near me","T","53","320","28","","","1.75","0.72","191","24,20,20,16,24,10,20,24,13,16,20,24","1,15,21,28,50","20260801"
"property search fairfax","C,T","47","320","19","","","0","0.03","110","13,30,20,24,20,36,30,10,67,20,24,100","9,28","20260801"
"savoy at reston town center","C,T","42","320","18","","","0.96","0.12","178","82,82,82,82,82,82,100,82,82,100,100,82","1,7,9,21,28","20260801"
"springfield va homes for sale","T","60","320","25","","","0.24","0.47","112","26,21,26,21,17,48,26,26,17,21,100,39","9,21,28","20260801"
"stamford apartments for sale","T","51","320","19","","","0.16","0.45","107","36,36,54,36,44,44,36,54,36,54,54,44","15,28","20260801"
"the arlington condominium","N","44","320","28","","","1.04","0.09","118","66,66,54,54,43,66,81,81,66,100,100,100","3,7,9,28","20260801"
"townhomes for sale fort worth","T","59","320","15","","","1.02","0.67","108","54,66,54,66,54,54,66,66,54,66,66,66","7,9,28","20260801"
"townhomes for sale frederick md","T","65","320","15","","","0.77","0.63","112","100,3,5,1,6,2,1,10,5,0,8,13","9,28","20260801"
"townhomes for sale in cary nc","T","60","320","17","","","0.54","0.59","126","28,54,54,54,44,54,44,66,35,44,81,54","9,15,21,28","20260801"
"townhomes for sale in centreville va","T","67","320","15","","","0.39","0.56","103","66,81,54,54,66,54,35,66,54,43,81,54","7,9,28","20260801"
"townhomes for sale in fairfax va","T","94","320","21","","","0.41","0.54","110","23,100,15,29,81,12,10,44,29,19,15,12","9,21,28","20260801"
"townhomes for sale in springfield va","T","74","320","17","","","0.37","0.45","116","54,54,44,54,44,54,54,54,35,54,54,100","7,9,28","20260801"
"townhouse for sale in fairfax va","T","86","320","23","","","0.45","0.53","122","36,67,29,23,23,36,36,23,54,29,54,54","9,28","20260801"
"townhouse for sale in gaithersburg md","T","60","320","14","","","0.65","0.55","126","82,82,66,66,66,66,53,82,82,82,82,100","9,15,28","20260801"
"townhouses for sale charleston sc","T","58","320","15","","","1.24","0.62","109","81,66,66,66,54,43,43,100,22,100,81,81","9,28","20260801"
"townhouses for sale in reston va","T","69","320","14","","","0.39","0.49","98","36,44,19,36,44,100,36,36,36,54,54,54","9,15,28","20260801"
"townhouses for sale in rockville md","T","60","320","17","","","0.83","0.66","114","54,66,66,66,54,54,66,81,81,81,66,100","9,21,28","20260801"
"winchester va houses for sale","T","56","320","29","","","0.36","0.51","119","13,16,7,7,8,8,37,13,20,16,52,31","9,28","20260801"
"2 family home for sale near me","T","52","260","23","","","0.23","0.51","150","54,100,67,36,15,23,15,1,19,1,7,7","9,28,50","20260801"
"cary condos for sale","T","52","260","15","","","0.45","0.52","106","43,18,66,54,54,29,29,66,66,81,81,66","7,9,28","20260801"
"chantilly va homes for sale","T","53","260","20","","","0.35","0.45","125","14,32,17,32,32,39,26,26,21,26,26,100","9,28,49","20260801"
"charleston townhouses for sale","T","55","260","15","","","1.24","0.62","110","36,44,29,12,19,19,19,66,54,36,12,54","9,21,28","20260801"
"condos for sale charlottesville va","T","56","260","12","","","0.39","0.63","106","44,66,44,44,44,44,28,35,54,35,28,44","28","20260801"
"condos for sale in arlington tx","T","50","260","25","","","0.47","0.55","109","26,32,32,21,21,26,26,32,26,21,32,21","21,28","20260801"
"condos for sale in gaithersburg md","T","54","260","21","","","0.23","0.62","98","44,54,54,44,44,44,44,44,35,35,35,44","9,21,28","20260801"
"condos for sale in manassas va","T","64","260","15","","","0.38","0.49","114","54,54,54,43,54,54,43,54,43,43,54,100","9,28","20260801"
"condos for sale in mclean va","T","64","260","14","","","0.46","0.55","120","82,82,82,66,82,66,66,82,53,53,66,66","7,9,28","20260801"
"condos for sale springfield ma","T","53","260","27","","","0.13","0.47","110","44,66,44,54,66,35,54,35,54,35,54,35","7,9,28","20260801"
"condos townhomes for sale near me","T","56","260","6","","","0.41","0.58","201","26,21,26,21,21,17,17,26,26,26,26,26","9,21,28,50","20260801"
"duplex for sale virginia beach","T","54","260","17","","","0.59","0.59","109","44,54,44,23,28,28,35,44,35,44,54,44","21,28","20260801"
"fairfax station houses for sale","T","61","260","19","","","0.12","0.41","119","18,44,23,35,28,23,28,28,28,66,54,44","7,28","20260801"
"falls church va homes for sale","T","55","260","26","","","0.43","0.44","144","13,30,20,24,20,8,13,20,8,13,16,16","9,21,28","20260801"
"flood zones fairfax county","C,T","62","260","22","","","0","0","107","100,0,0,0,0,0,0,0","6,28","20260801"
"frankfort townhomes for sale","T","58","260","15","","","0.07","0.45","106","66,43,100,53,82,66,53,82,66,82,82,82","28","20260801"
"frederick condos for sale","T","58","260","15","","","0.56","0.6","111","23,44,54,23,28,23,54,28,23,44,44,100","9,28","20260801"
"home for sale in fairfax station va","T","61","260","19","","","0.28","0.47","107","28,28,44,100,44,44,35,54,81,81,0,1","15,28","20260801"
"home for sale in urbana md","T","48","260","14","","","0.54","0.44","133","53,82,66,43,43,43,53,66,53,53,66,100","9,15,28","20260801"
"homes for sale chantilly va","T","55","260","22","","","0.35","0.45","112","36,36,15,54,29,54,19,15,100,19,29,36","7,9,28","20260801"
"homes for sale falls church va","T","54","260","24","","","0.43","0.44","133","43,66,81,43,66,35,29,100,81,43,66,81","7,9,13,28","20260801"
"homes for sale in alexandria in","T","45","260","22","","","0.12","0.45","116","19,9,81,29,15,12,12,66,54,54,54,54","14,28","20260801"
"homes for sale in fairfax station va","T","62","260","21","","","0.28","0.47","111","29,66,54,12,19,23,29,23,19,36,36,44","7,9,28","20260801"
"homes for sale in leesburg florida","T","49","260","26","","","0.34","0.41","113","8,8,8,5,8,8,7,5,7,5,8,7","9,15,28","20260801"
"homes for sale in montgomery village md","T","49","260","20","","","0.36","0.53","102","44,54,54,54,54,44,35,44,18,44,44,44","9,28","20260801"
"homes for sale in warrenton nc","T","48","260","21","","","0.17","0.41","20","43,53,100,100,100,82,82,43,35,66,66,53","21,28","20260801"
"house for sale in falls church va","T","55","260","23","","","0.21","0.44","148","5,16,8,20,8,11,13,13,8,13,13,25","9,28","20260801"
"house for sale in montgomery village md","T","52","260","23","","","0.36","0.53","39","28,23,44,23,54,44,35,44,44,44,44,44","9,21,28","20260801"
"houses for sale alexandria in","T","46","260","25","","","0.1","0.44","159","54,81,44,9,29,12,29,23,23,36,36,19","21,28","20260801"
"houses for sale fairfax station va","T","58","260","15","","","0.12","0.41","101","28,43,82,53,43,43,35,100,66,100,100,82","7,9,28","20260801"
"houses for sale in urbana md","T","48","260","14","","","0.55","0.49","134","39,14,5,11,9,26,32,21,17,21,32,32","9,28","20260801"
"houses for sale new fairfield ct","T","51","260","19","","","0.05","0.35","114","54,66,54,43,43,43,35,54,43,54,54,35","9,15,28","20260801"
"houses for sale warrenton mo","T","46","260","14","","","0.08","0.51","109","66,66,44,35,28,28,28,35,44,44,100,44","9,28","20260801"
"houses for sale warrenton va","T","51","260","29","","","0","0","123","54,66,66,66,44,35,54,8,8,11,35,35","7,9,28","20260801"
"houses in falls church va","N","56","260","22","","","0.24","0.42","152","53,66,66,53,53,66,66,66,66,23,66,66","7,9,28","20260801"
"lakeside plaza apartments","N","36","260","25","","","0.86","0.07","105","54,43,54,43,43,35,43,54,54,66,66,81","3,28","20260801"
"manassas park va houses for sale","T","52","260","25","","","0.46","0.5","115","66,23,23,44,35,44,44,44,35,44,54,11","9,28","20260801"
"maryland condos for sale","T","57","260","18","","","0.37","0.52","120","29,43,100,43,35,22,29,29,29,29,43,35","9,21,28","20260801"
"midtown at reston town center","N","41","260","19","","","1.52","0.23","45","82,100,66,66,66,53,66,82,53,43,43,43","3,7,13,28","20260801"
"new developments in ashburn va","N","48","260","24","","","3.05","0.76","161","66,29,29,43,43,54,54,54,43,66,66,54","3,7,9,28","20260801"
"new fairfield ct real estate","N","50","260","15","","","0.04","0.31","20","66,66,66,66,54,43,35,43,43,54,43,54","21,28","20260801"
"new subdivisions in woodbridge va","N","54","260","17","","","1.87","0.86","159","82,35,28,53,43,66,66,66,66,100,82,66","3,7,9,28","20260801"
"real estate listings falls church va","N","58","260","27","","","0.42","0.2","122","54,23,23,23,28,35,28,44,35,54,81,100","3,9,28","20260801"
"single family homes for sale in ashburn va","T","55","260","28","","","0.49","0.44","103","35,44,44,28,35,35,44,66,44,54,54,44","7,9,21,28","20260801"
"single family homes for sale in woodbridge va","T","58","260","20","","","0.44","0.42","91","23,29,29,23,29,29,29,23,29,23,29,29","9,21,28","20260801"
"single house for sale in woodbridge va","T","57","260","22","","","0.44","0.42","107","81,34,81,21,100,100,81,81,81,81,100,81","9,28","20260801"
"the arlington condos","N","40","260","14","","","1.1","0.11","111","29,18,66,14,54,66,81,81,81,100,100,100","3,7,9,28","20260801"
"town homes near me for sale","T","60","260","22","","","0.62","0.52","23000000","5,8,7,8,8,4,7,0,0,0,0,0","15,21,28,50","20260801"
"townhomes and condos for sale near me","T","58","260","12","","","0.35","0.65","202","26,21,32,26,21,17,17,26,26,32,32,39","28,50","20260801"
"townhomes for sale cary","T","58","260","19","","","0.54","0.59","111","44,35,54,44,44,35,35,35,0,44,66,28","9,28","20260801"
"townhomes for sale charleston sc","T","59","260","14","","","0.76","0.62","111","44,66,44,44,28,23,28,81,54,18,23,28","9,28","20260801"
"townhomes for sale fairfax","T","88","260","23","","","0.45","0.53","111","19,7,54,23,29,29,12,15,12,19,2,12","9,28","20260801"
"townhomes for sale fredericksburg va","T","77","260","12","","","0.73","0.69","106","54,66,43,54,66,43,43,54,29,43,54,54","9,28","20260801"
"townhomes for sale in boston ma","T","57","260","26","","","2.14","0.34","116","35,35,44,35,35,100,35,44,28,35,44,66","7,21,28","20260801"
"townhomes for sale in frankfort il","T","59","260","14","","","0.07","0.45","114","54,66,66,43,54,35,35,54,43,54,54,66","28","20260801"
"townhomes for sale in herndon va","T","67","260","18","","","0.39","0.51","109","43,54,66,54,54,43,43,43,35,54,81,100","6,7,28","20260801"
"townhomes for sale in leesburg va","T","66","260","12","","","0.47","0.42","127","43,10,66,54,66,54,54,43,81,100,66,100","28","20260801"
"townhomes for sale in lynchburg va","T","58","260","14","","","0.36","0.45","106","66,66,66,53,53,53,66,66,53,66,66,66","7,9,28","20260801"
"townhomes for sale in stafford va","T","70","260","12","","","0.66","0.63","122","53,66,53,66,53,82,66,66,43,66,66,66","9,28","20260801"
"townhomes for sale in woodbridge va","I,T","70","260","20","","","0.5","0.21","82","28,44,28,35,35,23,28,28,44,100,66,18","6,9,28","20260801"
"townhomes in baltimore","N","59","260","21","","","0.7","0.53","112","19,6,6,36,54,6,44,9,44,81,54,54","3,7,9,28","20260801"
"townhomes in woodbridge va","N","67","260","19","","","0.59","0.51","111","43,66,43,54,54,54,43,43,43,54,54,54","9,28,43","20260801"
"townhomes vancouver wa","N","56","260","22","","","1.34","0.93","126","36,44,44,44,44,29,36,29,36,36,36,44","3,7,9","20260801"
"townhouse en venta cerca de mi","C,N","55","260","28","","","0.46","0.52","1180000","35,44,66,54,28,44,28,35,35,54,66,66","13,21,28,50","20260801"
"townhouse for sale in gaithersburg","T","57","260","15","","","0.65","0.55","136","100,43,34,65,65,81,53,81,81,100,100,100","9,28,49","20260801"
"townhouses for sale in cary nc","T","60","260","16","","","0.5","0.55","131","19,44,23,29,19,23,23,19,15,29,36,29","9,21,28","20260801"
"townhouses for sale in fredericksburg va","T","69","260","12","","","0.73","0.69","108","81,100,65,100,81,81,81,100,53,65,100,100","9,28","20260801"
"2 bedroom townhouse for sale","T","55","210","17","","","0.65","0.54","123","29,44,19,66,23,19,12,29,23,36,29,23","21,28,50","20260801"
"alexandria la homes for sale","T","44","210","27","","","0.22","0.44","102","43,54,66,66,54,43,35,10,54,8,10,22","28","20260801"
"alexandria va condos for sale","T","69","210","27","","","0.45","0.61","87","12,19,23,36,81,23,29,19,29,23,19,29","9,28","20260801"
"apartments in bristow va","N","52","210","22","","","0.88","0.52","59","43,81,65,53,65,53,43,53,65,65,65,65","3,21,28","20260801"
"ashburn townhomes for sale","T","61","210","18","","","0.56","0.48","108","43,35,54,29,35,22,29,35,35,35,54,43","9,28","20260801"
"baltimore md townhouses","N","54","210","22","","","0.97","0.61","119","22,4,29,81,100,4,22,81,100,81,10,4","3,7,9,28","20260801"
"casas de venta en winchester va","N","50","210","27","","","0.04","0.25","123","12,29,23,29,29,36,23,23,15,23,29,36","9","20260801"
"casas en venta en winchester va","N","55","210","27","","","0.12","0.41","105","44,35,66,35,44,23,15,28,18,15,23,18","9,15","20260801"
"chantilly houses for sale","T","51","210","21","","","0.35","0.45","108","72,5,2,3,7,14,17,14,14,39,21,11","7,21,28","20260801"
"cheap townhouse for sale","T","51","210","18","","","0.54","0.14","186","4,7,9,11,5,7,5,5,100,48,14,26","3,28,50","20260801"
"columbia townhomes for sale","T","56","210","25","","","1.38","0.67","110","43,35,29,29,10,4,18,100,54,43,54,66","21,28","20260801"
"condominiums for sale cary nc","T","51","210","12","","","0.45","0.52","35","81,81,53,15,21,34,28,81,65,65,81,100","28","20260801"
"condominiums for sale charlottesville va","T","57","210","17","","","0.39","0.63","98","82,23,35,66,53,12,17,82,66,100,10,7","7,21,28","20260801"
"condos for sale cary nc","T","55","210","17","","","0.45","0.52","112","35,44,54,44,54,44,35,28,28,35,35,66","7,9,21,28","20260801"
"condos for sale fairfax va","T","72","210","23","","","0.33","0.51","119","35,35,43,100,100,29,22,35,18,22,22,22","7,9,28","20260801"
"condos for sale in falls church va","T","68","210","20","","","0.29","0.54","106","28,44,35,54,44,28,28,44,35,44,35,44","7,9,15,21,28","20260801"
"condos for sale in herndon va","T","65","210","14","","","0.32","0.54","105","65,100,100,65,80,80,53,65,53,65,65,80","9,28","20260801"
"condos for sale in leesburg va","T","64","210","14","","","0.39","0.45","20","53,53,53,53,53,53,43,35,35,53,43,43","28","20260801"
"condos for sale in rockville md","T","57","210","27","","","0.46","0.59","20","35,54,81,66,35,54,29,35,22,43,35,54","28","20260801"
"condos for sale in springfield il","T","48","210","15","","","0.24","0.25","80","28,53,66,43,53,53,53,100,17,53,43,100","28","20260801"
"condos for sale in stamford","T","51","210","24","","","0.23","0.36","93","53,81,81,65,100,100,43,53,53,100,81,100","7,28","20260801"
"condos for sale stamford","T","54","210","25","","","0.21","0.5","107","22,35,66,35,54,43,29,18,100,66,54,81","7,28","20260801"
"condos in arlington tx","N","50","210","29","","","0.62","0.66","108","53,53,43,53,43,53,43,53,53,66,53,53","3,7,9,28","20260801"
"condos in ashburn va","N","59","210","29","","","0.63","0.26","136","82,100,28,23,43,12,23,66,53,100,82,66","1,7,9,21,28","20260801"
"dc townhomes for sale","T","66","210","22","","","0.71","0.52","114","53,66,28,53,66,53,53,82,35,53,66,100","9,28","20260801"
"duplex for sale virginia","T","55","210","19","","","0.35","0.27","110","35,43,43,35,43,29,43,43,29,43,43,66","9,28","20260801"
"fairfax city real estate","N","58","210","29","","","0.42","0.33","124","16,13,10,24,30,5,5,24,16,24,16,20","7,9,28","20260801"
"fairfield condos for sale","T","53","210","13","","","0.44","0.37","109","65,100,81,100,53,81,53,43,34,43,53,100","7,28","20260801"
"falls church city homes","N","48","210","25","","","0.45","0.39","136","100,43,34,43,53,81,81,81,65,81,81,65","5,7,9,21,28","20260801"
"falls church va real estate","N","55","210","24","","","0.42","0.2","20","35,54,54,35,22,29,29,54,54,43,66,100","28","20260801"
"homes for sale fairfax vt","T","59","210","14","","","0.21","0.32","104","14,22,22,29,66,100,66,35,35,43,54,81","7,28","20260801"
"homes for sale in warrenton mo","T","47","210","14","","","0.27","0.45","100","81,81,29,43,66,43,22,22,35,22,35,29","9,28","20260801"
"homes for sale in winchester va 22601","T","55","210","26","","","0.39","0.5","20","65,53,81,65,43,53,81,53,65,65,81,100","28","20260801"
"homes for sale urbana md","T","46","210","14","","","0.54","0.44","111","81,43,10,43,43,29,54,22,18,35,54,43","9,28","20260801"
"homes in chantilly va","N","53","210","18","","","0.49","0.46","114","43,53,34,81,65,53,81,81,43,53,53,65","7,9,28","20260801"
"homes in falls church va","N","54","210","26","","","0.45","0.39","152","53,100,65,65,53,65,65,81,65,65,43,65","9,13,21,28","20260801"
"house for sale in falls church","T","51","210","23","","","0.43","0.44","149","3,3,10,0,10,5,10,3,100,30,6,1","7,9,28","20260801"
"houses for sale in leesburg florida","T","49","210","28","","","0.34","0.5","100","16,8,24,8,10,13,8,13,10,16,10,16","9,21,28","20260801"
"houses for sale leesburg fl","T","47","210","28","","","0.34","0.5","111","17,26,9,17,32,17,14,21,17,21,26,26","7,9,28","20260801"
"houses for sale springfield va","T","58","210","20","","","0.76","0.47","111","66,15,8,28,54,44,35,54,18,11,54,15","7,9,21,28","20260801"
"land for sale charlottesville va","T","48","210","8","","","0.24","0.49","104","53,81,65,65,81,65,65,53,65,81,65,65","9,21,28","20260801"
"leesburg florida homes for sale","T","46","210","28","","","0.34","0.5","100","1,36,6,16,6,13,10,10,16,6,8,8","9,15,21,28","20260801"
"new construction homes in frederick md","N","48","210","17","","","3.15","0.93","147","35,100,35,23,28,44,23,28,11,44,23,35","3,9,28","20260801"
"new construction homes in woodbridge va","N","60","210","17","","","1.87","0.86","145","81,81,65,65,43,53,65,81,53,81,81,81","3,9,28","20260801"
"new fairfield homes for sale","T","52","210","12","","","0.06","0.32","113","8,6,6,5,6,8,8,100,24,8,2,3","7,9,28","20260801"
"new fairfield real estate","N","48","210","12","","","0.04","0.31","113","100,100,100,100,80,53,53,80,80,100,80,80","7,9,28","20260801"
"new homes ashburn va","N","44","210","24","","","3.05","0.76","136","43,100,66,66,53,53,53,82,43,53,53,66","3,9,28","20260801"
"new homes in ashburn va","N","51","210","23","","","2.8","0.82","149","35,35,81,43,66,35,35,43,35,43,35,29","7,9,21,28","20260801"
"new homes in gaithersburg md","N","56","210","11","","","1.73","0.7","136","15,23,18,44,23,23,35,100,66,18,11,35","9,28","20260801"
"new homes in winchester va","N","53","210","12","","","2.27","0.74","159","65,80,80,100,80,80,80,53,80,80,42,80","3,9,28","20260801"
"new homes in woodbridge va","N","56","210","12","","","1.87","0.86","148","54,35,54,54,43,43,43,54,43,54,54,54","3,9,28","20260801"
"reston va condos for sale","T","64","210","15","","","0.33","0.6","120","14,43,54,43,22,14,29,22,43,35,54,43","7,9,15,28","20260801"
"single homes for sale in woodbridge va","T","58","210","18","","","0.51","0.42","88","100,53,34,43,65,81,81,81,65,81,100,65","9,28","20260801"
"springfield missouri condominiums for sale","T","48","210","20","","","0.13","0.4","108","100,43,34,43,53,81,81,81,65,100,100,81","3,28","20260801"
"springfield va houses for sale","T","58","210","20","","","0.24","0.47","114","9,9,100,15,23,12,15,66,15,23,23,23","9,15,28","20260801"
"townhome sale near me","T","57","210","26","","","0.64","0.59","187","0,0,3,0,0,0,16,2,1,3,2,2","3,21,28","20260801"
"townhomes for sale cary nc","T","61","210","14","","","0.54","0.59","110","35,35,43,43,43,43,66,35,18,43,66,81","9,28","20260801"
"townhomes for sale columbia sc","T","60","210","17","","","1.38","0.67","111","81,65,43,53,53,65,81,81,65,81,43,65","7,9,21,28","20260801"
"townhomes for sale fairfax va","T","100","210","22","","","0.41","0.54","111","43,66,35,35,35,22,22,22,35,22,81,35","9,14,15,28","20260801"
"townhomes for sale in chantilly va","T","69","210","14","","","0.35","0.59","110","29,29,36,7,23,23,29,10,29,23,29,36","7,9,28","20260801"
"townhomes for sale in rockville md","T","62","210","14","","","0.83","0.66","20","43,65,53,65,53,53,43,65,65,81,81,100","28","20260801"
"townhomes in cary nc","N","54","210","27","","","1.34","0.89","123","16,16,30,6,24,13,13,24,20,20,16,16","3,7,9,28","20260801"
"townhomes in charleston","N","53","210","29","","","1.43","0.63","113","1,1,1,54,1,1,0,67,67,1,1,10","3,7,9,15,28","20260801"
"townhomes in dc","N","62","210","29","","","1.4","0.43","138","19,9,54,19,66,12,15,19,19,29,15,23","3,7,9,21,28","20260801"
"townhomes in fairfax va","N","84","210","21","","","0.55","0.49","114","43,43,54,66,43,43,54,43,29,35,29,29","3,9,28","20260801"
"townhomes in norfolk","N","56","210","29","","","0.87","0.71","108","53,23,53,35,43,53,43,82,82,82,82,100","3,9,28","20260801"
"townhomes in washington dc","N","63","210","29","","","1.4","0.43","20","23,36,23,15,23,23,29,23,4,29,29,23","3,13,28","20260801"
"townhomes to buy near me","T","58","210","29","","","1.47","0.82","31800000","5,2,3,4,2,2,2,4,3,3,4,4","3,15,21,28,49,50","20260801"
"townhouse for sale in chantilly","T","63","210","15","","","0.35","0.59","37","36,15,15,15,19,23,29,36,23,29,29,29","9,28","20260801"
"townhouse or condo for sale near me","T","54","210","22","","","0.45","0.65","177","7,10,66,7,35,53,53,100,100,100,100,82","15,21,28,50","20260801"
"townhouses for sale in ct","T","61","210","14","","","0.25","0.5","111","28,66,23,35,18,54,18,28,28,28,23,28","9,28","20260801"
"twin homes for sale near me","T","49","210","17","","","0.51","0.49","204","35,35,44,35,35,23,28,35,35,44,44,54","9,21,28","20260801"
"two bedroom townhomes for sale","T","51","210","21","","","0.64","0.47","125","35,54,22,18,22,22,22,66,81,81,81,81","21,28,50","20260801"
"villages of urbana md","N","35","210","21","","","0.54","0.05","131","35,54,43,29,35,29,35,35,43,54,66,66","3,6,7,9,21,28","20260801"
"warrenton houses for sale","T","49","210","29","","","0.21","0.51","118","43,81,34,81,100,81,53,53,81,100,100,100","7,9,28","20260801"
"washington dc townhomes for sale","T","69","210","21","","","0.71","0.52","121","100,66,53,35,53,28,43,43,28,43,53,100","9,28","20260801"
"winchester new homes","N","43","210","14","","","2.76","0.88","133","80,100,80,100,65,80,65,53,80,65,53,100","3,9,13,20,28","20260801"
"2 bedroom townhouses for sale","T","56","170","16","","","0.65","0.54","33","35,22,22,35,22,35,100,18,29,43,22,10","21,28","20260801"
"3 bedroom townhomes for sale near me","C,T","55","170","16","","","0.68","0.65","172","53,100,53,53,53,65,53,65,65,65,65,80","9,14,21,28,49,50","20260801"
"arlington apartments for sale","T","52","170","15","","","0.47","0.41","109","15,35,15,15,23,18,18,23,18,100,18,23","7,9,28","20260801"
"arlington va condos for sale","T","66","170","18","","","0.44","0.57","105","54,19,23,29,23,15,29,23,12,15,19,15","7,9,21,28","20260801"
"buy a house in chantilly va","T","55","170","21","","","0.3","0.44","131","2,26,21,14,7,1,1,0,100,1,1,2","9,28","20260801"
"casas en venta en springfield va","N","55","170","16","","","0.11","0.27","20","35,35,35,29,29,29,22,35,29,43,43,29","7,28","20260801"
"charlottesville condos for sale","T","55","170","15","","","0.43","0.6","106","43,82,43,43,35,53,28,53,53,53,43,53","15,21,28","20260801"
"cheap townhomes for sale near me","T","59","170","17","","","0.45","0.59","155","65,100,65,65,80,53,53,80,53,53,53,34","21,28,50","20260801"
"condo for sale arlington va","T","67","170","16","","","0.44","0.57","117","28,11,35,28,3,11,15,44,11,23,18,15","7,9,28","20260801"
"condominiums in maryland","N","55","170","21","","","0.57","0.42","134","66,5,12,53,12,12,12,82,66,53,43,66","3,7,9,21,28","20260801"
"condos for sale frederick md","T","59","170","14","","","0.58","0.61","109","43,53,53,28,28,23,43,53,35,28,35,35","7,9,28","20260801"
"condos for sale in burlington nc","T","57","170","14","","","0.19","0.43","20","28,53,66,23,53,53,43,53,35,35,43,28","28","20260801"
"condos for sale in chantilly va","T","65","170","14","","","0.47","0.56","118","22,29,100,35,22,22,22,18,18,29,22,22","7,9,28","20260801"
"condos for sale in fredericksburg va","T","69","170","14","","","0.53","0.58","118","53,81,65,53,53,34,43,53,53,53,65,53","9,28","20260801"
"condos for sale in montgomery county md","T","53","170","13","","","0.27","0.57","103","53,43,43,53,53,65,65,65,65,53,53,53","7,9,28","20260801"
"condos for sale in rockville","T","54","170","27","","","0.46","0.59","99","15,23,54,35,23,28,28,23,54,11,15,100","7,9,28","20260801"
"condos for sale in woodbridge va","T","68","170","14","","","0.49","0.68","101","35,35,44,35,35,23,23,35,23,28,28,35","9,28","20260801"
"condos for sale maryland","T","58","170","21","","","0.37","0.52","118","14,66,81,22,22,14,43,35,81,29,14,18","7,9,21,28","20260801"
"condos in fairfield ct","N","56","170","21","","","0.26","0.44","114","53,53,53,43,53,34,34,53,34,53,53,65","3,9,28","20260801"
"condos townhouses for sale near me","T","50","170","14","","","0.41","0.59","190","12,53,53,23,12,28,28,23,82,66,53,100","9,21,28,50","20260801"
"detached townhomes for sale","T","56","170","27","","","0.58","0.32","7990000","66,100,80,80,66,66,66,80,80,80,100,80","14,15,21,28","20260801"
"dumfries va homes for sale","T","58","170","20","","","0.46","0.56","110","35,54,44,23,18,28,18,18,28,44,35,28","9,28","20260801"
"ellipse at westfields","C,T","42","170","14","","","1.3","0.31","112","100,53,43,53,43,34,43,43,43,34,34,28","1,6,7,9,13,28","20260801"
"fairfax city new homes","N","59","170","27","","","1.78","0.65","126","100,53,21,43,43,53,43,65,43,65,81,43","3,9,28","20260801"
"fairfield ct condos for sale","T","55","170","10","","","0.23","0.31","97","80,100,100,80,66,66,66,52,66,66,66,80","7,28","20260801"
"falls church city real estate","C,N","48","170","25","","","0.42","0.2","129","23,23,35,23,18,28,28,23,18,35,44,100","7,9,28","20260801"
"falls church va property search","C,N","48","170","16","","","0","0.02","159","53,65,65,65,53,53,65,53,42,65,100,65","21,28","20260801"
"gaithersburg townhomes for sale","T","57","170","22","","","0.38","0.52","108","43,35,28,23,28,12,17,66,53,66,53,66","9,28","20260801"
"herndon homes atlanta","N","35","170","20","","","3.82","0.03","111","43,66,35,43,35,35,43,66,43,43,43,35","3,5,7,9,13,21,28,50","20260801"
"herndon square senior","C,T","36","170","19","","","0","0.03","108","28,53,53,35,35,43,53,66,53,53,53,66","1,9,13,21,28","20260801"
"herndon townhomes for sale","T","67","170","14","","","0.39","0.51","106","29,22,22,35,14,8,10,54,43,54,81,100","28","20260801"
"home for sale in winchester va","T","53","170","28","","","0.22","0.47","119","6,29,54,100,23,15,15,9,5,12,19,19","9","20260801"
"homes for sale 22306","T","56","170","15","","","0.16","0.45","105","80,100,53,65,80,42,42,53,42,42,53,100","28","20260801"
"homes for sale 22314","T","48","170","17","","","0.14","0.38","105","53,53,53,53,53,53,53,53,53,81,100,100","28","20260801"
"homes for sale in 22030","T","51","170","19","","","0.13","0.33","125","43,43,65,34,43,53,65,65,43,65,53,53","28","20260801"
"homes for sale in leesburg al","T","45","170","14","","","0.13","0.38","117","43,53,66,100,66,66,28,43,17,12,23,23","28","20260801"
"homes for sale in manassas park va","T","54","170","16","","","0.48","0.5","113","53,53,80,80,65,53,65,65,80,0,7,100","28","20260801"
"homes for sale in old town alexandria va","T","54","170","29","","","0.39","0.54","141","100,65,12,81,53,28,53,34,28,65,65,43","9,21,28","20260801"
"homes for sale in warrenton","T","54","170","22","","","0.42","0.5","128","5,8,11,3,1,28,1,44,100,44,66,23","9,28","20260801"
"homes for sale in warrenton or","T","44","170","14","","","0.19","0.46","121","35,29,81,43,14,18,18,100,66,4,2,2","28","20260801"
"homes in warrenton va","N","53","170","29","","","0.47","0.6","121","100,100,80,80,52,80,66,66,66,80,66,80","7,9,21,28","20260801"
"house for sale in springfield va","T","57","170","24","","","0.76","0.47","131","5,20,13,5,2,2,3,13,3,8,11,5","7,9,28","20260801"
"house for sale in winchester va","T","52","170","29","","","0.36","0.51","20","44,28,11,44,28,23,23,23,18,23,28,35","9","20260801"
"house for sale springfield va","T","56","170","20","","","0.76","0.47","108","10,12,7,15,19,36,23,29,19,29,36,44","7,9,13,28","20260801"
"house for sale winchester va","T","55","170","27","","","0.36","0.51","125","29,23,29,29,19,23,23,2,10,12,15,19","7,9","20260801"
"houses for sale 22314","T","51","170","20","","","1.85","0.4","106","43,43,43,43,34,43,43,53,43,65,81,100","7,13,28","20260801"
"houses for sale 22601","T","52","170","22","","","0.39","0.5","108","100,100,65,65,42,53,65,53,42,80,80,80","21,28","20260801"
"houses for sale fairfax county va","T","65","170","22","","","0.66","0.46","124","1,11,21,17,26,11,11,17,11,11,72,5","9,28","20260801"
"houses for sale in old town alexandria","T","49","170","29","","","0.29","0.53","133","53,43,53,65,53,43,43,53,34,53,100,81","9,21,28","20260801"
"houses in chantilly va","N","53","170","24","","","0.49","0.46","112","34,19,80,34,80,80,100,100,80,80,80,100","7,9,13,21,28","20260801"
"manassas park homes for sale","T","53","170","14","","","0.46","0.5","36","35,28,23,44,15,8,11,44,44,44,11,8","28","20260801"
"mclean condos for sale","T","55","170","15","","","0.47","0.6","116","65,43,34,65,100,28,81,34,28,34,28,28","7,9,28","20260801"
"montgomery village homes for sale","T","54","170","19","","","0.36","0.53","124","19,19,19,23,23,19,19,29,23,3,10,23","28","20260801"
"new condo developments near me","T","37","170","14","","","1.39","0.63","207","35,35,29,29,43,35,29,43,29,35,54,43","3,9,15,21,28,50","20260801"
"new construction ashburn va","N","53","170","21","","","2.8","0.82","132","54,23,23,35,44,15,15,44,35,44,44,44","3,9,28","20260801"
"new construction frederick md","N","48","170","23","","","3.28","0.93","136","35,54,44,35,28,35,28,28,15,28,23,28","3,9,13,28","20260801"
"new construction homes in ashburn va","N","54","170","25","","","3.05","0.76","159","23,35,35,35,28,28,43,53,28,43,43,35","3,7,9,28","20260801"
"new homes chantilly va","N","58","170","17","","","2.87","0.8","20","43,43,43,43,28,43,81,100,65,53,43,43","3,9,13,28","20260801"
"new homes in chantilly va","N","58","170","11","","","1.89","0.64","153","43,65,53,53,43,34,81,81,53,43,65,28","9,28","20260801"
"new homes in fairfax city va","N","59","170","20","","","1.78","0.65","156","100,53,21,43,43,53,43,65,43,65,81,43","1,9,28","20260801"
"new homes winchester","N","44","170","24","","","2.73","0.84","119","19,23,23,19,23,19,19,19,19,23,23,23","3,9,20,28","20260801"
"new homes woodbridge va","N","58","170","12","","","1.72","0.8","137","43,100,43,65,53,28,53,53,65,53,43,65","3,9,28","20260801"
"new townhomes cary nc","N","47","170","23","","","2.01","0.61","136","18,18,23,23,15,18,28,18,54,100,100,54","3,7,9,28","20260801"
"new townhomes in greenville sc","N","47","170","15","","","3.44","0.77","159","42,65,65,80,65,65,65,80,53,53,65,53","3,9,28,43","20260801"
"new townhomes in stafford va","N","65","170","17","","","2.18","0.8","131","17,28,53,23,53,35,35,43,53,66,43,53","3,9,28","20260801"
"old town homes for sale","T","52","170","18","","","0.22","0.36","117","65,53,80,80,100,80,53,65,53,80,80,65","9,28","20260801"
"potomac village homes for sale","T","58","170","21","","","0.26","0.46","156","0,0,0,0,0,0,3,100,0,0,4,7","21,28","20260801"
"ranch homes in fairburn ga","N","57","170","16","","","0.98","0.2","147","1,1,1,1,1,1,1,1,16,100,6,8","9,15,28","20260801"
"real estate in new fairfield","N","49","170","18","","","0.04","0.29","117","0,53,42,80,65,80,53,80,65,100,80,65","3,9,28","20260801"
"the point at reston reviews","N","34","170","20","","","0","0.01","155","35,28,17,35,100,28,53,35,23,23,17,82","1,6,7,9,21,28","20260801"
"townhomes and condos for sale","T","57","170","23","","","0.5","0.52","223","13,16,13,16,6,5,5,6,30,13,13,55","9,21,28","20260801"
"townhomes for sale in charlottesville va","T","61","170","16","","","0.53","0.64","119","53,100,80,65,80,65,53,65,42,65,53,80","9,21,28","20260801"
"townhomes for sale in manassas va","T","72","170","14","","","0.5","0.6","111","29,15,19,44,23,15,19,15,12,29,19,12","9,28","20260801"
"townhomes for sale in sterling va","I,T","69","170","28","","","0.6","0.56","104","43,43,100,53,81,43,21,43,65,43,28,28","6,9,28","20260801"
"townhomes for sale woodbridge va","I,T","73","170","20","","","0.5","0.59","112","19,65,53,65,53,53,65,65,100,53,42,42","6,9,28","20260801"
"townhomes in baltimore md","N","59","170","27","","","0.7","0.53","115","29,9,19,54,23,12,15,23,15,29,12,12","3,7,9,28","20260801"
"townhomes in fairburn ga","N","59","170","26","","","0.95","0.88","117","28,28,43,35,43,35,43,66,43,35,53,66","3,9,28","20260801"
"townhomes in frederick md","N","61","170","20","","","0.86","0.71","116","53,53,43,43,43,10,43,53,35,53,43,43","3,7,9,28","20260801"
"townhomes with garage for sale","T","54","170","13","","","0.61","0.55","148","35,35,35,29,43,35,35,43,29,14,43,35","3,7,15,28","20260801"
"townhouse for sale in alexandria va","T","74","170","29","","","0.84","0.56","111","29,22,18,14,66,14,29,29,35,66,66,43","9,15,21,28","20260801"
"townhouse for sale in ashburn va","T","61","170","18","","","0.69","0.46","123","54,15,19,44,15,36,12,12,15,19,9,12","9,15,28","20260801"
"townhouses for sale in alexandria va","T","71","170","29","","","1.93","0.58","99","43,43,22,18,35,35,35,22,29,35,35,35","9,21,28","20260801"
"villages at urbana","C,T","32","170","21","","","1.34","0.09","140","21,28,43,28,43,43,81,65,53,81,81,100","1,6,7,9,13,21,28","20260801"
"22152 homes for sale","T","54","140","24","","","0.49","0.41","105","66,66,66,52,52,42,33,42,80,66,52,100","28","20260801"
"22310 homes for sale","T","56","140","28","","","0.09","0.46","104","42,53,42,34,42,34,80,100,53,26,42,53","15,28","20260801"
"3 bedroom townhouse for sale near me","T","51","140","20","","","0.68","0.65","218","42,100,66,52,66,80,66,80,80,80,80,100","3,21,28,50","20260801"
"albemarle land for sale","T","42","140","8","","","0.14","0.4","110","53,53,34,100,26,19,26,100,42,65,53,53","9,28","20260801"
"alexandria la real estate listings","N","44","140","26","","","0.42","0.32","114","53,34,34,21,34,28,28,65,43,28,28,28","28","20260801"
"apartments for sale in maryland","T","54","140","27","","","0.4","0.42","98","28,43,53,43,34,34,28,34,28,43,65,34","7,9,21,28","20260801"
"apt for sale in alexandria va","T","66","140","27","","","0.41","0.55","95","43,28,21,34,43,43,43,100,34,43,43,34","7,9,28","20260801"
"bloom village townhomes","N","51","140","13","","","0","0.66","104","12,15,34,28,28,28,65,100,81,81,21,21","3,7,9,28","20260801"
"broad & washington reviews","N","35","140","18","","","0","0.02","108","42,42,53,34,19,15,15,53,100,65,65,42","3,6,7,9,28","20260801"
"chantilly condos for sale","T","56","140","14","","","0.47","0.56","111","28,28,100,28,28,34,43,65,21,34,21,21","7,9,28","20260801"
"chantilly townhomes for sale","T","63","140","14","","","0.42","0.5","106","11,23,23,18,28,23,66,28,18,18,28,23","28","20260801"
"chantilly va real estate","N","53","140","27","","","0.37","0.33","125","29,29,35,29,18,22,22,22,18,29,22,29","7,9,28","20260801"
"condominiums for sale in fairfield ct","T","55","140","10","","","0.09","0.31","101","54,10,29,29,18,22,18,35,35,43,35,29","7,9,28","20260801"
"condos for sale charleston wv","T","51","140","14","","","0.17","0.25","66","65,65,26,53,53,53,42,53,53,42,65,80","9,28","20260801"
"condos for sale in ashburn va","T","62","140","21","","","0.54","0.69","113","28,43,65,34,53,34,43,34,53,34,53,65","7,9,28","20260801"
"condos for sale in centreville va","T","65","140","14","","","0.37","0.52","116","43,43,34,28,34,34,28,65,43,43,34,43","28","20260801"
"condos for sale in lynchburg va","T","59","140","14","","","0.45","0.49","90","21,21,65,28,43,34,43,43,34,53,34,53","7,28","20260801"
"condos for sale in sterling va","T","59","140","13","","","0.51","0.32","110","26,26,53,42,53,53,53,53,42,42,65,65","7,9,28","20260801"
"condos for sale in winchester va","T","61","140","12","","","0.39","0.5","104","80,53,65,42,42,53,53,53,53,53,53,65","9,28","20260801"
"condos for sale rockville md","T","59","140","27","","","0.34","0.58","80","18,35,23,11,6,15,15,1,1,8,1,8","7,9,28","20260801"
"condos in falls church va","N","64","140","19","","","0.39","0.6","124","26,34,80,42,80,80,80,34,34,42,42,53","1,7,9,20,28","20260801"
"condos in frederick md","N","56","140","21","","","0.6","0.74","107","21,53,65,53,28,34,34,34,34,43,65,65","3,7,9,28","20260801"
"condos in maryland for sale","T","59","140","16","","","0.36","0.55","86","14,35,54,29,18,29,29,18,22,29,29,100","7,9,21,28","20260801"
"condos in mclean va","N","60","140","21","","","0.62","0.62","138","26,42,65,42,53,65,53,42,11,53,42,42","3,7,9,28","20260801"
"detached townhomes for sale near me","T","52","140","18","","","0.67","0.54","8240000","53,53,80,53,53,42,42,53,42,65,53,65","21,28","20260801"
"duplex for sale in virginia","T","56","140","14","","","0.34","0.26","81","34,65,43,43,34,28,53,65,21,65,65,100","9,28","20260801"
"fairfax city condos","N","67","140","19","","","0.5","0.43","63","100,43,34,43,53,12,21,65,53,81,34,9","1,21,28","20260801"
"fairfax townhomes for sale","T","94","140","22","","","0.41","0.54","109","21,81,34,34,34,100,28,43,53,43,100,81","9,28","20260801"
"fairfax va house for sale","T","63","140","29","","","0.51","0.43","142","12,5,10,15,19,19,19,23,15,23,23,29","9,28","20260801"
"fairfax vt homes for sale","T","58","140","12","","","0.16","0.24","109","35,53,12,2,28,35,43,0,66,82,82,100","7,28","20260801"
"falls church condos","N","60","140","21","","","0.5","0.59","121","66,80,100,42,80,66,66,52,66,80,80,100","3,7,9,28","20260801"
"falls church townhomes for sale","T","70","140","21","","","0.47","0.53","148","5,5,7,5,5,7,8,8,5,5,8,7","9,28","20260801"
"flats for sale in alexandria","T","50","140","23","","","0.37","0.47","1670000","43,28,21,34,43,43,43,100,34,43,43,34","7,28","20260801"
"for sale warrenton va","T","48","140","29","","","0.37","0.41","118","52,66,66,52,66,52,33,66,66,100,80,80","7,9,28","20260801"
"fort worth townhomes for sale","T","57","140","14","","","1.02","0.67","100","34,21,15,34,65,43,43,43,65,28,34,21","7,9,28","20260801"
"fredericksburg townhomes for sale","T","59","140","12","","","0.72","0.68","112","100,53,34,34,42,19,26,100,53,80,100,100","9,28","20260801"
"home goods kingstowne","I,T","63","140","23","","","0.65","0.15","189","35,35,17,28,23,66,100,17,12,17,12,10","1,6,7,9,21,28","20260801"
"homes for sale 22030 zip code","T","54","140","16","","","0.42","0.46","104","100,42,100,52,66,80,80,80,52,52,52,66","21,28","20260801"
"homes for sale douglas county mn","T","45","140","15","","","0.03","0.25","104","23,35,28,6,44,23,11,18,23,28,66,66","28","20260801"
"homes for sale dumfries va","T","61","140","16","","","0.46","0.56","33","54,29,81,22,18,18,18,22,29,22,29,100","28","20260801"
"homes for sale fairfax county va","T","66","140","22","","","0.66","0.46","127","35,29,22,22,35,18,35,18,14,43,29,35","9,28","20260801"
"homes for sale fairfax station va","T","63","140","18","","","0.28","0.47","111","26,80,65,42,34,42,42,53,34,100,100,53","9,28","20260801"
"homes for sale in alexandria louisiana","T","45","140","26","","","0.16","0.39","105","81,100,34,65,15,21,3,0,6,6,9,3","7,28","20260801"
"homes for sale in chantilly","T","50","140","27","","","0.35","0.45","134","17,23,28,35,43,43,53,17,100,35,53,23","7,9,28","20260801"
"homes for sale in fairfax ohio","T","60","140","10","","","0.23","0.27","136","66,66,52,66,52,52,52,52,52,52,66,80","9,28","20260801"
"homes for sale mount vernon va","T","57","140","16","","","0.41","0.41","110","52,100,66,52,66,66,52,66,33,42,52,66","9,14,15,21,28","20260801"
"homes for sale warrenton nc","T","48","140","20","","","0.17","0.41","107","53,53,100,53,100,26,26,34,42,26,80,53","28","20260801"
"homes for sale with a pool near me","T","45","140","15","","","0.27","0.54","126","11,11,4,1,7,1,2,0,3,5,7,11","7,9,14,21,28,49,50","20260801"
"homes sale herndon","T","59","140","22","","","0.22","0.47","112","0,0,0,0,0,1,1,100,8,1,13,100","28","20260801"
"house for sale dumfries va","T","58","140","14","","","0.46","0.56","35","80,80,66,100,42,42,52,66,52,66,66,52","28","20260801"
"house for sale gaithersburg","T","56","140","27","","","0.21","0.51","105","0,0,0,0,0,0,0,0,100,0,0,0","9,28","20260801"
"house for sale in fairfax county","T","65","140","27","","","0.35","0.49","136","0,0,0,0,0,0,0,0,100,59,0,0","9,28","20260801"
"house for sale in fairfax virginia","T","65","140","29","","","0.27","0.44","134","42,23,23,66,100,100,52,80,52,66,80,80","9,15,28","20260801"
"house for sale in leesburg","T","53","140","28","","","0.43","0.48","124","5,2,2,32,21,2,2,14,5,11,26,5","28","20260801"
"house sale springfield va","T","64","140","27","","","0.24","0.47","108","0,0,0,0,0,0,0,100,8,8,10,13","9,21,28","20260801"
"houses for sale 22030","T","52","140","14","","","0.42","0.46","107","33,66,80,14,52,80,80,80,66,66,80,100","15,28","20260801"
"houses for sale herndon","T","59","140","23","","","0.22","0.47","99","0,0,2,0,0,0,0,100,6,2,10,13","7,28","20260801"
"houses for sale in 22192","T","52","140","18","","","0.42","0.41","131","66,52,42,52,66,66,52,100,100,100,80,80","9,28","20260801"
"houses for sale in chantilly","T","48","140","24","","","0.3","0.44","144","9,12,15,19,23,23,2,9,4,100,29,81","7,9,28","20260801"
"houses for sale in warrenton nc","T","47","140","20","","","0.06","0.4","113","23,53,35,28,28,35,35,35,35,43,53,100","15,28","20260801"
"houses for sale winchester va 22601","T","56","140","21","","","0.13","0.5","109","28,100,65,3,43,43,34,43,53,53,65,81","9,28","20260801"
"land for sale alexandria va","T","54","140","13","","","0.22","0.47","106","66,66,66,80,52,66,66,52,42,52,52,52","28","20260801"
"leesburg condos for sale","T","58","140","16","","","0.39","0.45","105","53,43,65,28,34,34,21,65,43,65,53,53","7,28","20260801"
"leesburg townhomes for sale","T","59","140","14","","","0.47","0.42","109","80,53,42,53,42,19,34,100,53,100,80,80","28","20260801"
"massachusetts townhouses for sale","T","58","140","16","","","0.25","0.53","113","65,80,42,42,42,65,65,65,15,80,80,7","7,9,21,28","20260801"
"new construction homes in fairfax va","N","59","140","24","","","1.78","0.65","155","80,100,80,100,66,42,33,100,33,33,33,19","3,9,28","20260801"
"new construction winchester va","N","50","140","17","","","2.32","0.87","131","53,53,43,23,43,28,23,17,17,28,23,17","3,7,9,21,28","20260801"
"new construction woodbridge va","N","57","140","18","","","1.72","0.8","133","53,34,28,65,43,28,28,34,28,43,34,34","3,9,15,21,28","20260801"
"new homes loudoun county","N","52","140","15","","","2.42","0.75","134","80,65,53,53,53,53,15,42,42,42,53,19","9,28","20260801"
"new homes loudoun county va","N","52","140","15","","","2.42","0.75","136","80,65,53,42,53,42,42,42,42,42,42,53","7,9,28","20260801"
"new houses in frederick md","N","51","140","13","","","2.31","0.85","149","54,19,19,36,15,9,6,6,2,12,6,9","9,21,28","20260801"
"new housing developments winchester","N","41","140","20","","","2.76","0.88","143","14,14,7,11,14,17,14,17,14,21,21,17","3,9,28,50","20260801"
"new townhomes in northern va","N","62","140","22","","","2.45","0.77","178","65,34,42,42,42,34,42,42,34,42,53,26","3,9,20,28","20260801"
"new townhomes vancouver wa","N","56","140","21","","","4.75","0.76","137","54,23,23,35,44,5,15,8,3,15,18,3","3,7,9,28","20260801"
"new townhouses for sale","T","54","140","25","","","1.73","0.53","162","6,28,28,5,11,11,66,35,23,35,28,35","9,21,28,50","20260801"
"realtor new fairfield ct","I,T","52","140","29","","","0.04","0.31","108","41,82,100,64,64,82,52,100,64,64,82,100","1,6,7,28","20260801"
"reston town center townhomes for sale","T","59","140","21","","","0.46","0.5","112","53,53,42,42,34,80,53,53,42,65,65,53","7,28","20260801"
"ryan homes at bloom village","T","43","140","19","","","0","0.02","159","8,6,6,54,81,54,29,18,14,14,10,8","1,9,13,28","20260801"
"single family homes for sale in fairfax va","T","70","140","13","","","0.49","0.19","105","34,28,43,43,43,28,34,34,28,34,81,100","9,28","20260801"
"single level townhomes for sale near me","T","51","140","16","","","0.49","0.56","176","35,43,35,35,35,35,28,28,28,35,53,53","21,28,50","20260801"
"springfield townhomes for sale","T","66","140","20","","","0.41","0.49","108","4,4,4,22,22,4,4,54,43,66,81,100","7,28","20260801"
"townhomes condos for sale near me","T","55","140","12","","","0.37","0.66","181","12,19,19,10,15,12,12,12,15,19,100,19","15,21,28,50","20260801"
"townhomes for sale in dc","T","65","140","21","","","0.71","0.52","137","100,28,35,35,66,23,17,17,12,35,17,23","9,28","20260801"
"townhomes for sale in fort worth texas","T","60","140","16","","","1.01","0.63","109","53,53,34,42,65,53,80,53,65,65,42,26","7,9,21,28","20260801"
"townhomes for sale in huntley il","T","57","140","13","","","0.43","0.4","127","52,82,64,82,82,64,64,82,82,100,100,100","7,9,28","20260801"
"townhomes for sale in mclean va","T","69","140","13","","","0.47","0.53","116","28,23,43,35,35,35,35,35,28,35,28,53","9,28","20260801"
"townhomes for sale in montgomery county md","T","59","140","13","","","0.54","0.6","116","66,66,66,66,66,66,66,80,100,80,52,100","7,9,28","20260801"
"townhomes for sale washington dc","T","67","140","22","","","0.71","0.52","130","28,53,43,28,21,21,34,43,100,53,65,65","9,28,49","20260801"
"townhomes in baltimore city","N","56","140","20","","","0.7","0.53","105","28,28,23,18,15,15,23,35,23,35,23,18","3,7,9,28","20260801"
"townhomes in boston","N","56","140","25","","","0.4","0.19","120","100,5,35,100,17,10,82,17,5,23,23,12","7,9,21,28","20260801"
"townhomes in connecticut","N","59","140","15","","","0.28","0.42","112","28,35,43,28,28,35,35,43,28,43,53,53","9,15,21,28","20260801"
"townhomes in norfolk va","N","57","140","18","","","0.87","0.71","109","22,18,18,14,18,54,18,43,54,18,66,18","3,7,9,21,28","20260801"
"townhomes in stafford va","N","68","140","24","","","0.88","0.71","109","53,65,53,53,53,53,42,53,53,42,53,53","3,9,28","20260801"
"townhomes in stamford ct","N","56","140","28","","","0.39","0.63","108","65,80,65,53,53,53,65,65,53,65,65,80","3,7,21,28","20260801"
"townhomes in vancouver wa","N","54","140","26","","","1.24","0.91","59","34,53,53,42,80,42,42,100,42,34,26,53","3,5,21,28","20260801"
"townhomes lynchburg va","N","56","140","21","","","0.49","0.43","111","28,53,28,17,28,28,43,43,28,43,35,35","3,7,9,21,28","20260801"
"townhomes norfolk va","N","57","140","26","","","0.87","0.71","115","29,43,22,22,22,14,35,35,22,35,14,100","3,7,9,13,28","20260801"
"townhouse for sale fairfax","T","86","140","18","","","0.41","0.54","110","1,10,1,0,1,13,2,0,0,1,5,6","9,28","20260801"
"townhouse for sale in centreville va","T","66","140","14","","","0.43","0.58","95","23,66,18,18,23,15,18,28,18,18,35,23","7,9,28","20260801"
"townhouse for sale in herndon va 20170","T","62","140","13","","","0.35","0.51","115","26,42,53,65,34,53,65,42,42,42,100,100","7,28","20260801"
"townhouse for sale in maryland","I,T","62","140","20","","","0.72","0.56","","34,53,53,42,26,26,80,100,80,65,42,53","6,7,9,28","20260801"
"townhouse for sale in md","T","65","140","17","","","0.72","0.56","142","43,22,29,35,35,22,18,22,29,35,22,18","9,21,28","20260801"
"townhouse for sale in springfield va","T","70","140","16","","","0.41","0.49","110","53,53,65,43,34,53,43,43,34,53,65,81","28","20260801"
"townhouses for sale in mclean va","T","67","140","13","","","0.4","0.48","118","53,65,53,65,42,53,53,53,42,53,42,65","9,28","20260801"
"townhouses for sale in montgomery county md","T","60","140","13","","","0.44","0.53","126","35,28,35,23,35,35,35,43,53,43,35,43","9,28","20260801"
"townhouses for sale in south carolina","I,T","55","140","22","","","0.86","0.6","","64,64,64,64,82,52,41,100,82,100,100,82","6,7,9,21,28","20260801"
"townhouses for sale in winchester","T","54","140","14","","","0.46","0.67","108","53,34,26,42,53,53,42,53,42,65,53,53","28","20260801"
"urbana md townhomes for sale","T","55","140","14","","","0.62","0.56","146","39,0,0,1,2,4,4,5,7,4,3,5","28","20260801"
"warrenton mo homes for sale","T","46","140","14","","","0.08","0.51","104","53,82,17,53,28,28,28,23,23,28,43,53","9,28","20260801"
"west springfield va homes for sale","T","62","140","16","","","0.13","0.52","111","80,53,100,65,65,19,19,19,19,15,34,15","9,15,28","20260801"
"western ma condos for sale","T","49","140","11","","","0.12","0.41","113","53,53,34,65,43,12,21,81,53,100,12,12","28","20260801"
"20148 homes for sale","T","57","110","28","","","1.52","0.47","114","34,42,42,42,42,42,34,42,34,34,53,53","9,28","20260801"
"22192 homes for sale","T","50","110","22","","","0.42","0.41","106","17,43,43,17,12,28,28,43,23,23,23,17","9,14,15,28","20260801"
"22315 homes for sale","T","58","110","25","","","1.53","0.33","106","42,34,42,42,42,42,34,53,26,34,42,80","7,9,28","20260801"
"4604 john hancock ct annandale va","C,T","59","110","20","","","0","0.01","3840","0,0,2,2,43,43,35,53,66,66,100,35","7,9,36","20260801"
"alexan florence reviews","N","39","110","22","","","2.6","0.1","109","100,64,100,78,50,78,78,64,78,50,64,64","1,6,7,9,21,28,50","20260801"
"apartment complex for sale in virginia","T","54","110","6","","","0.28","0.47","10","6,6,8,8,5,8,10,8,8,8,8,6","28","20260801"
"apartments for sale in virginia","T","56","110","14","","","0.3","0.4","109","43,34,34,34,21,34,28,43,28,53,43,34","7,9,21,28","20260801"
"apartments for sale stamford ct","T","54","110","22","","","0.15","0.45","46","8,22,18,18,18,18,14,14,54,22,35,22","7,13,28","20260801"
"arlington condo sales","T","56","110","17","","","0.44","0.57","118","0,0,0,0,0,0,0,32,100,0,0,0","9,21,28","20260801"
"ashburn va new construction","N","53","110","22","","","3.05","0.76","134","9,66,52,52,42,66,100,66,52,80,80,80","3,9,28","20260801"
"boston townhomes for sale","T","55","110","14","","","0.33","0.38","106","53,26,34,100,65,42,34,42,19,26,26,19","7,28","20260801"
"buy apartment in arlington va","T","60","110","16","","","0.47","0.41","86","53,43,21,34,15,12,21,28,28,34,21,9","7,9,21,28","20260801"
"buying a condo in virginia","N","56","110","7","","","0","0.33","149","6,14,14,18,18,100,81,8,4,0,4,4","6,7,9,20,21,28,43","20260801"
"casas de venta en warrenton va","N","50","110","26","","","0.22","0.19","119","17,23,28,35,35,28,23,28,35,28,28,43","7,9,28","20260801"
"casas en venta en fairfax va","N","61","110","29","","","0.23","0.3","120","33,52,66,42,33,42,52,66,33,33,42,33","9,28","20260801"
"casas en venta en falls church va","N","54","110","22","","","0.28","0.37","116","34,53,80,42,34,34,26,26,26,26,34,34","9","20260801"
"charlottesville land for sale","T","43","110","5","","","0.22","0.48","108","33,100,66,33,33,42,80,52,52,33,80,66","7,28","20260801"
"charlottesville townhomes for sale","T","60","110","16","","","0.53","0.64","110","52,33,42,52,42,33,23,80,52,66,66,80","9,21,28","20260801"
"charlottesville va townhouses for sale","T","62","110","14","","","0.5","0.66","101","64,52,52,64,52,41,29,100,64,82,82,100","9,28","20260801"
"condo for sale stamford ct","T","54","110","17","","","0.23","0.36","65","9,19,15,15,19,9,6,19,15,1,15,23","7,28","20260801"
"condo townhomes for sale near me","T","55","110","17","","","0.4","0.62","196","7,12,10,7,10,10,12,10,29,7,10,7","15,21,28,50","20260801"
"condominiums and townhomes for sale","T","52","110","19","","","0.4","0.35","230","1,6,11,8,15,8,8,23,100,44,35,35","9,21,28","20260801"
"condominiums fairfax va","N","70","110","29","","","0.5","0.43","125","64,52,64,52,41,41,82,52,52,52,100,64","3,7,9,28","20260801"
"condominiums falls church va","N","62","110","20","","","0.5","0.59","141","65,53,26,42,42,42,26,34,34,42,42,53","3,7,9,21,28","20260801"
"condominiums in falls church va","N","63","110","20","","","0.5","0.59","125","52,42,33,52,80,19,33,80,66,100,33,9","3,7,9,28","20260801"
"condominiums in stamford ct","N","54","110","24","","","0.32","0.5","111","65,11,19,0,19,3,19,100,65,80,100,65","3,5,7,9,13,28","20260801"
"condominiums stamford ct","N","57","110","19","","","0.32","0.5","115","65,11,19,0,19,26,42,100,42,53,100,42","3,7,9,28","20260801"
"condos for sale in charlottesville va","T","56","110","13","","","0.43","0.6","101","65,100,26,80,34,26,34,34,42,42,42,34","9,28","20260801"
"condos for sale in frankfort il","T","53","110","16","","","0.06","0.38","111","43,43,53,34,34,34,28,34,34,34,34,53","21,28","20260801"
"condos for sale in norfolk va","T","56","110","17","","","0.45","0.63","92","34,34,28,28,15,28,34,28,81,34,53,28","7,9,28","20260801"
"condos for sale in northern va","T","66","110","21","","","0.54","0.63","103","34,53,34,34,28,28,34,28,28,34,34,34","7,9,21,28","20260801"
"condos for sale in springfield","T","58","110","20","","","0.13","0.4","73","15,34,21,28,21,28,34,100,28,21,28,28","9,21,28","20260801"
"condos for sale in springfield ohio","T","51","110","19","","","0.12","0.43","93","19,52,52,52,23,100,42,33,42,100,52,66","28","20260801"
"condos for sale in west virginia","T","61","110","16","","","0.08","0.3","105","52,52,66,52,66,66,52,66,42,42,52,66","7,21","20260801"
"condos for sale in winchester ma","T","51","110","10","","","0.12","0.31","124","52,52,66,52,66,66,42,66,66,66,80,100","28","20260801"
"condos for sale manassas","T","63","110","14","","","0.38","0.49","106","66,33,52,66,80,23,33,52,42,52,33,14","9,28","20260801"
"condos for sale reston va","T","64","110","13","","","0.45","0.56","114","19,100,100,52,80,66,33,4,33,52,42,52","7,9,28,49","20260801"
"condos for sale winchester va","T","60","110","14","","","0.39","0.5","108","80,100,100,52,66,66,23,4,52,0,33,33","9,28","20260801"
"condos or townhouses for sale near me","T","54","110","13","","","0.45","0.65","174","26,42,26,42,26,26,42,34,53,65,80,42","9,21,28,50","20260801"
"del webb condos for sale","T","36","110","10","","","0.5","0.31","110","28,28,18,28,18,11,8,11,15,11,6,6","7,21,28,50","20260801"
"downtown frederick houses for sale","T","49","110","12","","","0.4","0.59","133","64,52,41,64,82,82,82,64,64,100,82,82","9,28","20260801"
"duplex for sale virginia beach va","T","55","110","14","","","0.59","0.59","105","80,66,42,42,80,42,42,66,42,52,42,42","28","20260801"
"fairfax real estate assessments","C,T","42","110","20","","","0.94","0.02","98","26,42,65,42,42,26,42,26,100,34,42,42","6,9,20,28","20260801"
"fairfax vermont houses for sale","T","56","110","12","","","0.16","0.24","113","0,0,0,0,0,100,0,66,0,0,1,2","28","20260801"
"fairfax vt houses for sale","T","56","110","12","","","0.16","0.24","90","2,1,2,2,2,100,15,66,1,0,1,12","7,28","20260801"
"fairlington houses for sale","T","57","110","14","","","0.39","0.52","108","82,52,52,52,64,52,64,64,41,64,64,64","9,28","20260801"
"falls church city condos","N","61","110","20","","","0.5","0.59","123","26,34,26,42,42,42,26,34,34,42,42,53","3,7,9,21,28","20260801"
"falls church condos for sale","T","59","110","15","","","0.29","0.54","113","35,35,2,14,22,18,18,29,0,18,35,29","9,15,28","20260801"
"falls church homes","N","47","110","26","","","0.45","0.39","137","100,33,52,42,100,23,33,42,33,42,19,19","7,9,21,28","20260801"
"falls church real estate taxes","C,T","33","110","18","","","0","0.01","105","52,100,52,52,64,64,64,52,52,82,64,64","7,9,21,28","20260801"
"falls station condo","C,T","44","110","24","","","2.37","0.07","107","52,42,33,52,52,42,52,66,52,66,100,66","1,7,9,21,28","20260801"
"family compound for sale virginia","T","49","110","20","","","0.53","0.29","9210000","42,52,52,42,52,42,52,66,66,52,52,42","5,9,20,21,28","20260801"
"frederick maryland townhomes","N","60","110","20","","","0.86","0.71","113","80,52,52,52,66,52,33,52,42,42,33,23","3,7,9,13,28","20260801"
"frederick md condos for sale","T","57","110","14","","","0.58","0.61","96","5,28,10,28,10,17,28,35,100,17,35,23","7,9,28","20260801"
"frederick new homes","N","47","110","20","","","2.31","0.85","133","35,15,18,15,15,8,15,11,8,11,11,15","3,9,28","20260801"
"fredericksburg condos for sale","T","59","110","12","","","0.54","0.58","107","52,52,41,64,82,41,41,100,82,100,41,23","28","20260801"
"gainesville townhomes for sale","T","63","110","16","","","0.62","0.56","53","12,15,7,10,15,7,5,15,12,19,5,5","28","20260801"
"herndon condos for sale","T","61","110","14","","","0.42","0.52","109","64,82,52,82,64,41,41,100,82,82,82,82","7,28","20260801"
"herndon virginia homes for sale","T","59","110","24","","","0.22","0.47","123","0,0,0,3,0,0,0,100,0,0,0,1","7,21,28","20260801"
"home sale herndon va","T","59","110","22","","","0.22","0.47","107","0,0,0,0,0,0,0,100,0,0,0,0","28","20260801"
"home sale springfield va","T","64","110","22","","","0.24","0.47","110","0,0,0,0,0,0,0,100,0,0,0,100","9,15,28","20260801"
"homes for sale 22030","T","52","110","22","","","0.42","0.46","109","42,42,34,34,34,53,65,80,26,65,34,34","7,28","20260801"
"homes for sale alexandria va 22309","T","52","110","20","","","0.59","0.57","108","26,4,0,0,0,0,0,2,0,0,0,1","28","20260801"
"homes for sale in del webb huntley illinois","T","57","110","17","","","0.25","0.4","120","1,15,0,6,15,5,3,100,0,44,11,28","7,28","20260801"
"homes for sale in fairlington arlington va","T","63","110","13","","","0.39","0.52","127","53,34,34,34,42,34,42,42,26,42,42,42","9,28","20260801"
"homes for sale new fairfield","T","56","110","20","","","0.05","0.35","114","2,0,1,2,0,3,0,100,0,8,5,8","9,21,28","20260801"
"homes for sale warrenton or","T","47","110","17","","","0.19","0.46","107","6,29,2,14,29,14,14,100,18,8,14,22","28","20260801"
"homes in springfield va","N","60","110","27","","","2.26","0.46","111","33,80,52,52,42,52,80,52,52,42,42,100","7,9,28","20260801"
"house for sale in northern virginia","T","54","110","28","","","0.47","0.63","168","2,4,81,2,6,2,100,0,0,0,43,8","9,28","20260801"
"house for sale in warrenton va","T","52","110","26","","","0.42","0.5","20","4,29,6,2,18,14,22,100,18,14,18,35","28","20260801"
"house sale in springfield va","T","64","110","26","","","0.24","0.47","123","0,0,0,0,0,0,0,100,0,0,45,0","7,9,21,28","20260801"
"houses for sale 22306","T","51","110","14","","","1.53","0.41","106","66,80,52,42,66,42,33,66,52,52,52,100","9,14,28","20260801"
"houses for sale in douglas county mn","T","47","110","13","","","0.03","0.24","134","12,21,21,21,34,21,34,34,53,53,81,65","28","20260801"
"houses for sale in fairfax county va","T","66","110","24","","","0.35","0.49","146","12,29,12,12,9,6,6,29,5,1,4,100","9,21","20260801"
"houses for sale in fairfax ohio","T","59","110","15","","","0.23","0.27","142","82,64,64,64,64,64,64,64,64,64,82,100","9,28","20260801"
"houses for sale in mount vernon va","T","54","110","15","","","0.41","0.41","118","64,82,82,64,82,52,52,82,41,64,64,82","7,9,21,28","20260801"
"houses for sale in west springfield va","T","61","110","16","","","0.33","0.35","39","82,82,100,82,64,64,64,41,41,41,64,52","7,9,28","20260801"
"houses for sale in winchester virginia","T","53","110","26","","","0.36","0.51","118","12,15,19,4,23,10,2,2,10,15,15,19","9","20260801"
"houses for sale leesburg al","T","44","110","13","","","0.07","0.4","108","53,43,34,100,15,15,15,12,9,15,15,12","28","20260801"
"houses on sale in springfield va","T","64","110","21","","","0.24","0.47","115","0,0,0,0,0,0,0,100,0,0,0,0","7,9,28","20260801"
"huntley townhomes for sale","T","59","110","14","","","0.43","0.4","109","52,52,64,64,64,64,64,82,82,100,100,82","7,28","20260801"
"land for sale charlottesville","T","44","110","8","","","0.24","0.49","106","42,52,66,66,66,66,100,42,52,33,52,100","7,9,21,28","20260801"
"land for sale in fairfax va","T","61","110","10","","","0.27","0.54","96","33,23,80,42,66,42,42,80,52,33,9,100","28","20260801"
"land for sale warrenton va","T","50","110","11","","","0.19","0.49","111","64,64,64,64,82,82,64,64,52,64,64,64","7,9,28","20260801"
"lorton townhomes for sale","T","64","110","14","","","0.46","0.5","107","20,5,5,8,13,3,8,6,8,6,5,5","28","20260801"
"lynchburg townhomes for sale","T","59","110","14","","","0.46","0.48","110","34,19,34,42,42,34,53,34,26,42,42,42","9,28","20260801"
"maryland townhomes for sale","T","66","110","15","","","0.72","0.56","118","33,66,66,66,33,33,52,42,80,80,52,66","5,9,28","20260801"
"merrill house apartments reviews","N","39","110","11","","","0","0.01","108","64,82,41,41,41,82,82,64,82,100,64,52","1,6,7,9,13,21,28","20260801"
"montgomery county townhomes for sale","T","56","110","14","","","0.44","0.53","116","42,42,26,34,53,34,26,65,65,65,42,53","28","20260801"
"morgantown townhomes for sale","T","59","110","14","","","0.5","0.49","51","53,53,26,34,34,34,26,42,34,53,42,34","28","20260801"
"multifamily for sale virginia","T","60","110","16","","","0.18","0.5","109","19,66,100,19,33,66,80,80,33,14,14,33","9,21,28","20260801"
"new home construction frederick md","N","44","110","23","","","3.28","0.93","64","52,80,80,42,42,66,52,33,14,52,33,66","3,7,9,28","20260801"
"new home developments in frederick md","N","46","110","16","","","2.31","0.85","145","0,12,19,36,66,4,6,6,2,12,6,4","3,7,9,28","20260801"
"new homes fairfax va","N","61","110","24","","","1.57","0.69","136","53,35,17,23,35,23,17,53,17,17,17,17","3,7,9,28","20260801"
"new homes frederick","N","43","110","15","","","3.15","0.93","131","3,15,54,11,11,8,8,8,8,11,8,18","3,9,28","20260801"
"new homes gaithersburg md","N","52","110","20","","","1.41","0.44","116","11,15,19,26,26,34,80,65,100,100,26,26","3,9,28","20260801"
"new homes in herndon va","N","56","110","12","","","1.67","0.59","139","5,7,5,5,5,4,7,7,4,4,4,4","3,9,28","20260801"
"new homes in loudoun","N","48","110","18","","","2.42","0.75","136","100,52,41,52,82,64,64,64,64,64,64,82","3,7,9,20,28","20260801"
"new homes winchester va","N","53","110","12","","","2.27","0.74","135","42,42,53,42,42,42,26,34,65,26,26,65","3,9,21,28","20260801"
"new houses in ashburn va","N","52","110","20","","","3.05","0.76","145","35,29,22,43,43,10,14,14,14,18,14,10","7,9,28","20260801"
"new houses in woodbridge va","N","59","110","8","","","1.87","0.86","147","53,34,34,65,53,15,28,28,21,43,21,21","9,21,28","20260801"
"new town homes for sale","T","48","110","13","","","1.43","0.65","152","43,34,43,43,34,28,28,28,28,34,34,34","9,13,28","20260801"
"new townhomes in ashburn va","N","56","110","29","","","4.12","0.84","150","18,29,29,43,22,18,18,18,22,6,22,14","3,7,9,28","20260801"
"new townhomes in fairburn ga","N","58","110","25","","","1.81","0.94","161","66,42,52,52,52,52,52,66,52,52,42,52","1,9,28,50","20260801"
"new townhomes in fairfax va","N","75","110","24","","","1.57","0.69","157","81,21,21,43,43,28,12,28,15,15,15,15","3,7,9,15,28","20260801"
"new townhomes in frederick md","N","53","110","17","","","2.22","0.84","156","36,12,7,12,2,7,2,7,3,4,4,7","3,7,9,28","20260801"
"new townhomes in leesburg va","N","61","110","14","","","2.26","0.79","146","21,34,28,28,34,34,34,34,28,28,21,43","3,9,28","20260801"
"new townhomes in manassas","N","63","110","21","","","2.01","0.86","133","41,64,64,52,82,82,82,100,64,82,100,82","3,9,28","20260801"
"new townhomes in woodbridge va","N","63","110","23","","","1.87","0.86","157","35,22,18,43,35,10,18,18,18,29,14,22","3,9,20,28","20260801"
"old town alexandria condos for sale","T","50","110","10","","","0.54","0.64","126","64,64,82,82,52,52,52,82,23,52,100,100","9,28","20260801"
"old town alexandria homes","N","50","110","27","","","0.59","0.39","130","52,52,42,52,66,42,42,52,42,52,52,42","5,9,21,28","20260801"
"park station townhomes","C,T","47","110","10","","","0.99","0.05","105","42,26,42,53,65,26,26,42,42,100,26,19","1,13,21,28","20260801"
"potomac home for sale","T","58","110","25","","","0.5","0.49","137","0,1,1,11,11,0,23,100,15,23,18,35","9,28","20260801"
"real estate agencies in alexandria mn","N","33","110","15","","","2.53","0.53","140","65,53,26,42,65,42,26,26,26,42,34,26","3,7,21,28","20260801"
"real estate alexandria va 22314","N","57","110","28","","","0.16","0.23","121","81,100,100,100,100,81,81,63,63,100,100,100","3,9,28","20260801"
"real estate fairfax city va","N","66","110","20","","","0.42","0.33","20","65,34,34,53,43,21,12,28,12,21,21,15","3,28","20260801"
"reston townhomes for sale","T","66","110","12","","","0.46","0.5","110","5,3,18,11,6,6,8,8,18,0,28,18","9,28","20260801"
"single family homes for sale in alexandria va","T","60","110","20","","","0.58","0.48","75","28,34,34,21,43,43,34,28,34,34,43,65","9,28","20260801"
"single family houses for sale in ashburn va","T","57","110","25","","","0.49","0.44","42","34,34,21,28,34,28,28,53,28,43,34,28","9,21,28","20260801"
"single homes for sale in alexandria va","T","61","110","19","","","0.72","0.34","101","64,41,52,41,64,82,64,52,41,64,82,82","9,21,28","20260801"
"single homes for sale in fairfax va","T","69","110","15","","","0.49","0.19","97","42,19,26,42,53,34,42,42,26,42,100,100","9,28","20260801"
"single level condos for sale near me","T","47","110","16","","","0.4","0.57","19300000","78,78,78,78,78,14,100,50,50,64,78,78","21,28,50","20260801"
"springfield va real estate","N","55","110","25","","","0.39","0.32","119","66,66,52,52,52,52,42,42,42,52,52,42","7,9,21,28","20260801"
"the arlington condo","N","56","110","9","","","1.04","0.09","124","100,100,82,64,64,82,100,0,0,0,0,0","3,7,9,13,28","20260801"
"town homes sale","T","64","110","21","","","0.69","0.52","22500000","4,0,0,0,1,17,7,14,21,32,39,39","9,21,28,50","20260801"
"townhomes at monticello","N","47","110","19","","","0.65","0.14","903000","23,18,11,18,18,15,11,15,11,18,15,15","3,6,13,28","20260801"
"townhomes for purchase","T","61","110","25","","","1.06","0.64","136","18,18,22,22,29,18,29,22,22,22,22,22","3,9,15,21,28,50","20260801"
"townhomes for sale alexandria va","T","77","110","29","","","1.93","0.58","20","53,65,6,9,6,28,28,21,34,34,65,43","9,21,28","20260801"
"townhomes for sale ct","T","59","110","16","","","0.22","0.51","108","10,22,14,18,18,43,18,100,14,22,18,81","21,28","20260801"
"townhomes for sale frankfort il","T","59","110","13","","","0.07","0.45","106","52,80,100,52,42,33,42,52,52,66,66,52","28","20260801"
"townhomes for sale gaithersburg md","T","59","110","21","","","0.38","0.52","107","26,53,42,42,26,26,19,65,34,42,42,42","9,28","20260801"
"townhomes for sale in burke va","T","69","110","13","","","0.26","0.47","100","64,64,82,82,64,52,64,64,64,64,82,100","9,28","20260801"
"townhomes for sale in burlington nc","T","58","110","13","","","0.41","0.59","134","64,52,64,64,64,52,52,52,52,52,64,64","28","20260801"
"townhomes for sale in cary","T","60","110","20","","","0.54","0.59","123","14,22,29,18,43,14,22,18,18,22,43,100","9,21,28","20260801"
"townhomes for sale in everett wa","T","57","110","13","","","0.51","0.58","109","28,28,34,21,28,28,21,34,28,53,53,65","7,28","20260801"
"townhomes for sale in frederick md","T","66","110","14","","","0.77","0.63","101","22,54,54,8,10,6,8,43,10,10,10,8","9,28","20260801"
"townhomes for sale in lorton va","T","69","110","14","","","0.46","0.5","122","52,80,80,14,66,42,42,52,52,52,66,100","9,28","20260801"
"townhomes for sale in ma","T","59","110","16","","","0.27","0.47","108","28,34,34,43,34,34,28,34,21,34,34,21","9,21,28","20260801"
"townhomes for sale in massachusetts","T","62","110","16","","","0.27","0.47","99","28,34,28,34,28,21,34,34,34,43,43,100","9,21,28","20260801"
"townhomes for sale in monticello mn","T","53","110","13","","","0.27","0.44","115","64,82,64,82,52,64,41,52,52,41,82,64","15,28","20260801"
"townhomes for sale in norfolk va","T","60","110","14","","","0.71","0.43","40","9,19,15,9,15,15,15,19,12,15,19,19","28","20260801"
"townhomes for sale in south carolina","T","60","110","12","","","0.86","0.6","134","64,64,64,64,64,64,64,82,100,100,82,100","7,9,21,28","20260801"
"townhomes for sale massachusetts","T","59","110","17","","","0.27","0.47","110","33,52,42,66,42,33,42,42,80,52,80,100","9,15,21,28","20260801"
"townhomes for sale vancouver wa","T","60","110","11","","","0.87","0.64","111","34,21,12,34,28,28,34,28,53,65,34,65","7,9,28","20260801"
"townhomes in burlington nc","N","54","110","15","","","0.97","0.65","108","26,34,34,34,42,42,42,34,53,53,42,53","3,9,28","20260801"
"townhomes in gaithersburg md","N","58","110","27","","","0.64","0.54","110","19,33,52,23,52,52,52,66,52,52,100,100","3,9,13,28","20260801"
"townhomes in manassas va","N","65","110","20","","","0.73","0.65","111","42,42,42,66,66,66,100,66,52,14,80,80","3,9,15,28","20260801"
"townhomes in monticello mn","N","50","110","20","","","0.96","0.46","48","23,18,18,23,23,15,23,11,11,11,11,11","3,21,28","20260801"
"townhomes in north charleston sc","N","50","110","20","","","1.85","0.98","55","26,26,53,42,34,42,26,34,34,42,26,26","3,21,28","20260801"
"townhomes in reston va","N","67","110","20","","","0.54","0.61","91","26,34,26,80,34,42,26,34,53,34,65,42","3,9,15,28","20260801"
"townhomes in rockville md","N","57","110","22","","","0.92","0.73","123","53,53,34,15,34,26,26,42,34,42,34,34","3,9,13,28","20260801"
"townhomes rockville md","N","59","110","21","","","0.82","0.7","127","53,53,26,53,65,26,26,34,34,34,26,19","3,9,28","20260801"
"townhouse for sale frederick md","T","66","110","13","","","0.77","0.63","112","100,2,1,1,0,1,1,0,0,0,1,2","9,21,28","20260801"
"townhouse for sale in chantilly va","T","70","110","14","","","0.35","0.59","20","35,11,23,11,18,15,15,23,15,15,15,18","9,28","20260801"
"townhouse for sale in gainesville va","T","66","110","13","","","0.46","0.63","133","43,43,34,28,34,28,28,28,21,34,34,43","9,28","20260801"
"townhouse for sale in lorton va","T","69","110","14","","","0.46","0.5","116","52,66,33,42,52,52,52,80,52,52,66,66","9,15,28","20260801"
"townhouse for sale in stafford va","T","70","110","13","","","0.66","0.63","20","34,19,53,26,42,65,53,42,34,42,42,42","28","20260801"
"townhouse for sale in sterling va","I,T","64","110","27","","","0.59","0.46","112","23,12,53,23,23,23,17,23,23,23,17,23","6,9,28","20260801"
"townhouse in woodbridge","T","59","110","21","","","0.59","0.51","54","82,82,41,52,100,52,64,52,64,52,41,41","3,9,13,28","20260801"
"townhouses for sale alexandria va","T","73","110","27","","","1.93","0.58","110","18,43,14,14,14,35,22,43,14,10,43,14","9,21,28","20260801"
"townhouses for sale in","T","56","110","19","","","1.1","0.12","132","78,78,100,100,78,64,64,78,64,64,78,78","28,50","20260801"
"townhouses for sale in boston ma","T","58","110","22","","","2.14","0.34","114","65,53,53,100,80,42,15,19,19,19,19,11","9,28","20260801"
"townhouses for sale in charlottesville va","I,T","62","110","20","","","0.5","0.66","99","52,100,42,52,66,42,33,42,33,52,33,33","6,28","20260801"
"townhouses for sale in leesburg va","T","62","110","13","","","0.47","0.48","124","52,42,52,42,42,42,66,42,52,80,80,100","7,28","20260801"
"townhouses for sale in ma","T","59","110","16","","","0.27","0.47","107","18,29,22,29,29,10,14,14,14,29,18,10","9,21,28","20260801"
"townhouses for sale in manassas va","T","66","110","13","","","0.5","0.6","101","53,21,43,28,21,15,34,34,28,28,21,12","9,28","20260801"
"townhouses for sale in virginia","T","62","110","21","","","0.52","0.5","126","52,52,42,52,42,66,52,66,80,66,33,100","9,21,28","20260801"
"townhouses for sale vancouver wa","T","57","110","11","","","0.87","0.64","110","52,66,100,80,33,52,52,42,52,52,66,80","7,9,28,49","20260801"
"townhouses+for+sale+near+me","T","64","110","28","","","0.62","0.52","118000000","82,82,100,82,64,64,64,82,0,0,0,0","21,28,50","20260801"
"trulia fort worth texas","I,T","56","110","27","","","0.52","0.21","106","53,65,26,53,34,15,15,100,65,80,19,15","6,28","20260801"
"urbana md homes for sale","T","47","110","13","","","0.55","0.49","132","0,2,1,0,1,0,0,0,0,0,0,100","9,28","20260801"
"virginia condos for sale","T","57","110","24","","","0.41","0.46","129","100,23,23,12,17,17,17,82,12,17,23,28","7,9,14,15,21,28","20260801"
"1 bedroom townhomes for sale","T","53","90","16","","","0.58","0.41","130","81,81,81,100,63,45,45,100,100,81,63,81","14,21,28,49,50","20260801"
"1 bedroom townhouse for sale","T","52","90","15","","","0.65","0.55","129","66,52,100,42,33,23,33,33,42,33,33,42","28,50","20260801"
"2 bedroom townhomes for sale near me","T","55","90","15","","","0.7","0.57","26500000","78,64,78,50,50,50,50,50,35,50,78,78","14,15,21,28,50","20260801"
"3 bedroom townhouses for sale","T","48","90","16","","","0.78","0.58","119","23,52,33,23,52,42,42,33,33,100,52,52","9,21,28,50","20260801"
"alexandria apartments for sale","T","52","90","25","","","0.37","0.47","112","33,42,33,23,33,33,33,100,42,33,42,42","7,28","20260801"
"apartments for sale in maryland usa","T","51","90","26","","","0.23","0.39","73","41,41,41,64,64,64,0,64,41,64,100,64","7,28","20260801"
"ashburn new construction","N","47","90","22","","","3.03","0.7","128","42,42,34,53,42,26,19,26,26,26,34,19","7,9,13,20,28","20260801"
"casas de venta en chantilly va","N","53","90","18","","","0.06","0.25","109","33,33,23,33,33,23,52,33,52,80,23,19","7,9,28","20260801"
"casas de venta en lomond dr manassas va","N","55","90","18","","","0.26","0.03","44","22,10,14,22,35,22,10,14,14,22,29,43","13,21,28","20260801"
"centreville condos for sale","T","59","90","14","","","0.37","0.52","107","26,34,42,26,26,34,26,65,26,42,26,34","7,28","20260801"
"centreville townhomes for sale","T","62","90","13","","","0.39","0.56","106","42,42,4,33,14,23,9,66,100,33,100,52","7,28","20260801"
"chantilly real estate va","N","54","90","26","","","0.37","0.33","132","43,28,21,34,28,28,28,28,21,43,34,34","3,7,9,28","20260801"
"charlottesville farms for sale","T","42","90","1","","","0.24","0.4","128","7,11,11,11,11,11,9,11,7,7,11,9","7,9,28","20260801"
"condo for sale annandale va","T","63","90","16","","","0.29","0.49","107","50,50,35,78,50,35,28,35,100,78,78,35","7,21,28","20260801"
"condo for sale arlington ma","T","48","90","14","","","0.12","0.4","111","50,100,78,64,50,50,78,35,50,78,64,100","9,21,28","20260801"
"condo for sale arlington tx","T","49","90","19","","","0.47","0.55","20","41,64,100,52,64,52,64,41,41,52,64,64","28","20260801"
"condo for sale in annandale va","T","58","90","13","","","0.21","0.45","111","34,42,42,53,53,26,26,34,19,53,42,34","7,28","20260801"
"condo for sale springfield ohio","T","50","90","15","","","0.28","0.43","107","1,1,2,8,8,20,6,5,6,16,8,10","28","20260801"
"condominiums for sale in cary nc","T","54","90","17","","","0.45","0.52","126","80,33,42,23,33,33,42,52,19,42,33,42","7,9,28","20260801"
"condos for sale arlington","T","57","90","20","","","0.47","0.55","111","34,19,53,19,15,11,19,19,100,34,26,7","9,21,28","20260801"
"condos for sale arlington ma","T","47","90","10","","","0.13","0.36","108","42,42,33,33,52,52,33,14,33,52,80,100","7,9,28","20260801"
"condos for sale burlington nc","T","57","90","13","","","0.19","0.43","108","64,50,78,50,64,64,78,50,50,100,100,100","28","20260801"
"condos for sale charlottesville","T","54","90","12","","","0.39","0.63","107","41,64,64,52,52,41,52,41,41,64,64,100","28","20260801"
"condos for sale gaithersburg md","T","57","90","17","","","0.23","0.62","109","23,23,19,33,33,66,42,33,100,23,80,80","7,9,28","20260801"
"condos for sale in annandale va","T","62","90","13","","","0.29","0.49","113","23,52,52,52,52,33,33,23,100,42,33,33","7,9,28","20260801"
"condos for sale in fairfield","T","56","90","14","","","0.44","0.37","94","9,9,21,21,15,28,28,53,34,21,28,100","7,21,28","20260801"
"condos for sale in gaithersburg","T","53","90","13","","","0.4","0.61","105","19,26,26,34,42,26,34,26,42,26,42,100","7,9,28","20260801"
"condos for sale in springfield va","T","64","90","13","","","0.49","0.57","98","64,100,41,82,64,41,52,52,41,29,29,41","7,28","20260801"
"condos for sale leesburg va","T","61","90","14","","","0.33","0.51","108","52,64,52,64,23,41,29,41,29,41,29,23","7,28","20260801"
"condos for sale manassas va","T","65","90","13","","","0.37","0.62","108","19,52,52,66,52,33,33,52,80,42,100,80","9,28","20260801"
"condos for sale mclean va","T","61","90","13","","","0.46","0.55","112","78,78,78,78,64,50,50,64,50,50,64,50","7,9,28","20260801"
"condos for sale montgomery county md","T","55","90","13","","","0.28","0.49","109","41,41,17,41,23,29,52,100,82,64,64,29","7,9,15,28","20260801"
"condos for sale ohio","T","48","90","19","","","0.25","0.36","113","82,82,64,52,41,52,52,41,82,64,82,41","7,9,21,28","20260801"
"condos for sale va","T","60","90","14","","","0.41","0.46","48","26,42,42,26,34,26,42,26,26,100,34,34","9,15,28","20260801"
"condos in leesburg va","N","62","90","20","","","0.46","0.33","108","64,78,64,50,50,50,50,64,50,64,78,78","3,7,9,21,28","20260801"
"condos in woodbridge va","N","67","90","21","","","0.5","0.17","114","28,28,21,21,21,28,21,21,21,28,100,34","3,7,9,14,15,28","20260801"
"condos old town alexandria va","N","55","90","20","","","0.71","0.61","122","42,33,42,42,19,42,33,33,33,52,42,33","3,7,9,28","20260801"
"condos sale fairfax county va","T","68","90","22","","","0.45","0.53","98","100,63,45,63,63,63,63,100,100,81,100,100","9,28","20260801"
"downtown fredericksburg homes for sale","T","55","90","15","","","0.47","0.55","39","21,28,43,34,43,21,28,21,15,21,28,34","28","20260801"
"fairfax county land for sale","T","57","90","10","","","0.22","0.59","104","26,26,34,26,26,34,42,42,26,42,42,53","6,28","20260801"
"fairfax va townhomes for sale","T","91","90","26","","","0.41","0.54","108","3,12,12,43,53,43,53,43,21,12,34,21","9,21,28","20260801"
"fairlington homes for sale","T","60","90","16","","","0.39","0.52","35","64,64,41,52,41,52,41,41,41,41,41,41","21,28","20260801"
"farms for sale charlottesville va","T","41","90","1","","","0.24","0.4","136","11,11,18,15,15,15,11,18,8,11,18,11","9,28","20260801"
"frankfort il townhomes for sale","T","57","90","13","","","0.07","0.45","117","15,15,34,15,28,21,21,21,28,100,43,28","28","20260801"
"gaithersburg md townhomes for sale","T","58","90","14","","","0.65","0.55","114","42,4,33,4,23,23,4,66,100,52,80,14","9,13,28","20260801"
"haymarket va apartments","N","51","90","17","","","0.92","0.68","107","12,21,15,15,34,15,12,53,28,53,43,15","3,6,9,28","20260801"
"homes for sale 22039","T","54","90","16","","","0.21","0.22","108","64,52,41,41,41,29,41,41,41,52,41,64","28","20260801"
"homes for sale 22042","T","53","90","14","","","0.12","0.13","104","28,28,34,28,34,28,21,28,15,21,28,21","28","20260801"
"homes for sale 22152","T","53","90","18","","","0.49","0.41","106","53,34,42,26,42,26,19,26,26,34,26,53","28","20260801"
"homes for sale 22309","T","53","90","19","","","0.12","0.41","104","42,80,26,19,26,26,19,100,26,26,34,80","15,28","20260801"
"homes for sale alexandria va 22314","T","55","90","29","","","1.85","0.4","19","28,23,23,28,35,23,17,17,23,23,23,17","28","20260801"
"homes for sale chantilly","T","49","90","26","","","0.35","0.45","108","100,82,5,82,82,29,5,23,0,52,100,41","7,9,21,28","20260801"
"homes for sale downtown frederick md","T","48","90","10","","","0.4","0.59","111","52,52,52,52,66,42,33,33,33,52,42,42","7,9,28","20260801"
"homes for sale falls church","T","49","90","23","","","0.43","0.44","111","12,6,53,15,6,43,34,43,15,21,21,15","7,9,28","20260801"
"homes for sale in 22193","T","50","90","27","","","0.42","0.41","145","17,28,23,23,17,17,17,23,28,28,35,28","28,49","20260801"
"homes for sale in 22193 zip code","T","52","90","24","","","0.42","0.41","110","15,12,9,9,12,6,9,12,9,15,12,2","28","20260801"
"homes for sale in winchester virginia","T","54","90","28","","","0.22","0.47","108","2,4,4,5,3,5,4,2,2,3,4,7","9","20260801"
"homes for sale winchester virginia","T","54","90","28","","","0.22","0.47","110","23,29,23,1,0,0,1,0,0,0,4,12","7,9,15","20260801"
"homes in alexandria la","N","48","90","27","","","0.46","0.38","6650000","4,10,12,7,12,12,12,10,5,10,7,7","7,28","20260801"
"homes in fairfax county va","N","67","90","24","","","1.4","0.37","163","52,41,41,64,41,52,52,52,64,64,41,41","7,9,21,28","20260801"
"house for sale alexandria la","T","46","90","26","","","0.22","0.44","108","10,29,18,18,18,18,0,18,22,2,8,4","7,28","20260801"
"house for sale chantilly va","T","57","90","23","","","0.3","0.44","113","11,8,5,100,5,5,1,1,1,3,15,5","9,28","20260801"
"house for sale falls church","T","50","90","26","","","0.43","0.44","130","100,1,9,2,1,6,2,4,0,6,6,1","7,9,28","20260801"
"house for sale in alexandria la","T","43","90","23","","","0.22","0.44","98","23,19,9,2,9,36,23,1,1,1,2,0","7,9,28","20260801"
"house for sale in alexandria va 22310","T","58","90","19","","","0.21","0.28","104","100,100,100,18,63,45,63,63,36,63,100,63","9,28","20260801"
"house for sale in chantilly va","T","56","90","19","","","0.35","0.45","127","0,5,24,1,0,3,1,0,6,1,13,20","9,28","20260801"
"house for sale in new fairfield ct","T","53","90","13","","","0.05","0.35","104","26,19,19,65,26,7,34,42,65,53,65,53","9,15,28","20260801"
"house for sale in woodbridge va 22191","T","56","90","22","","","0.35","0.39","105","52,41,41,41,41,52,52,82,82,52,41,29","9,28","20260801"
"house for sale new fairfield ct","T","52","90","13","","","0.05","0.35","115","5,5,3,8,8,5,3,6,10,5,10,6","9,28","20260801"
"house for sale sterling virginia","T","60","90","27","","","0.36","0.43","114","0,3,1,0,0,100,0,0,0,0,1,1","9,15,28","20260801"
"house for sale winchester va 22601","T","57","90","22","","","0.39","0.5","108","11,53,7,7,3,26,26,80,100,26,80,42","9,28","20260801"
"houses for sale 20148","T","52","90","22","","","1.52","0.47","53","64,64,52,52,64,52,29,41,29,41,52,23","9,13,28","20260801"
"houses for sale 22193","T","51","90","23","","","0.42","0.41","109","8,18,15,11,15,15,8,15,11,18,23,11","28","20260801"
"houses for sale 22309","T","51","90","17","","","0.12","0.41","107","34,65,19,19,26,26,34,100,26,26,34,80","9,15,28","20260801"
"houses for sale chantilly va","T","58","90","24","","","0.3","0.44","105","5,19,1,9,54,5,9,5,12,1,23,15","9","20260801"
"houses for sale downtown frederick md","T","50","90","11","","","0.4","0.59","112","6,8,6,8,10,6,5,5,5,8,6,5","7,9,28","20260801"
"houses for sale dumfries","T","51","90","16","","","0.47","0.48","112","35,22,22,18,22,10,14,14,14,14,14,14","9,28","20260801"
"houses for sale fairburn","T","57","90","28","","","0.56","0.59","110","1,0,0,1,1,13,1,16,10,13,16,100","9,28","20260801"
"houses for sale in 22042","T","51","90","14","","","2.27","0.21","116","64,50,50,64,78,64,50,50,35,50,64,50","28","20260801"
"houses for sale in 22308","T","51","90","14","","","0.07","0.39","131","34,34,19,0,34,19,19,65,53,34,42,100","15,28","20260801"
"houses for sale in 22309","T","50","90","22","","","0.12","0.41","111","34,42,26,19,26,26,19,100,34,26,34,34","9,28","20260801"
"houses for sale in del webb huntley il","T","57","90","14","","","0.25","0.4","120","10,12,12,10,12,7,5,82,2,100,17,23","7,21,28","20260801"
"houses for sale in dumfries va","T","60","90","18","","","0.46","0.56","108","15,9,15,15,15,12,5,6,6,9,4,2","9,21,28","20260801"
"houses for sale in winchester va 22602","T","52","90","24","","","0.43","0.62","85","33,33,23,33,33,33,23,52,52,80,14,14","9,28","20260801"
"houses in falls church","N","50","90","25","","","0.24","0.42","131","64,64,41,0,0,52,52,64,52,64,52,82","7,9,15,21,28","20260801"
"houses in springfield va","N","55","90","24","","","0.41","0.46","111","42,52,19,33,42,23,33,42,52,23,33,100","9,15,21,28","20260801"
"land for sale in charlottesville va","T","46","90","7","","","0.22","0.48","114","45,81,100,100,81,63,45,81,100,100,100,63","7,9,21,28","20260801"
"land for sale in fairfax county va","T","57","90","13","","","0.22","0.59","20","81,63,63,63,81,81,100,100,63,100,81,100","28","20260801"
"leesburg al homes for sale","T","44","90","13","","","0.07","0.4","101","28,15,12,28,28,34,12,53,43,28,53,53","28","20260801"
"lots for sale in alexandria va","T","51","90","9","","","0.22","0.47","110","33,42,33,33,42,42,66,33,23,33,33,42","7,28","20260801"
"luxury townhomes for sale near me","T","55","90","15","","","1.04","0.64","183","42,52,52,42,33,42,33,33,52,42,52,66","7,21,28,50","20260801"
"maryland house condominiums","C,T","47","90","20","","","0.54","0.07","56","64,64,64,52,52,52,52,41,41,64,64,64","1,7,13,21,28","20260801"
"maryland house condominiums st louis","C,T","44","90","19","","","0","0.05","195","78,64,100,64,78,35,50,50,50,78,64,50","1,7,21,28","20260801"
"mclean townhomes for sale","T","67","90","14","","","0.47","0.53","107","53,42,26,42,53,34,26,26,26,42,26,26","9,28","20260801"
"montebello new townhomes","N","53","90","18","","","2.65","0.62","118","78,50,64,50,64,64,64,78,50,64,78,50","3,6,9,20,28","20260801"
"montgomery county condos for sale","T","52","90","17","","","0.27","0.57","96","33,33,19,19,33,33,100,52,80,33,80,66","9,28","20260801"
"montgomery village new homes","T","56","90","13","","","1.58","0.29","107","0,9,23,33,33,33,80,100,80,80,33,33","1,9,13,21,28","20260801"
"monticello townhomes for sale","T","54","90","14","","","0.27","0.44","36","41,64,64,82,64,64,41,52,52,41,64,64","28","20260801"
"morgantown wv townhomes for sale","T","56","90","13","","","0.46","0.47","98","4,4,52,9,100,52,66,52,80,80,52,33","28","20260801"
"new construction homes in loudoun county","N","49","90","21","","","2.82","0.86","160","42,34,26,34,34,26,26,34,26,26,26,26","3,7,9,20,21,28","20260801"
"new construction in frederick md","N","47","90","14","","","3.15","0.93","151","15,19,15,9,12,15,12,15,12,9,9,15","3,7,9,28","20260801"
"new construction loudoun county","N","48","90","18","","","2.4","0.82","134","100,78,50,64,35,35,50,50,50,50,50,50","3,7,9,20,28","20260801"
"new construction loudoun county va","N","49","90","18","","","2.4","0.82","125","78,50,64,64,100,50,50,50,50,50,50,50","3,9,21,28","20260801"
"new construction townhomes in northern va","N","57","90","20","","","2.66","0.61","179","41,41,82,41,52,64,41,52,41,64,41,52","3,9,20,28","20260801"
"new homes for sale in frederick md","T","50","90","12","","","2.15","0.6","148","41,52,64,64,52,52,41,41,41,52,52,64","9,21,28","20260801"
"new homes for sale in winchester va","T","55","90","15","","","1.4","0.71","155","33,42,66,66,52,33,33,33,33,52,9,66","9,21,28","20260801"
"new homes in fairfax va","N","57","90","23","","","1.78","0.65","149","33,42,52,42,52,42,66,80,42,23,33,23","3,9,28","20260801"
"new homes in lorton va","N","53","90","11","","","2.28","0.84","152","9,42,42,42,42,23,23,42,52,33,66,66","3,9,28","20260801"
"new homes in rockville md","N","49","90","22","","","1.56","0.68","155","52,82,52,82,52,64,64,41,41,52,41,82","3,9,28","20260801"
"new homes in winchester","N","41","90","27","","","2.76","0.88","136","52,29,41,29,29,52,52,100,64,64,64,100","3,9,13,28","20260801"
"new homes loudoun va","N","52","90","14","","","2.42","0.75","135","100,52,41,52,82,23,52,41,41,41,41,11","3,7,9,13,20,21,28","20260801"
"new townhomes frederick md","N","53","90","17","","","3","0.97","131","23,64,100,82,41,82,0,82,41,41,64,82","3,9,20,28","20260801"
"new townhomes in charleston sc","N","48","90","22","","","2.83","0.38","168","34,65,65,26,34,19,19,19,19,11,26,34","3,7,9,21,28","20260801"
"new townhomes in rockville md","N","54","90","21","","","1.87","0.81","144","15,18,18,15,18,15,15,18,15,18,23,18","3,9,13,20,28","20260801"
"norfolk townhomes for sale","T","56","90","14","","","0.71","0.43","108","35,64,64,64,78,64,64,64,64,64,78,78","9,28","20260801"
"old town alexandria condos","N","52","90","20","","","0.81","0.81","119","23,42,52,52,52,42,52,52,33,52,52,66","3,9,13,21,28","20260801"
"old town townhomes","N","56","90","21","","","0.69","0.17","112","4,3,2,3,2,3,0,7,4,3,5,0","3,9,28","20260801"
"potomac townhomes for sale","T","58","90","10","","","0.47","0.5","103","63,100,100,63,81,63,45,63,63,81,81,100","28","20260801"
"real estate falls church","N","50","90","29","","","0.42","0.2","20","15,43,21,53,28,15,12,21,28,21,43,100","3,21,28","20260801"
"real estate listings springfield va","N","57","90","22","","","0.39","0.32","113","63,81,81,81,100,81,63,63,63,81,81,63","7,9,28","20260801"
"reston town center condominiums for sale","T","58","90","19","","","0.33","0.6","111","3,0,3,0,0,3,0,0,81,100,100,81","3,7,9,15,28","20260801"
"rockville md condos for sale","T","57","90","27","","","0.46","0.59","104","7,80,42,42,19,65,42,26,11,34,34,53","7,9,28","20260801"
"rockville townhomes for sale","T","60","90","13","","","0.69","0.67","109","52,80,33,33,23,33,23,52,19,33,52,100","9,28","20260801"
"single family homes for sale ashburn","T","50","90","18","","","0.49","0.44","122","3,11,19,11,3,19,3,100,100,42,65,15","7,9,28","20260801"
"single family homes in fairfax va for sale","T","66","90","13","","","0.41","0.52","104","41,41,64,64,64,41,52,41,29,41,100,64","9,28","20260801"
"single story townhomes for sale near me","T","51","90","22","","","0.66","0.54","153","64,52,29,29,52,29,41,52,52,64,82,100","21,28,50","20260801"
"skyline plaza apartments","N","39","90","23","","","0.89","0.23","109","78,100,78,64,64,64,50,50,50,50,50,78","3,6,7,9,13,28","20260801"
"springfield condos for sale","T","54","90","23","","","0.39","0.44","107","34,53,42,42,53,34,26,26,26,26,26,34","9,28","20260801"
"stafford va townhomes","N","64","90","20","","","0.99","0.77","114","64,52,82,52,41,41,29,29,23,52,29,23","3,9,28","20260801"
"three bedroom townhomes for sale","T","56","90","18","","","0.63","0.41","128","42,23,42,33,9,33,19,52,66,100,52,23","9,21,28,50","20260801"
"townhomes fairfax va","N","84","90","25","","","0.55","0.56","20","14,29,43,29,14,8,14,10,10,14,14,54","3,9,13,28","20260801"
"townhomes for sale ashburn va","T","60","90","17","","","0.69","0.46","110","11,65,42,80,100,19,15,0,3,7,19,11","9,28","20260801"
"townhomes for sale delaware","T","61","90","14","","","0.65","0.62","112","6,10,8,8,14,6,18,10,35,29,35,100","9,28","20260801"
"townhomes for sale falls church va","T","74","90","21","","","0.4","0.58","110","29,64,64,64,41,52,64,41,23,29,52,29","9,21,28","20260801"
"townhomes for sale fort worth tx","T","59","90","15","","","1.01","0.63","109","50,100,50,100,64,50,78,64,64,78,78,64","7,9,21,28","20260801"
"townhomes for sale herndon va","T","71","90","13","","","0.39","0.51","108","23,33,80,52,33,52,33,23,33,42,52,66","28","20260801"
"townhomes for sale huntley","T","59","90","14","","","0.31","0.35","106","64,50,64,64,100,28,64,64,64,78,78,14","7,28","20260801"
"townhomes for sale in alexandria va","T","75","90","25","","","1.65","0.62","104","10,10,12,10,7,10,15,15,7,7,10,7","7,9,28","20260801"
"townhomes for sale in annandale va","T","63","90","11","","","0.46","0.52","117","64,52,64,52,64,100,41,52,41,41,52,52","9,28","20260801"
"townhomes for sale in haymarket va","T","66","90","16","","","0.47","0.61","115","18,14,22,18,22,14,14,14,10,14,14,14","9,21,28","20260801"
"townhomes for sale in loudoun county va","T","69","90","13","","","0.47","0.37","129","19,26,26,19,42,34,26,42,42,65,34,65","9,28","20260801"
"townhomes for sale in northern va","T","78","90","17","","","0.58","0.57","142","52,52,66,33,33,33,42,52,52,66,66,66","9,15,28","20260801"
"townhomes for sale lynchburg va","T","61","90","13","","","0.46","0.48","111","15,53,26,53,11,34,34,26,26,34,42,42","7,9,28","20260801"
"townhomes for sale portland or","T","60","90","13","","","0.95","0.57","114","28,28,0,28,28,28,28,23,12,35,43,100","9,28","20260801"
"townhomes fredericksburg va","N","68","90","18","","","0.91","0.84","124","81,21,12,21,15,28,15,81,53,21,34,21","3,9,28","20260801"
"townhomes in centreville va","N","62","90","21","","","0.5","0.64","107","23,23,42,33,33,42,42,42,52,52,33,42","7,13,21,28","20260801"
"townhomes in fairburn","N","58","90","29","","","0.95","0.88","107","41,41,41,64,64,52,64,64,52,64,64,64","3,6,7,28","20260801"
"townhomes in fredericksburg va","N","68","90","20","","","0.79","0.79","112","5,35,28,23,23,12,17,28,0,23,23,23","3,9,21,28","20260801"
"townhomes in leesburg va","N","66","90","12","","","0.49","0.44","109","41,64,41,52,41,52,41,64,41,52,52,52","9,13,28","20260801"
"townhomes in massachusetts","N","58","90","20","","","0.39","0.41","123","28,15,15,15,21,21,34,21,53,21,15,100","3,9,21,28","20260801"
"townhomes in mclean va","N","68","90","20","","","0.49","0.29","132","5,2,7,1,12,12,12,15,5,19,19,23","3,9,28","20260801"
"townhomes in northern va","N","74","90","18","","","0.57","0.49","129","42,42,52,52,52,52,42,52,52,52,52,42","3,9,15,21,28","20260801"
"townhouse for sale by owner","T","49","90","11","","","0.46","0.42","120","42,53,34,34,42,34,26,42,26,34,42,42","28,50","20260801"
"townhouse for sale gaithersburg md","T","59","90","13","","","0.65","0.55","108","50,100,50,0,64,35,35,64,50,78,78,100","9,15,28","20260801"
"townhouse for sale herndon va","I,T","70","90","20","","","0.35","0.51","102","33,42,42,52,42,33,23,42,52,42,80,100","6,15,21,28","20260801"
"townhouse for sale in annandale va","T","61","90","13","","","0.38","0.53","119","64,64,41,52,64,52,41,41,41,41,41,41","9,15,28","20260801"
"townhouse for sale in delaware","T","60","90","16","","","0.65","0.62","127","50,100,78,64,78,50,78,64,78,78,64,100","9,21,28","20260801"
"townhouse for sale in herndon va","T","66","90","13","","","0.39","0.51","111","23,42,23,23,33,33,23,42,42,52,52,66","7,28","20260801"
"townhouse for sale in woodbridge va","T","71","90","17","","","0.46","0.43","108","19,12,12,12,15,9,5,12,9,15,12,9","9,28","20260801"
"townhouses for sale in burlington nc","T","60","90","13","","","0.41","0.59","100","64,64,50,64,78,78,64,78,64,78,100,78","28","20260801"
"townhouses for sale in charleston sc","T","60","90","16","","","1.24","0.62","91","50,78,100,64,50,50,64,64,78,100,78,78","6,7,9,28","20260801"
"townhouses for sale in reston","T","61","90","17","","","0.46","0.5","108","65,34,53,100,3,19,26,19,7,53,53,3","9,28","20260801"
"townhouses in northern virginia","N","72","90","21","","","0.9","0.75","20","100,35,64,50,64,64,50,78,50,78,78,50","9,21,28","20260801"
"urbana house for sale","T","44","90","25","","","0.23","0.46","109","12,21,53,65,28,21,12,28,15,34,34,34","28","20260801"
"vancouver wa townhomes","N","55","90","18","","","1.34","0.93","122","0,11,42,42,34,34,53,53,100,65,80,42","3,7,9,28","20260801"
"warrenton nc homes for sale","T","57","90","22","","","0.17","0.41","117","3,6,34,3,43,21,28,28,43,34,53,43","21,28","20260801"
"warrenton oregon homes for sale","T","45","90","20","","","0.19","0.46","109","0,100,7,42,65,26,15,26,34,26,26,65","28","20260801"
"warrenton oregon real estate","N","44","90","16","","","0.06","0.49","109","23,28,35,23,12,17,12,17,28,17,17,17","21,28","20260801"
"warrenton va for sale","T","48","90","26","","","0.37","0.41","123","78,78,78,78,100,50,50,50,50,78,78,64","7,9,28","20260801"
"winchester homes for sale by owner","T","49","90","13","","","0.18","0.53","98","52,52,66,33,42,33,33,23,33,23,23,42","28","20260801"
"winchester va homes","N","52","90","29","","","0.46","0.56","127","64,64,64,78,78,50,35,35,78,78,100,64","9","20260801"
"winchester va property search","C,N","46","90","28","","","0","0.05","108","64,52,52,52,41,41,52,41,41,41,52,64","7,28","20260801"
"woodbridge va single family homes for sale","T","60","90","17","","","0.44","0.42","88","45,63,100,63,100,63,100,45,81,100,100,63","9,28","20260801"
"1 story townhomes for sale","T","53","70","20","","","0.67","0.6","13700000","33,23,52,33,14,52,66,14,33,19,14,9","15,21,28,50","20260801"
"20171 homes for sale","T","53","70","22","","","0.26","0.43","107","52,29,29,23,41,29,41,100,64,64,52,23","28","20260801"
"22033 homes for sale","T","56","70","16","","","0.6","0.52","109","52,52,41,41,41,52,29,41,29,41,41,82","7,28","20260801"
"22150 homes for sale","T","52","70","22","","","0.13","0.27","107","41,29,41,52,52,41,52,52,41,64,64,64","28","20260801"
"22314 real estate","N","48","70","23","","","0.04","0.17","107","35,50,50,21,35,28,100,50,35,35,50,28","9,28","20260801"
"airbnb centreville va","I,T","59","70","23","","","0.37","0.16","107","41,23,17,17,17,23,17,41,82,100,100,100","6,7,28","20260801"
"alexandria va townhomes for sale","T","74","70","28","","","1.93","0.58","89","7,42,7,0,7,19,7,42,34,42,65,26","7,9,21,28","20260801"
"annandale townhomes for sale","T","55","70","13","","","0.46","0.52","108","33,33,33,33,42,42,33,42,23,33,33,42","28,49","20260801"
"apartments for sale in alexandria egypt","T","34","70","11","","","0","0.01","124","63,81,100,63,45,45,81,63,63,63,63,45","7,9,21,28","20260801"
"apartments in warrenton nc","N","46","70","18","","","0.42","0.3","107","100,100,18,63,63,45,63,63,36,36,18,18","3,9,28","20260801"
"arlington va condo","N","58","70","24","","","0.66","0.47","136","21,3,15,12,43,12,3,3,43,65,3,0","3,6,7,9,20,28","20260801"
"arlington va condos","N","63","70","24","","","0.66","0.47","117","100,33,9,4,4,33,42,4,4,66,4,4","3,6,7,9,21,28","20260801"
"ashburn median home price","T","58","70","21","","","0","0.33","108","1,3,6,3,0,0,0,0,8,100,1,81","6,7,9,21,28,50","20260801"
"ashburn single family homes","N","54","70","23","","","0.74","0.56","135","41,29,41,41,41,52,41,41,41,64,64,100","9,13,28","20260801"
"baltimore maryland townhouses","N","56","70","21","","","0.97","0.61","120","0,0,0,0,0,0,0,0,0,81,81,100","3,7,9,13,28","20260801"
"burke condos for sale","T","55","70","12","","","0.32","0.49","25","45,63,63,81,63,81,45,63,63,100,63,100","28","20260801"
"burke cove condos for sale","T","59","70","14","","","0.08","0.18","108","63,81,63,100,63,63,63,63,45,45,63,63","5,21,28","20260801"
"burlington nc townhomes for sale","T","55","70","13","","","0.41","0.59","138","0,14,21,35,64,64,50,50,50,64,100,78","28","20260801"
"buy apartment in alexandria egypt","T","33","70","13","","","0","0.33","124","81,81,81,36,63,63,63,63,63,63,63,63","7,9,28","20260801"
"buy townhouse in fairfax va","T","81","70","21","","","0.45","0.53","116","0,0,0,0,0,0,0,0,0,0,100,66","9,28","20260801"
"buy townhouse vancouver","T","51","70","21","","","0.44","0.26","129","77,44,77,100,100,100,77,100,77,100,0,77","3,7,9,28","20260801"
"cabins for sale in alexandria mn","T","42","70","23","","","0.05","0.45","123","34,43,34,21,15,12,9,9,15,15,21,43","7,28","20260801"
"cary nc condos for sale","T","53","70","19","","","0.45","0.52","127","9,34,34,15,21,15,15,3,21,28,28,28","7,9,21,28","20260801"
"casas de venta en new fairfield ct","N","53","70","20","","","0.05","0.26","104","52,42,42,33,52,33,33,33,33,33,33,19","9,28","20260801"
"casas en venta en dumfries va","N","59","70","13","","","0.44","0.28","108","17,17,17,17,17,12,12,23,17,17,12,5","7,9,13,28","20260801"
"casas en venta en springfield va 22150","N","53","70","23","","","0.29","0.13","107","18,100,18,100,100,100,18,100,18,100,63,36","7,13,28","20260801"
"casas en venta en warrenton va","N","51","70","25","","","0.09","0.28","121","52,41,29,11,64,11,11,64,64,41,41,41","7,9,13,28","20260801"
"chantilly new construction","N","50","70","14","","","2.85","0.86","116","45,63,63,63,63,81,63,45,45,63,63,18","9,28","20260801"
"chantilly new homes","N","56","70","20","","","2.87","0.8","120","26,34,26,26,26,19,26,26,26,26,26,15","3,9,28","20260801"
"chantilly virginia homes for sale","T","56","70","24","","","0.35","0.45","121","10,7,66,17,7,2,66,2,0,5,2,5","7,9,21,28","20260801"
"charleston sc townhomes for sale","T","56","70","15","","","0.76","0.62","117","23,41,52,41,64,17,17,82,82,29,100,64","6,9,21,28","20260801"
"charleston wv townhomes for sale","T","55","70","13","","","0.17","0.25","88","64,50,64,64,50,50,64,50,14,7,7,14","9","20260801"
"cheap houses for sale in alexandria va","T","55","70","20","","","0.24","0.46","92","2,2,3,2,2,2,2,2,2,1,0,0","21,28","20260801"
"cheap houses for sale in fairfax va","T","65","70","13","","","0.21","0.43","41","35,50,50,50,50,50,50,50,35,50,14,100","9,28","20260801"
"cheap houses for sale in leesburg florida","T","50","70","23","","","0.23","0.53","103","28,15,28,21,21,21,21,34,15,21,21,9","21,28","20260801"
"cheap houses for sale in stamford ct","T","54","70","18","","","0.13","0.47","91","63,45,63,63,100,63,63,63,63,63,63,63","21,28","20260801"
"cheap houses for sale woodbridge va","T","57","70","16","","","0.32","0.48","108","45,63,45,63,63,63,63,63,63,63,45,63","13,21,28","20260801"
"cheap townhouses for sale","T","52","70","24","","","0.49","0.07","27100000","12,17,23,23,7,12,12,2,100,2,2,2","14,21,28","20260801"
"city homes portland","N","57","70","25","","","0.78","1","156","0,0,0,0,0,0,0,0,54,19,36,54","3,6,7,9,28","20260801"
"condo for sale in annandale","T","54","70","13","","","0.29","0.49","107","52,4,33,33,14,4,4,42,66,66,66,14","7,9,28","20260801"
"condo for sale in arlington ma","T","50","70","15","","","0.12","0.4","104","63,81,45,45,63,63,36,63,27,81,100,81","7,9,21,28","20260801"
"condo for sale in arlington va","T","65","70","20","","","0.44","0.57","96","2,17,0,100,35,7,2,0,17,0,5,23","9,28","20260801"
"condo for sale in manassas va","T","65","70","15","","","0.37","0.62","113","35,50,64,64,78,35,64,35,50,50,78,100","7,9,21,28","20260801"
"condo for sale in springfield va","T","63","70","13","","","0.34","0.52","106","12,23,17,23,23,5,12,17,7,10,7,12","7,28","20260801"
"condo for sale springfield ma","T","52","70","27","","","0.12","0.5","109","15,21,15,21,21,12,12,81,0,21,12,100","9,14,15,21,28","20260801"
"condos arlington ma","N","50","70","17","","","0.15","0.53","105","41,64,64,41,52,29,23,29,64,52,41,41","3,7,28","20260801"
"condos arlington tx","N","50","70","29","","","0.62","0.66","109","45,63,27,45,36,100,45,45,45,81,63,45","3,7,9,28","20260801"
"condos arlington va","N","62","70","21","","","0.66","0.47","122","0,11,11,21,14,9,3,1,2,14,2,3","3,7,9,13,14,15,28","20260801"
"condos charlottesville va","N","55","70","20","","","0.46","0.58","110","21,43,34,28,6,21,15,28,15,21,15,15","3,7,9,13,21,28","20260801"
"condos fairfield ct","N","58","70","18","","","0.32","0.43","111","77,77,77,77,77,55,44,77,77,77,100,55","3,7,9,21,28","20260801"
"condos for sale arlington tx","T","50","70","21","","","0.47","0.55","106","19,42,19,34,26,26,34,53,3,7,11,7","28","20260801"
"condos for sale in arlington","T","52","70","13","","","0.47","0.55","80","2,2,17,12,5,2,2,10,23,12,100,7","28","20260801"
"condos for sale in burke va","T","64","70","15","","","0.16","0.37","104","29,41,52,41,41,52,29,41,41,52,41,64","9,28","20260801"
"condos for sale in chantilly","T","56","70","13","","","0.44","0.61","152","66,33,80,42,42,19,19,19,14,19,14,9","7,9,28","20260801"
"condos for sale in fairfield county ct","T","57","70","12","","","0.21","0.29","96","41,64,41,29,23,23,23,41,29,82,29,29","7,9,28","20260801"
"condos for sale in gainesville va","T","65","70","15","","","0.46","0.4","127","33,42,42,42,33,33,33,42,23,52,33,52","9,21,28","20260801"
"condos for sale in lorton va","T","64","70","13","","","0.4","0.56","114","81,63,81,81,63,63,63,63,63,63,63,63","7,9,28","20260801"
"condos for sale lynchburg va","T","58","70","14","","","0.45","0.49","107","29,41,52,41,41,23,17,29,29,64,52,29","7,9,28","20260801"
"condos for sale morgantown wv","T","59","70","13","","","0.17","0.25","108","52,82,23,29,52,41,29,41,52,52,64,41","7,28","20260801"
"condos for sale old town alexandria","T","55","70","13","","","0.46","0.7","111","50,78,100,50,50,50,50,78,21,50,50,35","9,28","20260801"
"condos for sale woodbridge va","T","65","70","11","","","0.49","0.68","108","53,19,26,19,26,15,15,15,26,19,19,100","13,28","20260801"
"condos in arlington","N","55","70","20","","","0.62","0.66","120","26,53,26,26,19,19,19,80,3,3,80,53","3,7,9,13,28","20260801"
"condos in charlottesville va","N","54","70","20","","","0.46","0.58","110","64,100,35,21,35,50,50,35,28,50,50,50","3,7,9,21,28","20260801"
"condos in fairfield ohio","N","53","70","19","","","0.26","0.55","107","28,15,21,21,15,15,9,15,12,15,6,6","1,28","20260801"
"condos in falls church","N","57","70","20","","","0.39","0.6","113","41,52,52,41,64,52,64,29,29,29,41,100","3,7,9,21,28","20260801"
"condos springfield il","N","48","70","25","","","0.24","0.44","108","35,35,64,50,50,35,50,50,50,50,50,50","3,7,28","20260801"
"corporate housing falls church va","N","59","70","9","","","3.49","0.49","109","21,50,50,50,64,78,78,64,50,64,78,100","3,9,28","20260801"
"dc townhouse for sale","T","60","70","21","","","0.71","0.52","113","3,0,65,0,3,19,19,26,42,34,100,65","9,28,49","20260801"
"dc townhouses for sale","T","65","70","21","","","0.71","0.52","113","53,12,5,2,7,12,17,12,43,23,35,35","9,28","20260801"
"dumfries virginia homes for sale","T","54","70","16","","","0.46","0.56","109","14,50,21,100,64,64,50,64,64,50,50,64","9,28","20260801"
"duplexes for sale in virginia","T","58","70","14","","","0.35","0.27","85","29,52,23,41,23,29,52,41,100,52,52,29","7,9,28","20260801"
"fairburn townhomes for sale","T","59","70","19","","","0.66","0.69","106","50,35,50,50,50,50,64,64,28,50,50,100","28","20260801"
"fairfax apartments for sale","T","68","70","25","","","0.3","0.56","108","26,26,19,26,26,19,11,26,26,26,19,15","9,21,28","20260801"
"fairfax city townhomes for sale","N","81","70","24","","","0.45","0.53","106","0,0,0,0,0,0,0,0,0,0,100,66","9,14,15,21,28","20260801"
"fairfax county townhomes for sale","T","78","70","17","","","0.71","0.62","104","44,100,77,55,100,100,55,55,77,77,77,77","9,28","20260801"
"fairfax land for sale","T","60","70","11","","","0.28","0.58","108","33,33,42,52,52,42,42,42,33,33,42,80","28","20260801"
"fairfax new construction","N","60","70","28","","","1.96","0.73","20","21,12,21,21,21,15,21,3,21,34,6,6","1,28","20260801"
"fairfax new homes","N","58","70","24","","","1.78","0.65","136","65,26,11,7,19,19,26,34,11,19,34,26","3,9,28","20260801"
"fairfax vt real estate","N","58","70","12","","","0.39","0.32","106","64,64,64,17,64,29,17,11,11,23,17,23","7,9,15,28","20260801"
"fairfield county condos for sale","T","55","70","13","","","0.22","0.34","99","33,42,33,33,23,23,23,33,33,52,33,23","7,28","20260801"
"fairlington va real estate","N","60","70","14","","","0.4","0.24","116","16,5,1,1,1,1,1,1,1,1,1,1","9,28","20260801"
"falls church townhomes","N","63","70","24","","","0.55","0.69","109","26,26,26,34,26,26,26,34,26,34,42,26","3,7,9,28","20260801"
"falls church va houses for sale","T","57","70","22","","","0.43","0.44","145","0,1,0,20,0,0,0,0,0,0,0,0","7,9,28","20260801"
"falls church virginia houses for sale","T","56","70","25","","","0.43","0.44","118","6,19,0,0,0,0,0,4,0,0,100,0","9,21,28","20260801"
"ferndale fairburn ga","C,T","46","70","25","","","1.21","0.58","110","52,82,82,64,17,29,29,23,23,11,23,11","1,7,9,21,28","20260801"
"flats for sale in alexandria egypt","T","34","70","13","","","0","0.33","101","41,41,41,23,41,41,52,41,41,41,41,64","7,9,28","20260801"
"for sale fairfax va","T","64","70","29","","","0.27","0.69","124","50,64,50,64,50,50,35,50,50,50,78,14","7,9,28","20260801"
"for sale falls church va","T","53","70","25","","","0.34","0.47","111","12,12,12,12,9,9,5,9,6,2,2,2","7,9,15,21,28","20260801"
"foreclosures in winchester va","N","49","70","5","","","0.23","0.51","106","45,45,63,63,63,63,45,63,63,100,81,81","7,28","20260801"
"frederick county new homes for sale","T","53","70","18","","","2.15","0.6","136","63,63,45,63,63,63,63,63,63,63,100,63","9,28","20260801"
"frederick new construction","N","42","70","23","","","3.28","0.93","133","82,52,41,52,11,23,17,29,17,23,17,17","3,7,9,28","20260801"
"frederick new homes for sale","T","49","70","13","","","2.15","0.6","147","33,33,33,33,33,23,33,33,23,33,33,23","9,21,28","20260801"
"gainesville va townhomes for sale","T","64","70","13","","","0.46","0.63","124","42,52,19,33,33,19,14,33,33,33,33,66","28","20260801"
"gaithersburg maryland homes for sale","T","56","70","21","","","0.44","0.5","123","0,0,0,0,0,2,0,100,0,0,1,1","9,13,28","20260801"
"gaithersburg new townhomes","N","56","70","20","","","0","0","112","0,0,9,23,19,14,19,80,80,100,14,23","3,9,28","20260801"
"haymarket crossing townhomes","N","50","70","16","","","0.34","0.11","107","81,63,45,63,63,63,63,63,63,63,81,63","1,9,28","20260801"
"haymarket houses for sale","T","59","70","18","","","0.43","0.46","122","0,3,3,0,3,80,3,65,65,100,34,11","9,13,28","20260801"
"haymarket townhomes for sale","T","63","70","13","","","0.47","0.61","109","35,64,64,64,64,50,50,64,35,50,50,50","28","20260801"
"home for sale falls church","N","56","70","22","","","0.43","0.44","127","0,7,0,0,7,26,34,34,100,34,53,19","7,9,14,28,49","20260801"
"home for sale in centreville va","T","56","70","26","","","0.75","0.41","133","0,1,1,0,1,0,1,1,6,66,54,66","9,28","20260801"
"home for sale in fairfax county va","T","62","70","21","","","0.35","0.49","149","0,0,0,0,0,100,0,0,0,0,0,0","9,28","20260801"
"home sale 20152","T","48","70","14","","","0.37","0.45","171","52,33,23,33,33,23,23,19,23,33,33,52","9,28","20260801"
"homes for sale 22151","T","53","70","14","","","0.79","0.3","107","29,41,52,64,29,41,41,52,41,64,52,52","28","20260801"
"homes for sale 22307","T","51","70","12","","","2.27","0.35","106","64,64,11,11,11,64,11,64,11,11,64,11","28","20260801"
"homes for sale 22315","T","56","70","25","","","1.53","0.33","108","41,41,29,17,41,41,64,82,41,41,52,100","9,28","20260801"
"homes for sale 25314","T","47","70","18","","","1.97","0.35","106","41,41,41,29,41,41,41,52,41,29,29,52","28","20260801"
"homes for sale alexandra","T","41","70","21","","","0.36","0.36","116","63,36,63,63,63,63,63,63,63,81,63,63","28,50","20260801"
"homes for sale by owner winchester va","T","51","70","28","","","0.23","0.51","111","42,34,26,26,7,26,11,7,11,19,19,15","28","20260801"
"homes for sale in 22308","T","50","70","9","","","0.19","0.37","139","50,50,21,28,28,35,21,35,64,64,100,50","28","20260801"
"homes for sale in fairfax city","T","62","70","13","","","0.51","0.43","138","81,81,3,0,0,0,0,0,0,0,0,34","7,9,28","20260801"
"homes for sale in falls church va 22046","T","60","70","25","","","0.49","0.42","10","45,63,81,63,81,63,36,81,45,81,63,100","21,28","20260801"
"homes for sale in mclean","T","60","70","29","","","0.42","0.46","136","6,1,6,1,0,15,1,8,100,0,5,15","7,9,28","20260801"
"homes for sale in new fairfield","T","52","70","11","","","0.05","0.35","120","6,4,4,4,10,4,2,35,18,14,14,10","9,28","20260801"
"homes for sale in old town alexandria","T","49","70","25","","","0.39","0.54","140","0,3,34,53,53,34,19,26,0,19,34,19","5,9,21,28","20260801"
"homes for sale in springfield va 22150","T","61","70","23","","","0.47","0.34","92","64,50,64,50,64,50,35,50,21,50,50,100","7,28","20260801"
"homes for sale in winchester va 22602","T","54","70","24","","","0.19","0.56","93","41,29,17,23,29,29,52,64,52,82,41,82","9,28","20260801"
"homes for sale in woodbridge 22191","T","53","70","28","","","0.5","0.64","119","50,50,50,50,50,50,50,100,78,50,50,35","9,28","20260801"
"homes for sale leesburg al","T","45","70","13","","","0.07","0.4","108","50,100,78,7,64,78,35,7,0,7,0,64","28","20260801"
"homes for sale near winchester va","T","55","70","28","","","0.55","0.68","120","50,78,50,35,35,50,64,64,14,14,35,28","9","20260801"
"homes in new fairfield ct","N","53","70","21","","","0.32","0.38","111","100,41,29,17,41,29,23,52,23,64,29,52","7,9,28","20260801"
"house for sale 22043","T","51","70","22","","","0.22","0.34","108","100,63,0,63,45,45,36,45,63,63,63,18","28","20260801"
"house for sale 22151","T","51","70","18","","","0.16","0.25","105","33,33,33,42,23,33,33,52,33,52,42,42","28","20260801"
"house for sale in everett washington","T","56","70","28","","","0.43","0.45","120","9,14,14,14,42,33,23,33,23,66,66,80","9,28","20260801"
"house for sale in fairfax county va","T","63","70","25","","","0.35","0.49","135","100,28,64,14,35,64,50,35,35,78,78,100","9,15,28","20260801"
"house for sale in montgomery village","T","52","70","19","","","0.36","0.53","117","9,14,23,4,14,33,9,66,100,23,42,66","9,28","20260801"
"house for sale in springfield va 22150","T","58","70","19","","","0.47","0.34","20","50,50,64,50,64,50,35,50,21,50,50,100","28","20260801"
"house for sale warrenton va","T","50","70","27","","","0.42","0.5","115","8,6,3,3,15,1,0,0,28,35,44,44","9,13,28","20260801"
"house sale in fairfax va","T","64","70","29","","","0.51","0.43","136","6,11,5,5,11,15,15,11,11,15,23,18","9,28","20260801"
"houses for sale 20171","T","47","70","21","","","0.26","0.43","108","64,50,50,28,50,50,64,78,35,50,78,64","28","20260801"
"houses for sale 22031","T","51","70","22","","","0.47","0.38","109","11,64,11,64,100,41,41,41,41,29,41,41","7,9,28","20260801"
"houses for sale 22308","T","50","70","13","","","0.07","0.39","82","34,34,26,26,19,19,26,53,42,26,42,100","28","20260801"
"houses for sale 22312","T","49","70","28","","","0.15","0.36","105","50,50,50,50,50,35,50,50,35,50,50,28","9,15,21,28","20260801"
"houses for sale by owner in winchester va","T","53","70","23","","","0.18","0.53","96","52,33,33,33,33,33,33,23,33,23,23,33","9,28","20260801"
"houses for sale in 22150","T","52","70","17","","","0.42","0.33","133","63,36,63,81,81,45,63,63,63,63,63,63","28","20260801"
"houses for sale in 22191","T","51","70","27","","","0.37","0.52","141","63,63,45,63,63,45,63,63,63,63,63,45","28","20260801"
"houses for sale in 22306","T","51","70","13","","","1.53","0.41","128","63,81,100,63,45,36,45,100,100,45,63,45","7,9,28","20260801"
"houses for sale in alexandra","T","41","70","19","","","0.23","0.38","148","50,28,50,50,50,50,50,50,50,64,50,14","15,28","20260801"
"houses for sale in fairfax station va","T","62","70","15","","","0.12","0.41","108","43,2,23,5,12,7,10,17,17,28,17,7","7,28","20260801"
"houses for sale in new fairfield","T","56","70","11","","","0.05","0.49","119","0,29,41,41,41,64,52,52,52,41,41,41","9,28","20260801"
"houses for sale in old town alexandria va","T","54","70","28","","","0.44","0.53","137","41,41,41,29,29,52,41,23,23,41,41,64","9,21,28","20260801"
"houses in alexandria la","N","49","70","28","","","0.24","0.42","18700000","28,64,50,100,50,78,64,64,35,50,50,78","15,28","20260801"
"houses in fairfax county va","N","65","70","24","","","1.4","0.37","152","28,28,23,23,17,10,23,17,12,12,7,7","9,13,21,28,43","20260801"
"houses in new fairfield ct","N","52","70","14","","","0.15","0.37","116","78,64,50,50,28,35,50,50,50,50,50,50","9,28","20260801"
"houses in old town alexandria","C,N","48","70","28","","","0.59","0.39","150","14,28,50,21,100,35,35,50,64,64,78,100","9,28","20260801"
"land for sale fairfax va","T","61","70","11","","","0.28","0.58","108","41,41,52,64,29,41,41,52,41,23,29,64","13,28","20260801"
"land for sale in frankfort il","T","57","70","13","","","0.12","0.36","105","50,50,50,50,50,50,50,64,35,50,50,50","28","20260801"
"land for sale in warrenton mo","T","39","70","10","","","0.09","0.4","121","63,81,81,45,63,81,45,100,63,63,45,45","28","20260801"
"land for sale in warrenton va","T","50","70","10","","","0.14","0.51","109","52,64,52,41,52,52,41,41,52,29,11,64","7,28","20260801"
"land for sale northern va","T","49","70","14","","","0.22","0.61","120","33,42,42,33,23,33,33,42,23,33,33,19","9,28","20260801"
"lorton va townhomes for sale","T","68","70","19","","","0.44","0.56","106","33,52,23,23,23,33,33,42,19,42,23,66","28","20260801"
"loudoun county real estate agent","N","46","70","16","","","11","0.68","153","12,82,100,10,2,5,5,2,5,2,5,5","3,6,7,9,21,28","20260801"
"loudoun county townhomes for sale","T","70","70","19","","","0.54","0.62","131","26,19,26,19,34,19,19,26,26,42,26,26","9,28","20260801"
"luxury townhomes cary nc","N","49","70","11","","","1.97","0.73","137","27,63,63,63,100,81,100,81,36,45,27,27","3,6,7,9,13,28","20260801"
"luxury townhomes delaware","N","51","70","10","","","1.1","0.5","136","11,34,34,26,26,26,26,34,26,34,34,34","3,7,9,21,28","20260801"
"manassas condos for sale","T","61","70","16","","","0.38","0.49","111","42,19,23,33,52,42,52,23,4,9,42,14","9,21,28","20260801"
"mls charlottesville va","N","43","70","26","","","1.2","0.65","118","52,41,41,29,23,29,23,41,41,41,41,41","6,7,9,21,28","20260801"
"morgantown wv townhomes","N","56","70","19","","","0.6","0.53","107","0,0,0,5,100,82,29,64,64,82,64,0","3,7,9,13,28","20260801"
"multi family homes for sale richmond va","T","56","70","12","","","0.24","0.56","108","41,52,41,41,41,52,41,52,41,64,41,41","28","20260801"
"new condos in fairfax va","N","70","70","26","","","1.25","0.83","150","5,23,17,17,23,12,17,28,7,17,10,5","3,7,9,20,28","20260801"
"new construction chantilly va","N","53","70","22","","","2.22","0.82","134","6,4,4,4,4,4,4,3,3,4,4,1","3,7,9,28","20260801"
"new construction fairfax va","N","60","70","24","","","1.96","0.73","138","52,41,41,52,41,52,41,52,41,52,41,41","3,7,9,28","20260801"
"new construction gainesville va","N","52","70","19","","","2.01","0.71","122","33,42,33,33,23,33,23,19,14,80,52,9","3,9,15,28","20260801"
"new construction homes fredericksburg va","N","56","70","11","","","2.77","0.78","132","28,50,64,35,50,78,64,100,78,14,35,78","3,9,28","20260801"
"new construction homes in gaithersburg md","N","47","70","19","","","2.26","0.87","127","4,14,14,22,8,29,35,10,6,10,8,14","3,9,28","20260801"
"new construction rockville md","N","51","70","20","","","2.79","0.82","129","1,4,3,3,3,3,2,4,5,2,3,1","3,9,28","20260801"
"new fairfield homes","N","51","70","12","","","0.32","0.38","118","100,81,63,63,45,81,63,81,63,81,63,81","5,7,9,28","20260801"
"new homes gainesville va","N","57","70","18","","","1.69","0.7","127","33,33,33,33,33,23,19,33,19,33,33,42","1,7,9,28","20260801"
"new homes gaithersburg","N","52","70","17","","","1.73","0.7","124","45,63,81,63,63,81,63,45,63,81,63,63","3,9,28","20260801"
"new homes in ashburn","N","49","70","22","","","2.8","0.82","134","17,52,52,64,52,23,41,41,82,29,41,41","3,9,28","20260801"
"new homes in dumfries va","N","54","70","19","","","2.45","0.41","140","29,29,41,82,29,23,29,11,23,29,11,29","3,9,28","20260801"
"new homes in fairfax","N","56","70","28","","","1.78","0.65","136","22,14,18,18,18,10,8,10,6,8,10,10","3,9,28","20260801"
"new homes in frederick","N","47","70","17","","","3.15","0.93","132","33,33,23,19,100,42,33,42,19,23,19,33","3,9,28","20260801"
"new homes in frederick county md","N","48","70","11","","","2.54","0.78","144","19,42,66,42,33,14,42,23,14,23,23,52","3,9,28","20260801"
"new homes in montgomery village","N","56","70","22","","","0","0","139","0,0,3,19,19,34,100,100,53,42,26,19","3,28","20260801"
"new homes in springfield va","N","62","70","13","","","1.66","0.72","158","23,42,42,52,42,9,9,19,42,14,9,23","9,28","20260801"
"new homes in sterling va","N","51","70","13","","","1.59","0.62","162","64,52,41,52,64,29,41,41,29,41,41,11","7,9,13,28","20260801"
"new homes loudoun","N","51","70","19","","","2.42","0.75","135","100,52,64,52,82,23,23,23,17,23,17,11","3,7,9,28","20260801"
"new homes rockville md","N","50","70","16","","","1.56","0.68","130","35,35,78,50,50,35,50,64,35,64,64,78","9,28","20260801"
"new houses for sale in frederick md","T","51","70","12","","","2.15","0.6","139","63,63,81,63,81,81,63,63,63,63,81,100","9,21,28","20260801"
"new ranch style homes for sale near me","T","46","70","15","","","1.66","0.41","135","3,3,3,2,3,3,3,6,6,6,8,5","9,21,28,49,50","20260801"
"new townhomes charlottesville va","N","57","70","17","","","2.12","0.6","130","52,23,33,23,23,23,23,19,19,14,80,66","3,7,9,13,28","20260801"
"new townhomes greenville sc","N","49","70","15","","","3.44","0.77","136","63,63,45,63,63,45,63,100,63,81,81,81","3,9,28,43","20260801"
"new townhomes in chantilly va","N","65","70","16","","","2.87","0.8","138","28,34,28,21,6,15,15,21,21,21,21,12","3,7,9,28","20260801"
"new townhomes in gaithersburg md","N","57","70","22","","","1.41","0.44","135","23,33,42,33,42,42,33,33,42,52,42,52","3,9,28","20260801"
"new townhomes in haymarket va","N","68","70","16","","","1.55","0.77","147","64,52,41,52,29,29,29,29,29,23,29,23","1,9,20,28","20260801"
"new townhomes in herndon va","N","64","70","19","","","1.67","0.59","141","63,63,63,63,63,45,63,63,45,63,63,63","3,9,28","20260801"
"new townhomes in mclean va","N","69","70","17","","","1.44","0.58","164","100,81,63,100,63,81,63,63,45,63,63,63","3,7,9,28","20260801"
"new townhomes in northern virginia","N","59","70","15","","","2.55","0.83","172","15,26,26,34,19,19,26,42,26,34,26,42","3,6,9,21,28","20260801"
"new townhomes in reston va","N","63","70","17","","","1.34","0.79","149","4,5,5,4,4,5,4,4,4,4,5,4","3,7,9,20,28","20260801"
"new townhomes in sterling va","N","63","70","27","","","1.76","0.7","137","81,81,81,81,63,45,45,63,45,63,63,18","3,7,9,28","20260801"
"new townhomes loudoun county","N","55","70","11","","","2.42","0.75","130","33,33,52,33,52,42,42,33,33,33,33,42","3,7,9,21,28","20260801"
"old town alexandria townhomes for sale","T","57","70","21","","","0.48","0.61","120","50,50,50,50,64,64,50,50,50,64,50,100","9,15,28","20260801"
"one family house for sale in stamford ct","T","52","70","21","","","0.17","0.3","95","14,18,18,14,14,18,14,18,14,18,14,6","9,28","20260801"
"portland or townhomes for sale","T","58","70","13","","","1.13","0.53","118","66,42,52,42,33,19,19,23,0,23,42,80","7,9,28","20260801"
"portland townhomes for sale","T","58","70","16","","","1.13","0.53","108","43,14,22,0,0,8,6,14,18,14,14,22","7,9,21,28","20260801"
"real estate 22314","N","50","70","29","","","0.04","0.17","105","45,45,63,63,63,63,45,81,63,45,45,45","3,9,28","20260801"
"real estate in falls church","N","56","70","27","","","0.42","0.2","138","0,53,0,0,3,0,0,100,80,15,34,11","3,7,9,21,28","20260801"
"real estate new fairfield ct","N","51","70","16","","","0.04","0.31","113","19,33,23,23,33,33,23,33,33,42,52,33","1,7,9,21,28","20260801"
"single family homes for sale chantilly va","T","58","70","13","","","0.36","0.29","40","2,12,17,7,43,23,17,23,17,17,5,53","28","20260801"
"single family homes for sale charlottesville va","T","53","70","25","","","0.58","0.68","110","26,26,26,26,26,19,26,26,7,42,19,19","9,21,28","20260801"
"single family homes for sale in centreville va","T","54","70","19","","","0.27","0.31","113","23,23,23,33,23,42,9,9,52,52,52,66","9,28","20260801"
"single family homes for sale in dumfries va","T","63","70","13","","","0.48","0.21","98","14,14,14,78,78,78,50,50,50,64,35,21","28","20260801"
"single family homes for sale in fredericksburg va","T","56","70","20","","","0.76","0.53","90","34,34,26,26,26,26,19,26,19,19,26,15","9,28","20260801"
"single family homes for sale in herndon va","T","58","70","12","","","0.29","0.39","109","33,33,23,33,33,42,42,42,23,52,33,9","21,28","20260801"
"single family homes in ashburn va","N","54","70","23","","","0.74","0.56","103","41,29,52,41,52,64,52,41,52,64,64,82","9,28","20260801"
"single house for sale in centreville va","T","54","70","18","","","0.33","0.34","103","29,29,29,41,29,41,11,11,64,64,64,82","9,28","20260801"
"single house for sale in chantilly va","T","55","70","13","","","0.36","0.29","92","33,33,33,42,80,23,23,23,23,33,42,33","9,28","20260801"
"single house for sale in fairfax va","T","62","70","21","","","0.49","0.19","95","52,29,41,64,82,29,23,23,17,23,23,17","9,28","20260801"
"single house for sale in springfield va","T","55","70","20","","","0.29","0.43","92","64,50,64,50,64,50,0,50,50,78,50,78","28","20260801"
"springfield mo condos for sale","T","57","70","16","","","0.3","0.44","107","0,45,100,45,63,63,81,63,63,81,100,45","7,21,28","20260801"
"sterling townhomes for sale","T","62","70","24","","","0.46","0.5","41","9,52,66,66,14,14,19,14,19,19,9,9","21,28","20260801"
"town homes near wegmans in greenville de","N","58","70","16","","","0","0","172","11,77,77,77,100,77,77,55,55,77,77,100","3,7,28,49","20260801"
"towne homes near me","T","52","70","26","","","1.74","0.7","70","52,42,42,33,23,23,23,33,23,19,33,9","3,7,21,28","20260801"
"townhome community near me","T","50","70","19","","","1.53","0.73","134","4,2,3,19,12,7,7,5,5,5,10,7","3,7,9,15,21,28","20260801"
"townhomes charlottesville va","N","60","70","20","","","0.75","0.77","112","53,9,15,9,9,15,15,53,34,21,21,34","3,7,9,28","20260801"
"townhomes for sale boston ma","T","56","70","13","","","2.14","0.34","20","23,4,19,33,23,66,33,42,19,42,42,52","21,28","20260801"
"townhomes for sale by owner","T","46","70","11","","","0.46","0.42","113","33,80,23,33,33,42,52,33,23,23,9,52","28,49","20260801"
"townhomes for sale in bristow va","T","64","70","11","","","0.42","0.42","107","35,50,64,50,50,64,50,78,50,78,64,78","28","20260801"
"townhomes for sale in chester va","T","62","70","19","","","0.95","0.74","128","100,35,50,64,50,50,35,50,35,50,14,14","9,21,28","20260801"
"townhomes for sale in dumfries va","T","64","70","13","","","0.44","0.45","120","35,35,64,64,64,50,35,50,64,50,64,64","9,28","20260801"
"townhomes for sale in fairburn ga","T","61","70","15","","","0.66","0.69","20","33,42,42,33,33,33,42,42,19,33,33,66","28","20260801"
"townhomes for sale in fairfax county va","T","83","70","17","","","0.71","0.62","105","44,100,77,55,100,100,55,55,77,77,77,77","9,28","20260801"
"townhomes for sale in falls church va","T","74","70","23","","","0.47","0.53","101","41,82,41,52,11,23,23,41,41,29,41,29","9,28","20260801"
"townhomes for sale in fredericksburg va","T","73","70","11","","","0.73","0.69","119","6,34,21,34,21,28,21,28,12,34,43,65","9,28,49","20260801"
"townhomes for sale in gaithersburg md","T","58","70","21","","","0.38","0.52","124","28,35,12,10,7,10,0,17,17,12,17,23","9,28","20260801"
"townhomes for sale in north charleston sc","T","54","70","13","","","1.08","0.73","119","50,64,64,50,35,64,50,50,28,28,14,14","7,9,28","20260801"
"townhomes for sale in old town alexandria va","T","60","70","25","","","0.48","0.61","127","50,50,50,50,64,64,50,50,50,64,50,100","9,21,28","20260801"
"townhomes for sale in vancouver wa","T","58","70","15","","","0.87","0.64","130","50,50,28,78,35,35,35,50,64,78,100,50","7,9,21,28","20260801"
"townhomes for sale in winchester va","T","65","70","13","","","0.46","0.67","135","15,26,19,19,34,34,19,34,53,42,26,42","9,28","20260801"
"townhomes for sale manassas","T","70","70","13","","","0.53","0.57","108","12,2,2,0,12,23,35,66,23,28,43,100","28","20260801"
"townhomes for sale mclean va","T","70","70","13","","","0.47","0.53","112","3,6,6,5,3,3,6,3,3,5,3,3","9,28","20260801"
"townhomes in ashburn va","N","61","70","26","","","0.84","0.58","113","9,42,52,19,42,33,52,52,23,52,66,100","9","20260801"
"townhomes in charlottesville va","N","56","70","19","","","1.04","0.74","20","35,35,78,35,28,35,35,78,100,64,50,78","1,7,21,28","20260801"
"townhomes in fairfield ct","N","61","70","19","","","0.39","0.41","117","35,50,50,35,35,35,28,35,28,35,35,14","3,9,28","20260801"
"townhomes in falls church va","N","70","70","28","","","0.61","0.67","135","33,52,33,42,9,33,14,19,14,19,19,19","1,7,9,21,28","20260801"
"townhomes in gainesville va","T","68","70","19","","","0.46","0.54","110","18,100,81,45,63,63,63,81,63,63,63,63","1,9,28","20260801"
"townhomes in gaithersburg md for sale","T","60","70","19","","","0.65","0.55","112","0,0,0,0,65,28,9,15,34,34,43,0","9,28","20260801"
"townhomes in herndon va","N","68","70","19","","","0.68","0.77","108","14,28,35,21,35,35,50,100,78,35,35,78","3,7,9,15,21,28","20260801"
"townhomes in oregon","N","55","70","24","","","0.92","0.38","114","41,29,52,52,52,41,29,29,64,29,23,52","3,7,9,28","20260801"
"townhomes in springfield va","N","71","70","19","","","0.61","0.58","48","19,33,9,33,33,33,33,42,100,9,9,9","13,21,28","20260801"
"townhomes in stafford","N","60","70","18","","","1.23","0.8","111","11,64,64,64,41,41,41,29,11,11,11,11","3,7,9,28","20260801"
"townhomes in sterling va","N","63","70","22","","","0.64","0.72","106","12,17,17,12,12,17,17,17,5,17,5,5","9,28","20260801"
"townhomes in washington","N","56","70","27","","","1.71","0.54","113","45,100,63,63,81,45,45,63,63,63,63,63","3,6,7,9,13,21,28","20260801"
"townhomes in west charleston sc","N","56","70","14","","","0","0","158","22,100,100,77,100,100,77,77,77,77,44,100","3,7,9,15,28","20260801"
"townhomes mclean va","N","70","70","20","","","0.49","0.29","127","0,9,33,23,66,42,33,42,23,52,66,100","3,9,13,28","20260801"
"townhomes washington dc","N","66","70","25","","","1.4","0.43","136","2,53,10,17,5,28,2,28,12,0,66,100","3,7,9,13,28","20260801"
"townhouse for sale burlington","T","54","70","16","","","0.44","0.37","121","41,52,29,29,29,41,41,41,41,11,11,11","9,21,28","20260801"
"townhouse for sale in centreville","T","62","70","13","","","0.43","0.58","119","14,66,4,14,14,23,4,66,100,33,100,19","9,14,15,28","20260801"
"townhouse for sale in leesburg va","T","64","70","13","","","0.47","0.42","128","12,9,15,21,21,34,34,21,15,34,34,43","9,28","20260801"
"townhouse for sale massachusetts","T","56","70","14","","","0.25","0.53","112","14,14,28,7,50,35,64,78,100,78,100,64","7,9,28","20260801"
"townhouse for sale portland","T","59","70","13","","","0.95","0.57","112","35,78,21,64,100,35,28,50,28,64,50,78","7,9,28","20260801"
"townhouse for sale vancouver","T","52","70","17","","","0.44","0.26","130","64,50,64,64,64,50,35,50,50,50,50,50","5,9,21,28","20260801"
"townhouse in herndon va","N","64","70","19","","","0.68","0.77","109","50,50,35,28,21,21,35,100,78,28,50,35","3,28","20260801"
"townhouse in vancouver bc","N","48","70","23","","","0.88","0.33","139","64,64,41,52,29,29,23,23,17,23,17,17","3,7,9,28","20260801"
"townhouse on sale near me","T","58","70","24","","","0.64","0.74","203","11,11,5,15,11,11,11,11,15,18,15,18","21,50","20260801"
"townhouse washington dc","N","55","70","23","","","1.4","0.43","138","0,28,0,100,0,66,0,0,0,0,0,0","5,7,9,13,21,28","20260801"
"townhouses for sale charleston wv","T","59","70","13","","","0.26","0.28","108","63,63,81,63,81,63,81,63,63,63,81,63","28","20260801"
"townhouses for sale fairburn ga","T","59","70","13","","","0.66","0.69","107","26,19,34,26,26,19,26,26,15,26,26,53","28","20260801"
"townhouses for sale in chester va","T","60","70","13","","","0.7","0.7","127","36,63,63,63,63,63,45,63,45,81,18,18","7,9,28","20260801"
"townhouses for sale in fairfax county","T","83","70","21","","","0.71","0.62","107","22,77,77,55,100,77,77,44,77,77,77,55","9,28","20260801"
"townhouses for sale in haymarket va","T","67","70","13","","","0.47","0.61","114","78,50,64,64,78,35,50,64,35,50,50,14","9,28","20260801"
"townhouses for sale in loudoun county va","T","70","70","9","","","0.54","0.62","125","29,64,29,17,52,52,29,52,64,82,41,100","9,28","20260801"
"townhouses for sale in massachusetts","T","58","70","16","","","0.26","0.41","102","50,50,50,50,35,14,100,78,78,64,35,35","7,9,21,28","20260801"
"townhouses for sale in norfolk va","T","61","70","17","","","0.71","0.43","103","45,81,81,63,81,63,81,81,45,63,63,81","28","20260801"
"townhouses for sale in northern va","T","76","70","21","","","0.68","0.56","20","50,28,50,21,35,35,64,64,64,78,64,78","9,28","20260801"
"trulia alexandria va","I,T","55","70","28","","","0.76","0.15","106","23,33,33,33,33,23,23,33,23,80,52,52","6,21,28","20260801"
"vancouver wa townhomes for sale","T","59","70","14","","","0.87","0.64","131","100,35,21,35,35,50,64,35,100,64,50,78","9,21,28","20260801"
"warrenton mo real estate","N","45","70","14","","","0.23","0.35","107","52,52,52,41,41,29,29,41,41,41,64,41","9,21,28","20260801"
"washington dc brownstone","N","46","70","21","","","0.44","0.13","137","64,78,64,35,50,50,50,0,7,7,7,14","5,7,9,13,21,28","20260801"
"washington dc townhomes","N","66","70","20","","","0.97","0.4","79","15,28,21,21,21,21,21,34,21,21,21,28","7,9,13,28","20260801"
"washington dc townhouse for sale","T","62","70","19","","","0.55","0.52","132","19,42,33,4,19,14,9,66,42,52,80,100","9,28","20260801"
"winchester condos for sale","T","50","70","14","","","0.45","0.34","107","33,33,52,52,52,42,23,33,9,9,52,33","28","20260801"
"winchester ma condos for sale","T","52","70","3","","","0.12","0.31","110","35,50,50,50,35,64,14,50,100,50,78,50","7","20260801"
"winchester va new homes","N","51","70","16","","","2.27","0.74","134","50,100,64,64,64,50,28,35,78,50,50,35","3,9,28","20260801"
"woodbridge townhomes for sale","T","66","70","13","","","0.59","0.56","110","42,52,33,33,33,33,23,33,42,33,23,66","28","20260801"
"woodbridge va condos for sale","T","66","70","16","","","0.49","0.68","110","29,41,100,29,52,41,64,41,41,41,41,41","9,21,28","20260801"
"13188 marina way woodbridge va 22191","C,N","66","50","20","","","0","0.03","108","7,7,7,42,42,7,7,7,42,42,42,53","6,9,21,28","20260801"
"22032 homes for sale","T","53","50","13","","","0.17","0.34","107","28,28,35,7,50,50,50,64,64,64,35,35","7,28","20260801"
"22308 real estate","N","51","50","14","","","0.05","0.31","108","78,78,14,14,14,14,14,78,21,14,78,100","21,28","20260801"
"4 bedroom townhomes for sale near me","T","52","50","12","","","1.12","0.69","18600000","50,50,50,35,14,14,35,14,14,14,78,100","14,15,28,50","20260801"
"4 bedroom townhouse for sale near me","T","52","50","12","","","1.12","0.69","186","50,50,50,35,14,14,14,14,14,14,78,100","28,50","20260801"
"alexandria square condominiums","C,T","63","50","14","","","0.83","0.06","110","11,11,11,11,100,11,82,64,11,64,64,82","1,7,9,21,28","20260801"
"annandale condo for sale","T","56","50","13","","","0.29","0.49","107","14,28,50,35,35,28,14,35,35,50,14,35","7,28","20260801"
"apartment for sale in alexandria egypt","T","33","50","12","","","0","0.33","117","63,81,63,36,9,36,63,63,63,63,63,63","7,9,28","20260801"
"ashburn condos for sale","T","54","50","21","","","0.54","0.64","106","41,5,5,11,5,0,52,52,82,29,41,41","7,9,28","20260801"
"ashburn land for sale","T","58","50","10","","","0.21","0.43","107","18,100,100,100,18,18,18,18,18,18,18,18","28","20260801"
"ashburn new homes","N","49","50","16","","","3.05","0.76","135","11,19,15,15,15,19,100,7,7,11,11,7","9,13,28","20260801"
"ashburn single family homes for sale","T","54","50","21","","","0.49","0.38","114","33,14,23,14,4,14,100,42,9,14,19,4","9,28","20260801"
"ballston condos for sale","T","49","50","13","","","0.48","0.65","106","18,100,100,100,18,18,18,18,18,18,18,18","9,28","20260801"
"buy house dumfries","T","49","50","24","","","0.46","0.68","118","45,63,45,63,63,45,18,18,18,18,18,18","9,28","20260801"
"buying a home in alexandria","T","50","50","24","","","0","0.21","152","9,33,33,33,14,14,33,33,23,9,9,42","9,21,28,43","20260801"
"cary multifamily properties for sale","T","55","50","10","","","0","0.33","109","28,71,100,100,100,100,100,100,71,100,71,100","9,28","20260801"
"cary nc townhomes for sale","T","59","50","13","","","0.5","0.55","130","8,10,14,10,14,10,8,14,14,10,22,14","9,28","20260801"
"casas de venta winchester va","N","57","50","25","","","0.04","0.25","122","0,11,11,11,0,100,11,100,64,0,5,11","9","20260801"
"casas en venta en winchester virginia","N","54","50","28","","","0.04","0.25","93","1,6,12,0,9,19,1,0,2,0,19,19","7,9,28","20260801"
"casas en venta gaithersburg","N","56","50","27","","","0.18","0.41","116","0,4,9,9,14,33,33,52,52,33,52,42","9,28","20260801"
"casas en venta leesburg fl","C,N","47","50","29","","","0.49","0.29","87","18,100,63,100,81,45,27,18,18,18,18,18","7,9,28","20260801"
"casas en venta winchester va","N","55","50","25","","","0.12","0.41","107","15,21,53,21,21,15,6,12,0,3,6,9","9","20260801"
"charlottesville va condos for sale","T","56","50","15","","","0.39","0.63","97","50,50,100,7,50,50,64,7,0,7,35,35","21,28","20260801"
"cheap houses for sale in charlottesville va","T","53","50","19","","","0.3","0.53","97","50,50,35,50,50,14,14,14,14,14,14,14","9,21,28","20260801"
"condo for sale charleston wv","T","55","50","13","","","0.17","0.25","107","33,55,44,44,44,55,33,44,77,55,100,55","9,28","20260801"
"condo for sale in arlington tx","T","56","50","23","","","0.47","0.55","109","0,18,100,45,63,63,45,63,27,45,63,63","7,15,21,28","20260801"
"condo for sale in mclean va","T","63","50","12","","","0.46","0.55","142","23,33,23,33,33,33,23,33,4,4,23,100","7,9,28","20260801"
"condo for sale manassas va","T","65","50","15","","","0.38","0.49","114","45,63,45,45,63,45,27,63,36,18,63,100","9,13,28","20260801"
"condo for sale rockville","T","54","50","26","","","0.46","0.59","108","9,9,21,21,6,6,12,9,34,6,9,100","7,9,28","20260801"
"condo in arlington tx","N","49","50","28","","","0.62","0.66","107","14,50,21,21,35,35,35,50,50,64,64,35","3,7,9,28","20260801"
"condominiums in charlottesville va","N","54","50","20","","","0.46","0.58","110","50,78,64,35,21,50,35,28,50,7,100,78","3,7,9,21,28","20260801"
"condominiums in fairfield ct","N","55","50","17","","","0.32","0.43","111","17,29,17,29,52,23,11,41,23,41,23,41","3,6,7,9,28","20260801"
"condominiums in frederick md","N","55","50","20","","","0.6","0.61","112","23,33,4,14,9,19,9,66,23,42,33,100","3,7,9,21,28","20260801"
"condos falls church","N","54","50","20","","","0.5","0.59","115","36,81,45,63,63,100,36,0,0,36,36,63","3,7,9,21,28","20260801"
"condos for sale annandale va","T","65","50","13","","","0.29","0.49","109","50,50,78,78,50,35,28,0,0,7,14,14","7,28","20260801"
"condos for sale ashburn va","T","57","50","20","","","0.54","0.69","980000","5,41,29,23,64,23,23,11,5,11,64,52","9,28","20260801"
"condos for sale fairfax county va","T","66","50","14","","","0.39","0.38","113","45,63,18,27,45,63,36,63,9,45,36,81","7,9,28","20260801"
"condos for sale herndon va","T","65","50","13","","","0.42","0.52","108","27,36,45,100,81,45,45,45,18,9,45,18","7,28","20260801"
"condos for sale in alexandria","T","60","50","19","","","0.49","0.58","88","3,3,6,3,3,34,3,6,100,0,3,3","7,9,21,28","20260801"
"condos for sale in arlington ma","T","49","50","12","","","0.13","0.36","106","50,50,50,35,64,35,21,14,14,21,21,50","7,9,28","20260801"
"condos for sale in montgomery county","T","48","50","12","","","0.28","0.49","93","23,41,23,23,41,41,5,41,52,29,11,41","7,28","20260801"
"condos for sale in reston town center","T","53","50","12","","","0.45","0.56","122","43,9,12,6,21,9,12,28,9,0,0,3","7,28","20260801"
"condos for sale montebello","T","51","50","13","","","0.47","0.47","104","100,81,27,36,45,36,18,18,45,18,9,100","28","20260801"
"condos for sale northern va","T","63","50","22","","","0.54","0.63","122","45,81,27,36,27,18,27,36,81,45,63,27","7,9,28","20260801"
"condos for sale old town alexandria va","T","60","50","9","","","0.54","0.64","110","14,21,28,28,28,28,28,100,28,50,78,50","9,13,28","20260801"
"condos for sale reston","T","59","50","13","","","0.33","0.6","112","29,82,52,29,29,5,29,17,52,29,29,5","7,9,28","20260801"
"condos for sale rockville","T","55","50","26","","","0.46","0.59","111","11,29,64,64,82,5,11,29,5,23,29,29","7,9,28","20260801"
"condos for sale sterling va","T","60","50","13","","","0.52","0.41","110","14,21,14,35,50,35,50,64,64,7,50,21","9,28","20260801"
"condos frederick md","N","55","50","20","","","0.6","0.61","113","63,100,36,63,36,36,27,9,36,63,81,45","3,7,13,28","20260801"
"condos in arlington ma","N","50","50","20","","","0.15","0.53","111","55,55,44,77,55,55,44,77,100,55,100,55","3,7,9,28","20260801"
"condos in northern va","N","65","50","24","","","0.44","0.63","134","33,33,33,33,33,33,33,9,9,9,9,9","3,9,21,28","20260801"
"condos in winchester ma","N","52","50","20","","","0.22","0.42","107","53,34,34,6,6,6,6,6,6,6,9,9","3,7,9,28","20260801"
"connecticut townhomes for sale","T","59","50","14","","","0.22","0.51","59","5,41,5,11,23,5,23,100,41,52,23,17","9,28","20260801"
"delaware new construction for sale","T","58","50","27","","","0.91","0.46","158","18,36,36,36,36,36,36,63,81,81,81,100","7,9,28","20260801"
"duplex for sale alexandria va","T","63","50","13","","","0.55","0.38","103","50,64,50,50,14,14,14,14,14,14,14,21","9,28","20260801"
"everett townhomes for sale","T","58","50","13","","","0.5","0.48","107","5,10,10,7,0,0,0,10,5,0,15,1","28","20260801"
"fairfax county houses for sale","T","63","50","28","","","0.66","0.46","136","8,6,5,1,1,0,0,66,1,0,1,3","9,21,28","20260801"
"fairfax station real estate","N","61","50","16","","","0.4","0.32","109","35,50,50,35,50,50,35,14,14,14,14,100","9,28","20260801"
"fairfax station va real estate","N","62","50","19","","","0.4","0.32","115","41,41,41,29,41,41,29,11,11,11,11,100","7,9,21,28","20260801"
"fairfax tax records","T","40","50","24","","","0","0.03","131","18,18,18,100,18,18,18,18,100,100,100,18","9,28","20260801"
"fairfax va condos for sale","T","71","50","22","","","0.43","0.51","91","0,4,1,17,3,3,17,0,1,0,2,2","7,9,28","20260801"
"fairfax va houses for sale","T","68","50","28","","","0.27","0.44","129","2,13,2,1,1,1,0,0,1,0,2,1","9,15","20260801"
"fairfield townhomes for sale","T","58","50","11","","","0.35","0.53","110","45,63,63,63,63,63,45,63,45,18,18,18","28","20260801"
"fairlington real estate","N","53","50","14","","","0.27","0.63","115","100,33,9,9,9,9,9,9,9,9,9,9","7,9,28","20260801"
"falls church for sale","T","48","50","25","","","0.34","0.47","121","63,63,63,63,63,63,36,63,45,18,18,18","9,28","20260801"
"falls church va houses","N","59","50","25","","","0.45","0.39","134","14,42,23,23,33,19,19,9,0,100,9,9","9,13,21,28","20260801"
"farmstead district rockville","N","48","50","22","","","1.13","0.53","101","14,14,28,35,50,35,35,50,50,50,14,21","3,9,21,28","20260801"
"for sale herndon va","T","59","50","21","","","0.13","0.21","110","14,14,14,14,78,14,14,14,14,78,78,100","7,9,28","20260801"
"for sale old town alexandria va","T","52","50","25","","","0.47","0.55","133","33,42,33,33,33,33,9,9,9,52,9,9","9,28","20260801"
"foreclosure homes in fairburn ga","N","57","50","9","","","0.29","0.84","123","7,11,11,15,11,100,15,7,7,7,7,7","28","20260801"
"fort worth town homes","N","56","50","21","","","1.83","0.92","111","0,0,0,0,3,3,100,3,1,3,3,3","3,7,9,28","20260801"
"fredericksburg va homes for sale by owner","T","56","50","24","","","0.53","0.61","107","11,11,64,11,100,11,11,11,11,11,11,11","9,21,28","20260801"
"gainesville apartments va","N","48","50","27","","","1.06","0.69","108","11,23,100,11,11,23,29,23,29,17,23,23","3,7,9,21,28","20260801"
"gainesville va houses","N","56","50","28","","","0.45","0.55","120","0,100,0,0,0,0,0,100,78,100,100,100","3,7,9,13,28","20260801"
"gaithersburg md 3 bed 2 bath","N","56","50","12","","","0","0","120","42,42,57,100,100,100,100,100,14,42,14,14","7,9","20260801"
"home for sale chantilly va","T","55","50","26","","","0.35","0.45","114","28,28,35,35,78,35,7,35,35,78,50,78","7,9,28","20260801"
"home for sale fairfax va","T","63","50","28","","","0.51","0.43","135","4,4,0,1,1,2,4,2,1,1,39,5","9,28","20260801"
"home for sale herndon","T","59","50","23","","","0.31","0.47","109","0,0,0,0,0,1,1,20,8,1,13,100","7,21,28","20260801"
"homes for sale 20152","T","47","50","13","","","0.25","0.47","108","11,15,11,15,11,6,6,6,8,6,6,15","","20260801"
"homes for sale 21701","T","48","50","24","","","0.77","0.58","108","22,4,4,4,4,4,4,4,22,22,4,4","28","20260801"
"homes for sale 22043","T","56","50","21","","","0.22","0.34","107","50,64,35,28,28,28,21,21,50,28,50,14","28","20260801"
"homes for sale 22312","T","54","50","23","","","0.42","0.37","107","17,52,41,29,29,41,23,52,23,29,23,64","9,13,28","20260801"
"homes for sale in 22306","T","51","50","12","","","0.16","0.45","118","100,100,71,100,71,71,42,71,42,28,100,100","9,15,28","20260801"
"homes for sale in fairburn ga under $200 k","T","57","50","11","","","0.43","0.51","105","29,11,29,29,11,11,11,64,11,64,11,11","28","20260801"
"homes for sale in fairfax station virginia","T","59","50","15","","","0.28","0.47","116","4,4,4,4,4,4,0,100,0,0,0,0","9,28","20260801"
"homes for sale in fairfax vermont","T","56","50","13","","","0.21","0.32","116","0,0,0,0,0,81,0,34,0,28,15,100","7,28","20260801"
"homes for sale in mount vernon va","T","57","50","12","","","0.41","0.41","103","29,64,29,23,17,23,17,29,52,64,41,29","7,9,13,28","20260801"
"homes for sale in river creek leesburg","T","57","50","15","","","0.32","0.23","105","7,7,35,28,7,7,7,78,78,64,100,28","7,9,28","20260801"
"homes for sale in warrenton north carolina","T","57","50","19","","","0.17","0.41","115","0,6,9,9,0,0,0,100,81,3,3,3","28,49","20260801"
"homes for sale montgomery village md","T","53","50","25","","","0.36","0.53","106","35,78,35,0,35,50,28,0,7,7,7,7","21,28","20260801"
"homes for sale potomac","T","58","50","26","","","0.5","0.49","132","12,2,2,23,0,2,5,2,100,28,5,28","9,28","20260801"
"homes for sale winchester va 22602","T","52","50","20","","","0.43","0.62","107","50,50,21,28,35,35,21,64,35,28,28,64","28","20260801"
"homes in leesburg fl for sale","T","57","50","28","","","0.51","0.55","105","0,3,3,3,0,0,3,0,15,54,23,23","9,21,28","20260801"
"house for sale 22030","T","51","50","18","","","0.13","0.33","105","100,81,18,27,63,36,36,81,18,27,18,63","15,28","20260801"
"house for sale in dumfries va","T","59","50","14","","","0.46","0.56","107","1,11,1,11,6,8,5,15,35,1,11,18","9,28","20260801"
"houses for sale 22192","T","52","50","21","","","0.42","0.41","109","23,9,4,19,4,23,9,33,42,23,14,9","28","20260801"
"houses for sale fairfax vt","T","58","50","11","","","0.21","0.32","107","33,33,23,23,19,23,14,23,42,42,33,100","7,28","20260801"
"houses for sale falls church","T","53","50","27","","","0.43","0.44","125","19,80,33,33,9,4,4,9,0,19,19,19","7,9,21,28","20260801"
"houses for sale in downtown fredericksburg va","T","59","50","13","","","0.29","0.7","20","23,33,42,42,9,42,9,9,9,9,9,9","28","20260801"
"houses for sale manassas park virginia","T","65","50","20","","","0.46","0.5","6390000","4,4,4,4,4,23,9,52,100,33,66,33","9,28","20260801"
"houses for sale new fairfield","T","51","50","17","","","0.05","0.49","112","50,28,14,21,35,28,50,64,50,50,64,35","9,28","20260801"
"houses for sale winchester in","T","45","50","16","","","0.17","0.56","104","23,29,64,41,52,29,11,11,11,41,11,11","28","20260801"
"houses for sale winchester virginia","T","57","50","27","","","0.36","0.51","115","10,10,18,14,2,6,2,4,14,22,0,4","9","20260801"
"land for sale fairburn ga","T","57","50","14","","","0.16","0.47","106","55,55,44,44,55,100,44,55,44,55,44,55","21,28","20260801"
"land for sale in ashburn va","T","52","50","15","","","0.24","0.52","110","14,78,78,78,14,14,14,14,14,14,14,14","28","20260801"
"land for sale near charlottesville va","T","45","50","4","","","0.19","0.62","123","63,45,45,81,100,63,45,63,18,18,27,45","7,9,28","20260801"
"leesburg fl houses for sale","T","49","50","26","","","0.34","0.54","112","26,7,34,11,7,7,7,42,7,7,7,7","28","20260801"
"loudoun county townhomes","N","60","50","26","","","0.56","0.5","111","18,18,18,100,100,18,18,18,18,100,18,18","3,6,9,28","20260801"
"michaels urbana pike frederick md","C,T","55","50","27","","","0.81","0.07","106","14,50,35,50,14,50,100,14,14,78,50,50","1,7,21,28","20260801"
"montgomery village houses for sale","T","50","50","19","","","0.35","0.47","121","35,7,28,28,35,35,0,50,28,28,21,50","28","20260801"
"multi family homes for sale in virginia","T","61","50","16","","","0.36","0.29","111","11,41,29,29,52,52,41,52,41,11,11,23","9,28","20260801"
"nearby townhomes for sale","T","57","50","25","","","0.85","0.65","15000000","50,50,50,50,50,50,35,14,14,14,14,14","21,28,50","20260801"
"new condos in arlington va","N","61","50","0","","","1.66","0.53","129","35,35,35,35,50,14,28,14,14,28,14,14","9,20,28","20260801"
"new condos in maryland","N","45","50","11","","","1.76","0.61","133","19,19,19,53,19,7,7,11,7,15,11,7","9,20,21,28","20260801"
"new construction frederick county md","N","46","50","18","","","2.29","0.71","134","64,64,64,64,50,35,28,21,14,28,21,50","3,9","20260801"
"new construction gaithersburg md","N","51","50","19","","","2.14","0.84","20","2,3,2,2,0,0,1,1,1,1,1,1","3,28","20260801"
"new construction herndon va","N","51","50","11","","","1.66","0.77","110","63,63,45,45,63,18,18,18,27,27,36,36","3,9,28","20260801"
"new construction homes in rockville md","N","55","50","23","","","1.81","0.87","148","11,15,19,11,7,100,15,11,11,7,7,15","9,28","20260801"
"new construction homes in winchester va","N","47","50","15","","","2.14","0.61","144","18,63,81,100,100,27,27,18,45,36,18,18","3,7,9,28","20260801"
"new construction townhomes columbia sc","N","60","50","29","","","0","0","133","28,71,57,57,71,100,100,100,71,100,71,71","3,6,7,9,20,28","20260801"
"new construction townhomes in alexandria va","N","60","50","23","","","2.78","0.99","147","9,9,33,33,9,9,33,33,33,33,33,33","3,7,9,20,21,28","20260801"
"new fairfield ct homes","N","53","50","11","","","0.32","0.38","56","55,77,55,33,0,44,44,100,44,100,22,55","28","20260801"
"new fairfield ct houses for sale","T","56","50","13","","","0.06","0.32","115","0,9,5,5,9,1,1,5,23,4,15,100","7,9,28","20260801"
"new home construction in loudoun county","N","47","50","17","","","3.86","0.86","179","100,63,63,81,100,45,36,18,18,18,18,18","3,7,9,20,28","20260801"
"new homes centreville va","N","56","50","16","","","1.92","0.58","118","52,52,41,82,5,17,29,23,11,5,11,11","9,21,28","20260801"
"new homes fairfax","N","56","50","21","","","1.78","0.65","138","35,50,50,35,28,35,35,64,28,35,35,100","3,7,9,28","20260801"
"new homes fairfax county va","N","60","50","28","","","1.97","0.8","135","63,100,81,45,45,18,18,18,18,18,18,18","3,9,21,28","20260801"
"new homes herndon","N","53","50","16","","","1.67","0.59","110","22,55,55,44,55,44,44,44,77,100,77,77","3,9,28","20260801"
"new homes in frederick county","N","48","50","13","","","2.54","0.78","142","26,15,26,26,19,26,19,7,7,7,11,19","3,9,28","20260801"
"new homes in loudoun county","N","52","50","14","","","2.42","0.75","151","41,29,41,29,29,23,17,23,64,23,29,82","7,9,21,28,49","20260801"
"new homes urbana md","N","43","50","16","","","2.96","0.64","126","26,26,15,19,7,11,26,19,0,11,11,11","3,9,28","20260801"
"new townhomes alexandria va","N","60","50","23","","","2.78","0.99","134","63,63,18,27,100,63,27,36,27,36,36,45","3,7,9,13,20,28","20260801"
"new townhomes fairfax","N","67","50","11","","","1.78","0.65","131","27,81,81,45,36,45,45,100,36,45,45,45","3,7,9,20,28,50","20260801"
"new townhomes in alexandria va","N","61","50","23","","","2.16","0.86","154","9,9,33,33,9,9,33,33,33,33,33,33","3,9,28","20260801"
"new townhomes in bristow va","N","63","50","15","","","1.65","0.78","145","23,33,23,23,23,9,9,9,9,52,9,9","1,7,9,14,28,49","20260801"
"new townhomes in burlington nc","N","55","50","15","","","1.81","0.59","140","33,14,19,9,9,9,9,52,9,9,52,33","3,9,28","20260801"
"new townhomes in cary nc","N","50","50","21","","","2.12","0.96","170","27,63,100,81,45,18,45,45,63,63,81,100","3,7,9","20260801"
"new townhomes in dc","N","58","50","19","","","2.49","0.93","134","26,19,26,42,7,7,11,19,11,15,7,42","3,9,21,28","20260801"
"new townhomes in gainesville va","N","66","50","17","","","1.85","0.81","135","35,28,50,50,14,50,50,50,50,28,50,14","1,9,28","20260801"
"new townhomes in lorton va","N","64","50","13","","","2.71","0.64","147","11,11,11,11,11,11,11,64,64,64,11,11","7,9,28","20260801"
"new townhomes manassas va","N","64","50","14","","","2.26","0.99","135","18,36,63,45,45,36,18,100,63,63,81,100","3,7,9,20,28","20260801"
"new townhomes northern virginia","N","57","50","11","","","2.45","0.77","133","22,33,77,55,22,33,55,100,55,55,55,77","3,6,9,20,28","20260801"
"north charleston townhomes","N","48","50","19","","","1.85","0.98","111","78,50,7,21,7,7,7,64,100,50,7,28","3,7,9,21,28","20260801"
"north charleston townhomes for sale","T","54","50","13","","","1.08","0.73","120","63,36,81,63,45,81,63,63,36,36,18,18","7,9,28","20260801"
"northern virginia condominiums","N","60","50","22","","","0.52","0.62","54","77,77,77,77,77,77,77,22,22,22,22,22","1,7,9,21,28","20260801"
"old town alexandria for sale","T","50","50","25","","","0.47","0.66","109","63,81,63,63,63,63,18,18,18,100,18,18","9,28","20260801"
"old town alexandria houses for sale","T","49","50","26","","","0.29","0.53","135","15,0,26,3,26,11,11,34,26,26,26,100","9,21,28","20260801"
"old town alexandria townhomes","N","59","50","21","","","0.83","0.53","114","9,36,45,36,45,45,18,63,18,100,100,18","7,9,13,28","20260801"
"one loudoun townhomes","N","54","50","13","","","1.84","0.64","105","1,1,2,1,2,2,1,1,1,5,1,3","3,9,13,20,28","20260801"
"one story townhomes near me","T","49","50","25","","","1.35","0.86","212","29,29,52,41,64,23,11,11,11,64,11,11","3,7,9,21,28","20260801"
"real estate herndon va","N","59","50","27","","","0.42","0.28","111","0,9,36,9,81,63,45,81,100,81,81,45","3,7,9,28","20260801"
"real estate listings fairfax va","N","63","50","28","","","0.28","0.32","128","100,64,21,14,14,14,14,14,14,14,78,50","9,28","20260801"
"realtors in sterling va","N","48","50","21","","","16.17","0.72","112","18,18,100,18,18,18,18,100,100,18,18,18","3,7,9,21,28","20260801"
"rentcafe fairfax county","N","58","50","10","","","1.57","0.11","105","9,9,9,9,52,9,9,9,100,80,9,9","9,28","20260801"
"single family homes for sale in gainesville va","T","57","50","12","","","0.55","0.5","10","6,12,21,21,15,15,15,15,15,12,9,43","28","20260801"
"single family homes for sale in springfield va","T","61","50","19","","","0.23","0.36","93","35,35,35,35,64,35,50,28,50,64,35,78","9,28","20260801"
"single family homes for sale in sterling va","T","59","50","24","","","0.33","0.28","115","33,52,14,14,14,4,9,33,23,23,19,23","9,21,28","20260801"
"single family homes for sale in virginia","I,T","55","50","29","","","0.69","0.31","117","66,33,23,9,9,9,9,52,9,9,9,9","6,9,28","20260801"
"stamford ct condo","N","56","50","24","","","0.32","0.5","110","7,12,10,0,0,17,17,28,35,12,17,100","7,9,28","20260801"
"sterling va townhomes for sale","I,T","68","50","25","","","0.6","0.56","113","11,7,65,15,19,15,11,26,34,11,7,11","6,28","20260801"
"tax records fairfax county","I,T","65","50","26","","","2.69","0.04","106","0,0,36,6,0,6,9,6,9,0,0,0","1,9,28","20260801"
"the landing alexandria reviews","N","30","50","8","","","3.49","0.13","105","81,63,36,45,81,45,45,45,36,45,45,45","1,6,9,21,28","20260801"
"town home community near me","T","47","50","19","","","1.6","0.72","194","41,41,11,11,11,11,11,64,11,11,11,82","3,7,9,15,21,28","20260801"
"town houses for sale alexandria va","T","71","50","24","","","2.64","0.4","113","14,14,14,78,78,14,100,14,14,14,14,14","9,28","20260801"
"townhomes baltimore county md","N","57","50","20","","","1.36","0.77","111","4,14,4,14,4,0,4,100,66,33,33,14","3,7,9,28","20260801"
"townhomes boston ma","N","56","50","23","","","4.26","0.27","120","11,0,5,11,100,0,5,64,0,52,11,0","3,7,9,13,28","20260801"
"townhomes burlington nc","N","55","50","20","","","0.97","0.65","108","21,28,28,21,64,50,14,21,100,78,50,78","3,9,28","20260801"
"townhomes falls church","N","62","50","24","","","0.55","0.69","112","64,50,50,64,50,50,21,28,21,28,21,21","3,7,9,13,28","20260801"
"townhomes for sale burke va","T","69","50","13","","","0.26","0.47","107","29,41,64,41,29,41,29,11,29,5,5,11","9,14,15,28","20260801"
"townhomes for sale burlington","T","55","50","16","","","0.44","0.37","120","35,50,35,35,35,35,35,50,50,14,14,14","9,21,28","20260801"
"townhomes for sale everett","T","56","50","13","","","0.5","0.48","107","0,64,7,7,50,50,50,0,35,100,64,100","9,28","20260801"
"townhomes for sale in charleston sc","I,T","58","50","7","","","1.24","0.62","20","12,17,12,7,5,0,0,0,100,12,0,2","9,21,28","20260801"
"townhomes for sale in fairfield ca","T","59","50","12","","","0.35","0.53","108","5,7,7,7,7,7,5,7,5,2,2,2","9,28","20260801"
"townhomes for sale in woodbridge va 22191","I,T","66","50","19","","","0.47","0.47","96","0,0,0,4,80,100,23,42,0,52,66,66","6,9,28","20260801"
"townhomes for sale near","T","64","50","28","","","0.85","0.65","21900000","33,33,33,33,33,33,23,9,9,9,9,9","21,28,50","20260801"
"townhomes for sale near baltimore md","T","57","50","18","","","0","0","105","100,0,0,0,0","3,9,15,28","20260801"
"townhomes for sale near me by owner","T","53","50","14","","","0.41","0.36","119","63,81,100,18,18,18,18,18,18,18,18,18","15,21,28,50","20260801"
"townhomes for sale portland oregon","T","61","50","13","","","0.95","0.57","111","52,19,23,9,4,9,4,33,42,14,23,19","9,28","20260801"
"townhomes for sale vancouver bc","T","49","50","14","","","0.44","0.26","134","11,77,77,100,100,55,33,55,77,55,55,22","7,9,21,28","20260801"
"townhomes for sale winchester va","T","67","50","11","","","0.46","0.67","","63,36,18,27,36,27,18,100,27,100,27,63","9,28","20260801"
"townhomes frankfort il","N","57","50","14","","","0.22","0.37","110","50,50,35,14,50,50,50,50,50,50,35,50","9,28","20260801"
"townhomes herndon va","N","67","50","20","","","0.68","0.77","49","21,21,12,6,9,9,15,43,15,12,21,15","3,9,28","20260801"
"townhomes in baltimore county md","N","57","50","19","","","1.36","0.77","127","4,14,4,14,9,23,4,100,66,33,33,14","3,9,28","20260801"
"townhomes in loudoun county va","N","66","50","15","","","0.56","0.5","140","18,18,18,100,100,18,18,18,18,100,18,18","9,21,28","20260801"
"townhomes in lynchburg va","N","55","50","19","","","0.6","0.42","54","52,9,33,33,23,23,0,0,33,33,33,9","3,21,28","20260801"
"townhomes in my area","N","52","50","20","","","1.27","0.92","134","29,41,41,41,41,29,29,11,41,64,11,11","3,7,9,21,28","20260801"
"townhomes in north charleston","N","50","50","14","","","1.7","0.81","114","78,7,7,21,21,7,21,50,78,35,35,21","3,7,9,28","20260801"
"townhomes in northern virginia","N","63","50","13","","","0.9","0.75","135","21,21,35,28,35,50,28,78,28,28,35,35","7,9,21,28","20260801"
"townhomes in portland oregon","N","57","50","25","","","0.86","0.6","117","0,3,3,0,100,65,3,0,3,3,3,9","3,7,9,28","20260801"
"townhomes south carolina","N","60","50","21","","","1.26","0.56","134","0,0,53,0,28,15,15,21,21,34,28,21","3,7,9,15,21,28","20260801"
"townhouse for sale fairfield ca","T","59","50","13","","","0.35","0.53","108","45,63,63,63,63,63,45,63,45,18,18,18","9,28","20260801"
"townhouse for sale in dumfries va","T","67","50","12","","","0.46","0.52","207000","27,45,63,63,63,63,45,63,45,63,63,45","9,28","20260801"
"townhouse for sale in fairfield","T","57","50","14","","","0.35","0.53","131","45,63,63,63,63,63,45,63,45,18,18,18","7,28","20260801"
"townhouses and condos for sale","T","53","50","11","","","0.5","0.52","214","2,35,5,7,10,10,35,12,7,2,17,5","9,21,28","20260801"
"townhouses for sale columbia sc","T","60","50","17","","","1.38","0.67","110","21,100,28,21,50,7,35,100,7,28,35,14","9,28","20260801"
"townhouses for sale fredericksburg va","T","75","50","13","","","0.72","0.68","109","29,29,23,64,41,23,23,29,5,5,29,100","9,28","20260801"
"townhouses for sale in north charleston sc","T","57","50","13","","","1.08","0.73","116","77,77,77,77,55,100,44,77,44,44,22,22","9,28","20260801"
"townhouses for sale in stafford va","T","67","50","12","","","0.66","0.63","120","14,19,23,14,23,23,33,9,42,19,33,4","9,28","20260801"
"townhouses for sale in washington dc","T","62","50","19","","","0.55","0.52","130","29,5,5,0,5,17,5,82,29,52,41,29","6,9,28","20260801"
"townhouses for sale winchester va","T","63","50","13","","","0.46","0.6","109","17,17,41,11,41,52,29,17,64,17,11,29","7,9,28","20260801"
"townhouses for sales","T","57","50","16","","","0.58","0.5","18500000","0,0,3,100,0,0,0,0,0,0,0,3","9,15,21,28,50","20260801"
"townhouses in ashburn va","N","60","50","29","","","0.84","0.58","117","50,14,14,7,78,14,64,50,28,50,78,100","3,7,9,28","20260801"
"townhouses in columbia sc","N","60","50","23","","","0.92","0.74","114","3,3,5,1,3,5,3,5,15,18,18,18","3,6,7,9,28","20260801"
"townhouses in massachusetts","N","54","50","20","","","0.41","0.44","128","50,50,50,64,28,7,7,35,64,50,28,78","3,7,9,21,28","20260801"
"townsend delaware homes for sale","T","58","50","19","","","0.21","0.45","120","0,23,64,0,41,29,100,29,29,41,41,29","9,21,28","20260801"
"vancouver wa new construction","N","55","50","24","","","5.9","0.97","131","7,35,28,28,28,28,21,64,64,64,100,100","3,6,7,9,20,28","20260801"
"virginia multifamily for sale","T","61","50","13","","","0.23","0.44","111","44,44,77,33,44,55,44,77,100,33,33,22","9,28","20260801"
"winchester ohio homes for sale","T","57","50","23","","","0.13","0.31","122","18,45,45,27,45,45,36,45,63,100,81,45","9,28","20260801"
"winchester va condos for sale","T","56","50","13","","","0.39","0.5","102","100,35,50,0,21,35,28,35,50,35,50,35","9,28","20260801"
"winchester virginia homes for sale","T","56","50","29","","","0.36","0.51","122","5,14,3,1,0,17,1,0,0,26,0,1","9,21","20260801"
"1251 w montgomery ave rockville md","N","56","40","25","","","0.96","0.11","56","0,0,0,7,7,0,10,12,17,23,35,100","7,13,21,28","20260801"
"1251 w montgomery avenue rockville md","N","56","40","21","","","0.96","0.11","107","0,3,0,11,7,7,15,19,34,26,53,100","7,21,28","20260801"
"2 bedroom 2 bath townhomes for sale","T","58","40","12","","","0.72","0.63","167","35,14,14,14,14,14,14,14,14,78,78,100","28","20260801"
"20147 homes for sale","T","50","40","19","","","0.36","0.43","108","11,64,11,11,11,11,11,11,11,64,11,11","9,28","20260801"
"20147 houses for sale","T","54","40","23","","","0.49","0.45","109","18,100,18,18,18,18,18,18,18,100,18,18","9,28","20260801"
"22309 homes for sale","T","57","40","19","","","1.01","0.41","105","11,23,11,41,23,17,17,5,5,52,11,100","28","20260801"
"22312 homes for sale","T","50","40","21","","","0.42","0.37","105","28,50,35,28,21,21,28,50,7,28,21,50","28","20260801"
"3877 fairfax ridge road fairfax va","C,T","57","40","8","","","0","0.12","105","11,11,11,11,64,11,11,11,11,100,11,100","7,9,28","20260801"
"4 bedroom house for sale charlotte nc","T","49","40","12","","","1.49","0.29","110","23,29,29,23,0,29,23,11,29,29,23,23","9,28","20260801"
"55 communities in gainesville va","N","56","40","10","","","0","0","192","27,27,27,27,45,100,36,27,36,36,27,63","3,7,9,21,28","20260801"
"alexandria la condos for sale","T","63","40","8","","","0.44","0.27","122","0,22,77,44,33,100,0,77,100,44,55,33","28","20260801"
"alexandria louisiana real estate listings","N","44","40","27","","","0.42","0.32","9960000","14,14,23,4,14,19,9,33,19,23,33,19","15,28","20260801"
"alexandria townhouses for sale","T","69","40","27","","","1.93","0.58","108","0,0,0,35,14,0,100,78,0,100,21,7","9,21,28","20260801"
"apartment for sale alexandria egypt","T","33","40","9","","","0","0.01","134","27,100,63,27,27,9,18,27,9,36,0,36","9,28","20260801"
"apartments for sale arlington va","T","62","40","19","","","0.5","0.52","112","26,26,15,26,15,19,19,3,3,3,80,19","7,9,13,28","20260801"
"ashburn va townhomes for sale","T","64","40","21","","","0.69","0.46","104","33,77,77,77,100,33,33,11,0,0,44,22","9,21,28","20260801"
"baltimore county townhomes","N","53","40","19","","","0.77","0.71","108","27,45,27,36,36,27,18,9,100,9,9,18","3,21,28","20260801"
"burke va townhomes for sale","T","65","40","12","","","0.26","0.47","124","17,41,29,17,5,17,11,41,23,17,11,29","28","20260801"
"buy house in chantilly va","T","55","40","24","","","0","0.29","128","18,18,18,18,18,18,18,18,18,18,18,18","9,28","20260801"
"centerville townhomes for sale","T","60","40","15","","","0.49","0.54","105","11,11,82,82,11,11,11,17,11,11,11,11","28","20260801"
"chantilly va houses for sale","T","58","40","23","","","0.35","0.45","123","0,1,1,1,1,0,1,0,0,66,0,1","7,9,21,28","20260801"
"charleston townhomes for sale","T","53","40","13","","","1.24","0.62","108","21,9,12,6,3,12,3,15,0,12,15,6","9,28","20260801"
"charlottesville real estate brokers","N","38","40","23","","","7.07","0.53","113","23,23,29,17,17,17,17,17,11,52,29,17","3,7,9,28","20260801"
"condo arlington va","N","60","40","24","","","0.66","0.47","120","15,43,0,0,3,0,0,0,0,65,3,3","3,7,9,13,21,28","20260801"
"condo for sale burlington nc","T","55","40","15","","","0.14","0.5","106","18,18,63,18,81,63,45,63,45,45,63,100","21,28","20260801"
"condo for sale in montgomery county md","T","56","40","11","","","0.28","0.49","96","0,0,18,0,36,63,63,63,63,63,81,36","7,9,28","20260801"
"condo for sale in reston va","T","63","40","13","","","0.45","0.56","116","44,44,44,55,100,44,44,22,11,11,100,55","7,9,28","20260801"
"condo for sale reston","T","58","40","13","","","0.45","0.56","113","0,0,50,0,100,0,35,7,78,14,35,0","5,7,9,28","20260801"
"condo for sale vienna va","T","65","40","13","","","0.4","0.51","110","27,45,27,27,36,36,18,27,100,9,18,27","7,9,28","20260801"
"condo in maryland","N","55","40","19","","","0.46","0.41","118","2,0,5,2,5,5,2,0,100,5,2,43","3,7,9,21,28","20260801"
"condominiums for sale in md","T","52","40","12","","","0.38","0.45","102","63,45,63,45,45,18,18,18,18,18,18,18","7,9,28","20260801"
"condominiums for sale in northern virginia","T","70","40","17","","","0.54","0.63","118","18,100,18,18,18,18,18,18,18,18,18,18","7,9,28","20260801"
"condominiums in northern virginia","N","57","40","24","","","0.74","0.5","138","100,18,18,18,63,18,18,18,18,18,18,18","3,7,9,21,28,43","20260801"
"condominum construction springfield","N","57","40","3","","","0","0","114","40,100,100,80,100,100,100","3,7,9,28","20260801"
"condos and townhouses for sale near me","T","51","40","12","","","0.39","0.7","184","23,64,11,11,17,17,17,52,23,11,29,64","9,15,21,28,50","20260801"
"condos for sale falls church","T","61","40","10","","","0.29","0.54","107","7,7,53,7,0,3,65,19,0,3,100,7","7,9,28","20260801"
"condos for sale falls church va","T","67","40","10","","","0.35","0.55","112","9,9,42,42,19,23,23,0,4,4,19,14","7,9,28","20260801"
"condos for sale frankfort il","T","57","40","12","","","0.06","0.38","105","21,21,28,21,35,35,21,35,64,7,7,100","28","20260801"
"condos for sale in huntley il","T","50","40","12","","","0.16","0.39","103","11,11,11,11,11,11,11,11,11,11,11,11","28","20260801"
"condos for sale in md","T","54","40","15","","","0.38","0.45","97","14,10,14,10,10,4,4,4,4,4,4,29","7,9,21,28","20260801"
"condos for sale in montebello","T","57","40","10","","","0.36","0.51","160","7,21,7,7,21,21,100,64,14,64,78,100","7,28","20260801"
"condos for sale in montgomery village md","T","56","40","12","","","0.39","0.63","104","27,27,27,18,63,63,63,18,18,18,18,18","9,28","20260801"
"condos for sale northern virginia","T","61","40","22","","","0.54","0.63","20","57,100,28,57,42,28,42,42,57,71,71,42","9,28","20260801"
"condos for sale winchester ma","T","51","40","11","","","0.17","0.27","110","35,35,50,28,35,35,28,35,28,7,35,64","7,28","20260801"
"condos in manassas va","N","62","40","20","","","0.41","0.52","111","28,28,35,28,7,28,21,28,50,35,28,35","3,7,9,21,28","20260801"
"condos in montgomery county","N","51","40","19","","","0.28","0.59","109","18,18,18,18,100,18,18,18,18,18,18,18","3,7,9,28","20260801"
"condos in montgomery county md","N","59","40","18","","","0.39","0.72","115","18,18,18,18,100,18,18,18,18,18,18,18","3,9,28","20260801"
"condos in northern virginia","N","61","40","23","","","0.74","0.5","134","100,71,71,28,100,28,28,28,57,28,28,28","3,7,9,21,28","20260801"
"condos in old town alexandria","N","58","40","16","","","0.71","0.61","47","17,52,29,23,29,23,23,0,29,41,41,64","3,21,28","20260801"
"condos mclean va","N","59","40","20","","","0.62","0.62","137","27,100,81,0,45,63,45,0,0,0,0,9","3,7,9,28","20260801"
"delaware riverfront townhomes","N","58","40","13","","","0","0.33","124","0,77,100,55,55,33,33,33,33,33,44,44","3,7,9,28","20260801"
"detached townhomes near me","T","53","40","25","","","1.01","0.75","6980000","6,6,6,6,6,6,6,6,6,34,6,43","3,14,15,21,28","20260801"
"downtown cary condos for sale","T","43","40","24","","","0.56","0.4","112","45,45,63,18,45,18,27,18,27,18,27,18","5,7,9,21,28","20260801"
"duplex for sale everett","T","56","40","13","","","0.18","0.36","107","7,26,7,11,7,15,11,19,34,19,26,53","28","20260801"
"duplex in ct","N","56","40","27","","","0.1","0.37","109","0,36,18,0,18,18,18,100,45,81,36,18","9,21,28","20260801"
"duplex in virginia","I,N","56","40","22","","","0.32","0.47","111","22,4,4,4,22,4,4,4,4,4,4,4","6,7,9,14,21,28","20260801"
"fairburn ga foreclosures","N","57","40","13","","","0.41","0.71","111","14,14,9,9,14,100,19,4,4,0,0,0","28,50","20260801"
"fairburn ga townhomes","N","57","40","19","","","0.95","0.88","105","0,23,0,0,0,0,0,66,35,0,0,5","3,6,28","20260801"
"fairfax city va real estate","N","62","40","24","","","0.42","0.33","142","0,0,0,0,0,0,6,35,11,23,6,3","9,28","20260801"
"fairfax county condos for sale","T","71","40","20","","","0.45","0.53","90","100,80,80,80,60,100,80,60,60,60,60,80","7,9,28","20260801"
"fairfax county foreclosures","N","53","40","15","","","0.32","0.43","20","27,27,45,45,36,45,45,36,18,27,18,36","28","20260801"
"fairfax for sale","T","57","40","29","","","0.19","0.31","115","63,36,27,27,27,27,18,27,18,18,18,18","7,9,28","20260801"
"fairfax station va homes for sale","T","59","40","15","","","0.28","0.47","122","0,7,15,19,34,3,7,53,42,0,3,3","28","20260801"
"fairfax station va houses for sale","T","59","40","17","","","0.28","0.47","120","3,11,7,11,7,3,7,100,0,0,0,11","28","20260801"
"falls church affordable housing","N","59","40","4","","","0.52","0.29","119","100,18,18,18,18,18,18,18,18,100,18,18","7,9,28","20260801"
"falls church city condos for sale","T","57","40","16","","","0.29","0.54","129","17,29,52,0,29,5,23,41,11,17,100,5","6,9,21","20260801"
"for sale 22308","T","48","40","12","","","0.05","0.49","153","14,14,14,14,14,14,14,14,14,78,21,14","9,14,15,28","20260801"
"foreclosure homes in springfield va","N","64","40","4","","","0.46","0.71","110","27,27,18,36,45,36,100,18,18,18,18,18","7,28","20260801"
"foreclosure homes in sterling va","N","60","40","5","","","0.3","0.38","105","22,33,33,22,100,77,55,22,22,22,22,22","7,28","20260801"
"frederick md condo","N","54","40","20","","","0.6","0.61","116","78,21,50,7,21,28,21,14,0,35,28,100","3,7,9,28","20260801"
"frederick townhomes for sale","T","61","40","19","","","0.68","0.63","108","3,6,0,0,0,0,10,2,0,0,0,0","9,28","20260801"
"fredericksburg va home","N","56","40","29","","","0.86","0.54","137","0,0,0,0,0,0,0,0,100,4,0,10","9,21,28","20260801"
"gaithersburg new construction","N","49","40","17","","","1.84","0.69","109","63,63,63,63,18,18,18,18,18,18,18,18","3,9,28","20260801"
"herndon new construction","N","50","40","12","","","1.66","0.77","112","77,77,55,55,77,22,22,22,22,22,22,22","3,9,28","20260801"
"home builders loudoun county va","N","39","40","4","","","6.83","0.95","138","2,2,2,2,2,2,14,2,2,2,2,2","3,6,7,9,21,28","20260801"
"home for sale in annandale va","T","59","40","18","","","0.22","0.37","129","0,4,4,19,100,80,4,0,0,0,0,9","7,9,28","20260801"
"home for sale warrenton va","T","51","40","27","","","0.42","0.5","115","5,15,3,1,18,8,1,8,3,8,11,15","9,28","20260801"
"homes chantilly va","N","53","40","29","","","0.49","0.46","116","33,77,100,100,77,0,0,0,11,11,11,22","3,7,9,28","20260801"
"homes for sale 22191","T","55","40","25","","","0.37","0.52","105","27,36,36,36,27,18,27,45,0,45,100,36","21,28","20260801"
"homes for sale 22193","T","56","40","16","","","0.42","0.41","39","26,26,7,15,11,3,7,11,15,15,26,11","28","20260801"
"homes for sale 22311","T","53","40","20","","","0.45","0.35","109","18,18,100,100,18,18,18,18,18,18,18,18","21,28","20260801"
"homes for sale alexandria va 22310","T","58","40","26","","","0.21","0.28","106","50,50,50,14,14,28,28,28,14,28,35,50","28","20260801"
"homes for sale dumfries","T","50","40","22","","","0.48","0.67","113","29,41,41,41,41,29,11,11,11,11,11,11","9,28","20260801"
"homes for sale in 22310","T","55","40","22","","","0.48","0.39","139","36,45,36,45,100,45,81,0,9,9,9,18","9,28","20260801"
"homes for sale in alexandria va 22309","T","60","40","19","","","0.59","0.57","119","100,18,18,18,18,18,18,18,18,18,18,18","15,28","20260801"
"homes for sale in downtown frankfort il","T","57","40","23","","","0.17","0.35","98","7,34,34,11,7,7,7,7,7,26,7,7","9,21,28","20260801"
"homes for sale in lovettsville virginia","T","55","40","15","","","0.32","0.47","126","0,0,0,0,0,0,0,100,0,0,2,4","9,28,49","20260801"
"homes for sale warrenton","T","57","40","28","","","0.42","0.5","112","3,15,3,0,0,3,3,100,3,26,3,80","7,9,28","20260801"
"homes sold in stamford","C,N","56","40","17","","","0","0","108","36,0,45,63,81,9,0,45,9,81,100","28","20260801"
"house for sale herndon","T","59","40","20","","","0.31","0.47","108","22,100,55,22,44,11,44,0,33,44,77,77","7,28","20260801"
"house for sale in alexandria va 22309","T","54","40","19","","","0.59","0.57","119","42,7,7,7,7,7,7,7,7,7,7,7","9,28","20260801"
"house for sale in chantilly va 20152","T","54","40","16","","","0.24","0.41","116","100,18,100,18,18,18,18,18,18,18,18,18","9,28","20260801"
"house for sale in dumfries","T","50","40","25","","","0.47","0.48","141","42,71,42,42,42,71,28,57,100,57,57,71","28","20260801"
"house for sale in leesburg fl","T","48","40","28","","","0.34","0.5","110","3,15,6,34,53,0,0,3,15,0,28,43","9,28","20260801"
"house paws lovettsville","C,T","55","40","15","","","2.09","0.07","104","11,11,11,11,100,11,11,11,11,11,41,41","1,6,7,21,28","20260801"
"houses for sale 22152","T","52","40","23","","","0.49","0.41","106","45,63,9,0,18,18,27,45,63,27,0,45","7,28","20260801"
"houses for sale arlington va 22207","T","56","40","18","","","0.38","0.42","113","14,7,0,7,35,7,7,100,35,50,78,100","9,28","20260801"
"houses for sale chantilly","T","50","40","20","","","0.35","0.45","110","5,66,2,2,0,2,0,5,17,7,17,2","28","20260801"
"houses for sale fairfax vermont","T","56","40","12","","","0.21","0.32","107","0,0,0,0,0,0,0,100,0,0,0,2","7,28","20260801"
"houses for sale fairfax virginia","T","81","40","28","","","0.54","0.52","136","2,5,5,5,0,5,5,100,0,0,2,5","7,9,28","20260801"
"houses for sale in alexandria louisiana","T","46","40","22","","","0.22","0.44","106","3,1,15,11,11,15,6,0,1,0,1,0","28","20260801"
"houses for sale in falls church","T","50","40","22","","","0.21","0.44","149","28,7,7,35,7,78,7,14,0,28,28,64","9,21,28","20260801"
"houses for sale in north arlington va","T","56","40","22","","","0.26","0.45","126","22,77,77,22,77,22,100,22,22,22,22,22","7,9,28","20260801"
"houses in stamford connecticut for sale","T","56","40","27","","","0.23","0.45","98","55,33,44,44,22,77,55,100,11,22,33,55","28","20260801"
"houses sale dumfries","T","52","40","16","","","0.47","0.48","110","27,36,36,36,27,45,18,36,36,45,45,45","9,28","20260801"
"interior doors in west virginia","N","56","40","2","","","0","0","149","0,55,100,44,22,44,22,22,55,100,55,55","3,6,7,21,28","20260801"
"land for sale in northern va","T","49","40","12","","","0.15","0.59","113","15,19,19,15,26,15,11,11,15,11,15,11","9","20260801"
"lovettsville houses for sale","T","55","40","17","","","0.32","0.47","106","0,0,0,0,0,0,0,100,0,0,0,4","9,28","20260801"
"luxury condominiums in maryland","N","44","40","8","","","1.07","0.76","134","36,45,45,27,36,45,36,45,18,18,18,18","3,7,9,28","20260801"
"luxury condos in maryland","N","45","40","8","","","1.07","0.76","133","33,23,52,14,19,23,19,33,9,9,9,9","3,7,9,20,28","20260801"
"manassas new homes","N","65","40","9","","","2.01","0.86","134","14,28,28,28,28,14,35,7,100,14,14,21","9,20,28","20260801"
"manassas park va townhomes for sale","T","62","40","17","","","0.39","0.67","113","63,45,45,36,27,18,18,18,18,18,18,18","9,28","20260801"
"maryland new condos","N","47","40","15","","","1.76","0.61","137","29,29,29,52,29,11,11,11,11,11,11,11","3,7,9,20,21,28","20260801"
"massachusetts townhomes for sale","T","60","40","15","","","0.27","0.47","111","11,44,55,33,77,77,100,22,55,11,11,44","9,21,28","20260801"
"mclean va condos for sale","T","62","40","12","","","0.46","0.55","119","27,81,27,45,36,100,36,63,0,9,18,27","6,7,9,28","20260801"
"mount vernon va homes for sale","T","56","40","12","","","0.41","0.41","114","17,41,23,17,23,29,17,29,23,23,29,41","7,9,28","20260801"
"new builds ashburn va","N","49","40","21","","","1.78","0.54","134","22,100,100,55,77,22,22,22,22,22,22,22","3,9,14,20,28","20260801"
"new condominiums in maryland","N","49","40","25","","","1.76","0.61","135","29,29,29,52,29,11,11,11,11,11,11,11","3,9,28","20260801"
"new construction fairfax","N","61","40","27","","","1.89","0.8","134","4,3,5,3,2,3,5,10,4,4,7,12","3,9,20,28","20260801"
"new construction homes frederick md","N","49","40","21","","","3.15","0.93","124","27,100,45,36,0,36,36,18,63,27,27,63","3,7,9,21,28","20260801"
"new construction homes in frederick county md","N","50","40","18","","","2.54","0.78","139","4,3,4,4,3,3,1,1,1,1,1,1","3,9,28","20260801"
"new construction homes in herndon va","N","56","40","15","","","1.93","0.83","20","63,63,45,45,63,18,18,18,18,18,18,18","3,21,28","20260801"
"new construction homes loudoun county va","N","51","40","18","","","2.82","0.86","131","0,50,64,50,50,35,7,7,7,14,7,7","3,7,9,21,28","20260801"
"new construction rockville","N","51","40","22","","","2.79","0.82","116","42,19,23,9,9,4,9,14,33,23,33,33","3,9,28","20260801"
"new construction townhomes in connecticut","N","56","40","29","","","0.17","0.15","134","14,28,35,35,35,35,21,35,28,14,14,14","3,9,28","20260801"
"new home communities frederick md","N","46","40","22","","","3.27","1","131","18,81,63,63,36,45,36,27,18,36,36,36","3,9,28","20260801"
"new homes fairburn","N","52","40","28","","","2.01","0.97","130","100,77,11,55,33,44,33,44,55,55,44,100","3,9,28","20260801"
"new homes for sale in charlottesville va","N","52","40","24","","","1.35","0.54","147","11,29,29,23,17,23,17,23,17,23,23,23","6,9,21,28","20260801"
"new homes for sale in woodbridge va","T","60","40","12","","","1.4","0.73","32","41,11,41,11,11,23,11,11,17,41,11,17","9,28","20260801"
"new homes herndon va","N","54","40","16","","","1.67","0.59","20","19,23,19,19,19,9,9,9,19,23,23,14","3,9,28","20260801"
"new homes in fairfax county","N","64","40","24","","","1.97","0.8","154","63,81,63,45,45,18,18,18,18,18,18,18","3,9,14,15,28","20260801"
"new homes in loudoun county va","N","51","40","22","","","2.42","0.75","159","14,28,35,21,21,35,35,28,28,28,21,35","3,7,9,15,28","20260801"
"new homes in loudoun county virginia","N","51","40","13","","","2.42","0.75","155","100,100,60,60,80,100,60,80,60,60,100,80","3,7,9,20,28","20260801"
"new homes in woodbridge virginia","N","60","40","10","","","2.79","0.3","157","18,100,100,18,18,18,18,18,18,18,18,18","3,9,28","20260801"
"new homes near frederick md","N","51","40","17","","","4.61","0.94","145","7,26,26,19,19,19,19,15,7,11,7,15","3,7,9,28","20260801"
"new post fredericksburg va","N","56","40","6","","","0.86","0.13","111","6,9,6,6,6,6,6,6,6,34,34,6","7,9,13,28","20260801"
"new single family homes frederick md","N","48","40","21","","","2.04","0.99","133","0,19,19,19,3,11,19,34,15,7,3,26","3,9,21,28","20260801"
"new town house for sale","T","55","40","28","","","1.29","0.61","148","9,9,2,2,2,2,2,15,2,2,2,2","9,28","20260801"
"new townhomes charleston","N","48","40","12","","","2.78","0.72","134","18,81,63,18,36,18,18,27,36,18,18,27","3,9,28","20260801"
"new townhomes fairfax county","N","65","40","14","","","1.97","0.8","132","77,55,22,55,55,22,22,22,22,22,22,22","3,7,9,20,28","20260801"
"new townhomes in manassas va","N","64","40","12","","","1.87","0.91","151","17,29,52,23,23,11,29,11,11,17,23,29","1,7,9,20,28","20260801"
"new townhomes springfield va","N","60","40","22","","","1.44","0.72","117","0,100,100,71,71,100,100,14,0,14,14,14","3,7,9,28","20260801"
"new townhomes washington dc","N","59","40","16","","","2.49","0.93","128","8,3,11,11,3,3,3,5,3,3,3,5","3,7,9,13,28","20260801"
"new townhouses in northern va","N","61","40","20","","","2.45","0.77","177","63,36,36,36,27,36,27,63,27,36,45,63","3,7,9,20,28","20260801"
"new townhouses in woodbridge va","N","66","40","21","","","1.87","0.86","148","27,100,45,45,27,36,18,18,0,27,18,27","9,21,28","20260801"
"northern va towns","C,N","81","40","24","","","0","0.01","158","22,33,44,22,44,44,44,55,44,44,100,44","5,6,7,9,20,21,28,43,50","20260801"
"old town houses for sale","T","50","40","22","","","0.23","0.4","117","21,9,6,9,21,12,6,3,28,15,6,21","28","20260801"
"one level homes for sale in loudoun county va","T","66","40","13","","","0.05","0.23","147","11,11,64,64,11,11,11,11,11,11,11,11","7,9,28","20260801"
"open houses in frederick md","N","50","40","12","","","0.58","0.65","119","36,45,45,18,45,27,27,45,36,45,36,63","9,28","20260801"
"property management fairburn","N","57","40","2","","","0","0","114","60,60,80,80,80,100,100,80,100,40,0","3,7,28","20260801"
"rivera townhomes burlington nc","C,T","52","40","25","","","1.36","0.44","47","26,19,15,7,7,11,15,26,19,3,3,7","1,6,7,28","20260801"
"ryan homes manassas","I,N","56","40","18","","","1.6","0.26","107","14,14,14,14,14,78,14,78,14,14,14,14","3,7,9,20,21,28","20260801"
"sell my home fort worth","N","56","40","20","","","0","0.01","153","28,100,100,57,71,57,57,42,42,57,42,42","3,7,9,28","20260801"
"sell my house fast stamford ct","C,N","56","40","16","","","0","0.02","155","18,0,18,18,18,18,27,81,81,81,81,100","3,6,7,9,21","20260801"
"single family homes for sale in chantilly va","T","59","40","14","","","0.36","0.29","107","15,15,0,3,21,6,6,21,9,15,15,28","9,21,28","20260801"
"single family homes for sale in warrenton va","T","56","40","11","","","0.3","0.4","103","18,18,100,100,18,18,18,18,18,18,18,18","9,28","20260801"
"single family homes for sale sterling va","T","60","40","21","","","0.33","0.28","114","17,11,23,23,23,11,11,41,29,29,23,29","9,28","20260801"
"springfield oh condos for sale","T","57","40","20","","","0.28","0.43","88","0,3,7,19,26,42,11,53,0,19,3,19","28","20260801"
"tower villas arlington","C,T","48","40","5","","","0.72","0.19","113","100,100,100,18,18,18,18,18,18,18,18,18","1,7,9,21,28","20260801"
"town homes for sale charleston sc","T","56","40","14","","","1.24","0.62","110","0,0,0,2,0,0,0,100,0,0,0,0","9,21,28","20260801"
"town houses for sale in ct","T","57","40","16","","","0.29","0.6","102","18,100,18,18,18,18,18,18,18,18,18,18","9","20260801"
"townhome for sales","T","58","40","24","","","0.69","0.54","196","1,5,10,6,0,0,0,0,0,0,0,0","9,21,28,50","20260801"
"townhomes condos for sale","T","56","40","17","","","0.4","0.35","20300000","3,1,1,5,2,2,3,4,2,5,9,4","9,21,28,50","20260801"
"townhomes fairfield ct","N","61","40","19","","","0.33","0.38","127","7,10,10,5,5,5,5,5,5,5,5,5","3,9,13,28","20260801"
"townhomes for sale burlington nc","T","61","40","15","","","0.41","0.59","108","27,36,27,27,36,63,18,45,63,9,81,63","21,28","20260801"
"townhomes for sale chantilly va","T","58","40","12","","","0.35","0.59","108","0,2,0,0,0,0,2,100,0,2,0,66","7,9,28","20260801"
"townhomes for sale in gainesville va","T","67","40","12","","","0.43","0.59","120","27,18,9,9,45,27,27,63,45,27,9,63","9,21,28","20260801"
"townhomes for sale in manassas park va","T","65","40","15","","","0.47","0.43","116","26,19,19,15,11,7,7,7,7,7,7,7","21,28","20260801"
"townhomes for sale in reston va","T","71","40","12","","","0.39","0.49","101","35,14,14,21,7,64,14,7,14,7,7,7","9,28","20260801"
"townhomes for sale south carolina","T","60","40","12","","","0.87","0.62","116","0,0,77,0,44,55,55,77,77,77,100,55","7,9,21,28","20260801"
"townhomes for sell","T","61","40","22","","","0.69","0.54","29600000","13,0,0,0,0,0,0,0,0,0,0,0","9,15,21,28","20260801"
"townhomes in boston massachusetts","N","56","40","19","","","4.26","0.27","125","0,0,0,0,0,0,0,100,0,0,0,0","3,7,9,28","20260801"
"townhomes in cary","N","54","40","29","","","1.34","0.89","127","45,27,18,36,18,9,36,63,45,45,36,45","3,7,9,13,28","20260801"
"townhomes in charlottesville","N","56","40","19","","","1.04","0.74","114","0,50,0,0,78,28,50,0,0,50,0,14","1,7,9,28","20260801"
"townhomes in ct","N","58","40","16","","","0.34","0.67","114","27,36,18,18,36,45,45,45,27,27,36,36","3,9,28","20260801"
"townhomes in frankfort il","N","62","40","13","","","0.19","0.41","105","27,36,27,27,36,18,45,27,63,27,36,27","15,28","20260801"
"townhomes in montgomery county md","N","56","40","15","","","0.69","0.81","134","2,6,6,4,8,10,8,22,8,10,10,14","7,9,21,28","20260801"
"townhomes in west virginia","N","59","40","19","","","0.68","0.2","108","18,18,18,18,18,18,18,18,18,100,100,100","3,9,15,21,28","20260801"
"townhomes in winchester va","N","62","40","19","","","0.73","0.64","111","23,29,29,11,11,11,11,41,41,5,17,82","3,7,9,28","20260801"
"townhomes manassas va","N","67","40","20","","","0.73","0.65","115","55,44,55,55,44,22,22,55,55,33,55,77","3,9","20260801"
"townhomes old town alexandria","N","58","40","23","","","0.83","0.53","112","57,100,71,57,71,71,28,71,28,28,28,28","1,7,9,13,28","20260801"
"townhomes stamford ct","N","56","40","27","","","0.39","0.63","92","64,11,11,11,11,5,11,11,11,5,5,5","3,7,28","20260801"
"townhomes vancouver bc","N","55","40","26","","","0.82","0.33","139","11,5,17,5,11,11,5,41,64,29,29,23","3,7,9,21,28","20260801"
"townhouse for dale","T","48","40","22","","","0.58","0.5","54700000","0,0,0,100,0,0,0,0,0,0,0,0","7,9,28,50","20260801"
"townhouse for sale fairfax va","T","88","40","19","","","0.41","0.54","107","7,50,35,28,21,50,28,14,7,0,7,35","9,21","20260801"
"townhouse for sale in ct","T","58","40","12","","","0.22","0.51","125","17,11,82,17,11,17,52,11,11,5,17,11","28","20260801"
"townhouse for sale in manassas park va","T","61","40","12","","","0.47","0.43","112","50,35,35,28,21,14,14,14,14,14,14,14","9,28","20260801"
"townhouse for sale in rockville","T","60","40","15","","","0.83","0.66","125","29,29,11,5,17,11,5,52,17,29,17,100","9,28","20260801"
"townhouse for sale in woodbridge","T","64","40","13","","","0.54","0.56","98","35,35,35,21,21,28,21,35,50,21,21,78","28","20260801"
"townhouse in maryland","N","61","40","18","","","0.93","0.52","137","2,7,2,0,0,2,2,0,0,100,0,5","7,9,20,28","20260801"
"townhouse prices near me","T","50","40","15","","","0.62","0.61","132","10,12,12,10,10,12,5,5,5,5,5,5","28,50","20260801"
"townhouses for sale in portland oregon","T","59","40","15","","","1.13","0.53","115","19,26,15,3,3,7,0,19,15,15,11,26","7,9,21,28","20260801"
"townhouses for sale in winchester va","T","67","40","14","","","0.46","0.67","20","52,29,11,0,17,17,11,23,64,29,23,64","21,28","20260801"
"townhouses for sale manassas va","T","65","40","15","","","0.5","0.6","109","14,28,14,21,14,35,14,14,35,7,100,14","9,21,28","20260801"
"townhouses in oregon","N","57","40","20","","","0.85","0.41","115","18,18,45,9,63,63,100,36,63,9,36,100","3,6,7,9","20260801"
"vancouver townhomes for sale","T","55","40","13","","","0.38","0.24","128","27,9,45,9,63,27,27,63,18,0,9,9","7,9,28","20260801"
"venta de casas en winchester va","N","57","40","25","","","0.04","0.25","120","0,0,0,0,0,100,0,80,0,0,0,100","7,9,28","20260801"
"warrenton nc real estate","N","44","40","22","","","0.28","0.37","107","29,41,41,23,29,17,11,11,11,11,11,11","21,28","20260801"
"west virginia townhomes","N","55","40","21","","","0.68","0.2","97","18,18,18,18,18,18,18,18,18,100,100,100","1,6,7,9,21,28","20260801"
"west virginia villas","T","56","40","14","","","0.55","0.01","150","28,71,71,100,57,42,42,42,42,42,42,57","7,9,17,21,28","20260801"
"winchester ma condos","N","51","40","17","","","0.22","0.42","112","63,100,81,18,18,18,18,18,18,18,18,18","7,21,28","20260801"
"winchester va foreclosures","N","57","40","7","","","0.3","0.5","105","33,44,33,33,55,33,77,55,22,100,33,33","7,28","20260801"
"55 communities fredericksburg va","N","56","30","23","","","1.56","0.92","121","0,100,60,100,40,40,40,0,100,100,100,60","3,6,9,21,28","20260801"
"ashburn new construction homes","N","48","30","24","","","3.38","0.84","128","100,18,18,18,18,18,18,18,18,18,18,18","3,9,28","20260801"
"ashburn va new homes","N","53","30","24","","","3.05","0.76","134","2,7,17,7,10,7,5,7,2,28,7,5","3,7,9,28","20260801"
"ashburn va townhomes","N","63","30","27","","","0.84","0.58","137","100,42,57,28,28,42,71,42,0,28,42,28","6,9,28","20260801"
"bloom montgomery village","N","41","30","7","","","1.49","0.45","106","8,6,6,6,4,4,6,4,4,8,10,4","1,5,9,13,15,21,28","20260801"
"cary nc townhomes","N","53","30","28","","","1.34","0.89","71","11,29,23,17,11,5,17,23,17,29,11,100","3,21,28","20260801"
"custom homes fredericksburg va","N","56","30","11","","","3.65","0.6","128","28,57,57,57,42,57,71,42,42,42,42,28","3,7,9,28","20260801"
"fairburn ga townhomes for sale","T","57","30","22","","","0.81","0.66","124","11,33,33,33,77,77,77,100,0,0,0,33","9,21,28","20260801"
"fairfax new townhomes","N","58","30","19","","","1.59","0.78","46","18,18,18,36,36,27,27,63,18,18,18,18","1,7,9,28","20260801"
"fairfax va new homes","N","58","30","23","","","1.78","0.65","138","3,7,7,7,3,11,7,19,42,11,11,19","3,9,28","20260801"
"falls church realtor","I,N","50","30","29","","","9.24","0.77","","11,17,17,41,23,17,17,17,17,17,11,11","3,6,7,9,28","20260801"
"falls church realtors","N","48","30","21","","","7.14","0.97","116","20,60,60,40,80,40,60,60,60,60,40,40","3,7,9,28","20260801"
"falls church va real estate agents","N","56","30","20","","","11.18","0.37","155","14,35,35,14,21,28,28,14,14,14,14,100","3,7,9,21,28","20260801"
"farmstead district rockville md","N","58","30","19","","","0.94","0.52","105","80,40,60,40,40,40,100,100,60,80,40,100","3,9,13,20,21,28","20260801"
"fort worth luxury townhomes","N","56","30","15","","","1.5","0.78","65","9,18,45,18,36,27,18,45,27,36,36,36","3,7,9,21,28","20260801"
"fort worth tx townhomes for sale","T","56","30","12","","","1.01","0.66","88","14,21,21,14,21,21,21,14,21,14,28,28","7,28","20260801"
"frederick md new homes","N","49","30","17","","","2.31","0.85","135","4,23,23,23,14,19,14,14,9,19,23,42","3,9,28","20260801"
"frederick single family homes","N","53","30","17","","","1.16","0.7","125","7,7,42,7,7,7,7,7,7,7,7,7","9,28","20260801"
"herndon new homes","N","53","30","19","","","1.67","0.59","109","28,28,42,57,71,57,57,57,42,71,14,42","3,7,9,28","20260801"
"house paws lovettsville va","C,T","55","30","14","","","2.09","0.07","104","18,18,18,18,100,18,18,18,18,18,18,18","1,6,7,21,28","20260801"
"leesburg new construction homes","N","49","30","19","","","2.54","0.87","131","11,11,11,15,19,19,7,11,7,7,7,7","3,9,28","20260801"
"leesburg new homes for sale","T","53","30","20","","","1.6","0.63","141","18,18,36,36,45,27,18,27,27,18,36,36","9,28","20260801"
"lorton new homes","N","59","30","11","","","2.28","0.84","123","9,18,18,18,18,0,18,45,100,45,18,18","3,9,28","20260801"
"luxury condos arlington va","N","56","30","13","","","1.6","0.87","58","3,11,3,3,3,3,3,3,18,3,3,3","3,13,21,28","20260801"
"luxury townhomes in maryland","N","56","30","18","","","1.35","0.5","131","9,14,19,14,19,23,9,19,9,9,9,14","3,7,9,20,28","20260801"
"meadows of chantilly homes for sale","T","43","30","9","","","1.2","0.28","167","11,17,23,11,17,17,11,11,17,29,11,11","1,7,28","20260801"
"montgomery village townhomes","N","58","30","18","","","1.46","0.45","104","15,19,7,7,7,7,7,19,11,11,7,19","1,13,28","20260801"
"new condos in virginia","N","53","30","11","","","1.63","0.75","135","5,10,10,12,5,5,5,5,5,7,5,5","1,7,9,20,28,50","20260801"
"new construction fairfax county","N","54","30","28","","","1.75","0.76","133","3,3,4,2,3,2,3,3,2,4,3,2","3,9,21,28","20260801"
"new construction homes ashburn","N","66","30","20","","","3.15","0.79","131","100,7,7,50,7,7,0,0,0,7,7,7","9,28","20260801"
"new construction homes fairfax va","N","58","30","22","","","1.57","0.69","129","28,42,28,42,42,71,100,100,42,42,28,71","3,9,13,28","20260801"
"new construction homes in leesburg va","N","55","30","24","","","2.98","0.87","145","40,60,100,80,100,100,40,40,40,40,60,80","3,7,9,28","20260801"
"new construction homes in springfield va","N","60","30","18","","","2.01","0.75","134","50,75,75,50,100,50,75,50,50,50,50,50","3,9,28","20260801"
"new construction homes manassas va","N","65","30","18","","","2.25","0.74","119","25,100,100,75,75,25,50,50,100,75,50,50","3,9,28","20260801"
"new construction in sterling va","N","60","30","14","","","1.76","0.7","150","42,28,0,14,71,42,42,0,71,14,14,28","7,9,21,28","20260801"
"new construction sterling va","N","60","30","19","","","1.76","0.7","120","18,27,18,18,45,27,45,45,45,36,45,18","3,9,21,28","20260801"
"new construction townhomes charleston sc","N","56","30","26","","","4.82","0.95","134","18,18,18,27,45,27,18,18,18,36,18,45","3,9,20,28","20260801"
"new construction townhomes northern virginia","N","54","30","15","","","2.56","0.84","118","27,27,27,18,27,36,36,45,36,36,27,27","9,28","20260801"
"new home builders frederick md","N","39","30","8","","","4.05","0.89","135","5,41,52,23,29,0,5,5,11,11,0,41","3,6,7,9,20,28","20260801"
"new home fredericksburg va","N","56","30","16","","","2.74","0.79","136","0,0,0,5,82,100,0,0,0,5,0,11","3,9,20,28","20260801"
"new homes for sale ashburn","T","58","30","20","","","1.63","0.75","128","11,17,23,17,23,11,11,11,11,11,11,11","9,28","20260801"
"new homes for sale frederick county","T","54","30","14","","","2.13","0.99","131","22,100,100,33,22,22,22,22,22,22,22,77","9,28","20260801"
"new homes for sale in chantilly","T","54","30","9","","","1.71","0.45","146","40,100,100,40,40,40,40,40,40,40,40,40","7,9,28","20260801"
"new homes for sale winchester va","T","57","30","14","","","1.4","0.71","123","0,60,100,100,100,20,40,80,40,80,20,60","7,9,21,28","20260801"
"new homes in chantilly","N","52","30","15","","","2.87","0.8","41","60,100,100,80,80,40,40,20,60,100,40,40","3,7,9,28","20260801"
"new homes in falls church va","N","58","30","15","","","1.28","0.83","165","11,15,19,7,7,7,7,7,7,7,7,7","3,7,9,28","20260801"
"new homes in urbana md","N","46","30","10","","","2","0.84","40","23,29,11,11,11,11,11,11,11,11,11,11","3,9,14,28","20260801"
"new homes in warrenton va","N","49","30","15","","","1.81","0.75","122","33,33,44,44,33,11,77,44,44,55,55,22","3,7,9,28","20260801"
"new single family homes ashburn va","N","52","30","25","","","2.64","0.78","134","14,21,28,28,21,21,0,21,14,35,28,14","9,28","20260801"
"new townhomes ashburn va","N","58","30","26","","","3.59","1","135","60,80,100,60,80,40,60,60,100,40,80,60","3,9,13,20,28","20260801"
"new townhomes in cary","N","55","30","21","","","2.12","0.96","137","22,44,33,22,22,44,22,22,22,33,33,55","3,7,9,13,20,28","20260801"
"new townhomes in charleston","N","48","30","11","","","2.83","0.38","134","18,81,45,18,18,18,18,18,18,18,18,45","3,7,9,20,21,28","20260801"
"new townhomes in dumfries va","N","62","30","16","","","2.45","0.41","142","4,4,4,4,4,4,4,4,4,4,4,4","3,7,9,28","20260801"
"new townhomes in rockville","N","53","30","23","","","2.04","0.99","114","23,29,17,11,11,11,11,11,11,11,11,11","3,9,20,28","20260801"
"new townhomes in urbana md","N","53","30","19","","","2.81","0.85","170","63,45,18,18,18,18,18,18,18,18,18,18","1,9,28","20260801"
"new townhomes leesburg va","N","59","30","11","","","2.26","0.79","123","7,11,7,7,11,7,7,11,11,26,26,65","3,9,28","20260801"
"new townhomes portland oregon","N","52","30","17","","","1.95","0.3","133","40,80,100,80,60,60,40,60,40,60,40,60","7,9,28,43","20260801"
"new townhomes rockville md","N","53","30","19","","","1.59","0.8","125","11,11,29,11,11,11,11,11,11,11,11,11","3,9,28","20260801"
"new townhomes woodbridge va","N","63","30","17","","","1.87","0.86","134","36,27,18,18,18,18,18,36,36,18,81,100","3,7,9,20,28","20260801"
"new townhouses for sale in maryland","T","61","30","25","","","1.47","0.7","158","7,11,15,11,15,11,19,7,7,7,7,7","9,21,28","20260801"
"one loudoun townhomes for sale","T","57","30","12","","","1.22","0.71","144","15,7,42,7,7,7,7,7,7,7,7,7","5,7,28","20260801"
"open houses ashburn va","N","56","30","19","","","0.82","0.51","116","18,45,36,36,36,45,27,27,18,45,45,63","6,9,28","20260801"
"realtors in falls church va","N","50","30","19","","","7.14","0.97","166","28,100,71,71,57,28,42,42,42,28,28,42","3,7,9,28","20260801"
"riverside townhomes vancouver wa","N","55","30","7","","","1.23","0.59","110","36,36,18,18,18,18,18,18,27,18,18,27","7,9,21","20260801"
"springfield va real estate agents","N","64","30","29","","","7.98","0.28","132","40,40,80,80,80,40,40,40,40,40,40,40","3,7,9,21,28","20260801"
"townhomes in charleston sc for sale","T","58","30","18","","","1.24","0.62","117","17,29,29,17,23,0,0,100,0,0,0,5","3,9,21,28","20260801"
"townhomes in west ashley sc","N","48","30","10","","","1.36","0.99","148","18,18,18,18,18,18,18,18,100,18,18,27","3,6,7,9,28","20260801"
"townhomes north charleston sc","N","56","30","13","","","1.7","0.81","115","11,5,17,0,17,23,17,17,11,11,23,41","3,7,9,21,28","20260801"
"townhomes west ashley sc","N","50","30","12","","","1.36","0.99","115","11,29,23,11,11,11,11,11,64,11,11,82","3,6,7,9,28","20260801"
"townhouses for sale portland","T","59","30","12","","","1.13","0.53","113","4,0,23,4,0,23,9,9,52,19,33,0","5,7,9,21,28","20260801"
"urbana new homes","N","40","30","15","","","1.03","0.61","112","50,35,14,21,14,14,14,14,14,14,14,14","1,9,21,28","20260801"
"vrbo haymarket va","I,T","59","30","21","","","1.68","0.64","106","28,100,28,57,28,28,28,28,28,28,28,28","6,7,21,28","20260801"
"winchester estates homes for sale","T","57","30","3","","","2.12","0.14","146","14,14,14,14,14,14,100,14,14,14,78,14","6,9,28","20260801"