"Keyword","Intent","Relevance","Volume","KD %","PKD %","Pot. traffic","CPC","Competition","Results","Trend","SERP Features","Updated"
"sky silver condos for sale","T","88","50","2","","","0","0","1970000","0,100,100,100,100","28","20260801"
"111 highland condo","C,T","54","90","17","","","0","0.03","112","35,35,100,64,64,64,78,64,50,50,64,100","1,7,9,13,28","20260801"
"condos for sale highlands","T","54","50","2","","","0.31","0.44","70","0,100,50,64,64,50,50,50,28,50,78,50","28","20260801"
"highland in condos for sale","T","54","50","13","","","0.1","0.34","119","21,21,21,28,14,28,35,100,28,28,28,35","28","20260801"
"condos for sale in highland ca","T","54","40","12","","","0.16","0.42","86","9,9,9,9,9,52,9,9,9,52,9,9","9,28","20260801"
"highland hills condos","N","54","40","18","","","0","0.05","107","33,44,44,100,55,77,22,22,22,22,22,22","3,28","20260801"
"waterside condo for sale","T","54","40","0","","","0.59","0.26","115","5,17,29,17,29,23,23,29,23,29,23,23","7,9,28","20260801"
"cherry hill condos","N","53","90","21","","","0.35","0.21","136","80,66,42,42,42,33,52,23,23,33,42,66","3,6,7,9,13,28","20260801"
"cherry hill condo","N","53","50","19","","","0.35","0.21","109","35,35,35,35,50,35,35,100,35,28,28,50","1,7,28","20260801"
"sky lofts downtown la","N","53","30","13","","","1.83","0.46","114","11,15,7,7,7,7,7,7,7,7,7,7","1,9,28","20260801"
"condo townhouse for sale near me","T","52","880","18","","","0.41","0.59","204","45,67,67,55,45,45,55,55,67,100,100,100","15,21,28,50","20260801"
"promenade tower apartments","I","52","590","26","","","0.53","0.11","111","0,0,0,0,0,0,18,100,0,0,0,1","1,7,9,13,28","20260801"
"century park east condos","N","52","390","16","","","0.23","0.08","63","81,29,29,66,54,81,100,100,81,100,100,81","1,5,7,13,21,28","20260801"
"main street residences","I","52","320","28","","","0.44","0.11","110","81,100,66,54,54,54,43,54,54,66,66,66","1,6,7,21,28","20260801"
"2536 brookdale ln","C","52","260","16","","","0","0","23000","100,0,0,0,0,0,0","28","20260801"
"monarch ranch wildwood annexation","C,N","52","170","3","","","0","0.33","3680","1,1,1,0,0,1,0,1,1,1,1,0","9,28,50","20260801"
"cottages at wingate","I","52","140","26","","","1.32","0.32","109","52,66,66,80,66,52,66,66,66,80,80,100","1,6,7,9,21,28","20260801"
"silver lake condos","N","52","140","9","","","0.53","0.15","111","80,80,65,42,42,42,42,53,42,42,42,65","3,9,13,28","20260801"
"downtown la condos","N","52","110","28","","","0.66","0.46","136","9,12,9,9,15,19,15,12,19,15,19,29","3,5,7,9,28","20260801"
"the hill residences","C","52","110","12","","","1.05","0.61","161","0,1,2,0,0,0,0,0,100,0,0,0","6,7,9,28,50","20260801"
"condos/townhomes for sale","C","52","90","21","","","0.5","0.52","159","0,0,0,0,7,15,7,0,15,19,54,19","9,15,21,28,50","20260801"
"19 promenade apartments","I","52","70","25","","","0.31","0.4","107","42,9,9,19,100,100,9,9,9,52,52,66","1,6,7,9,28","20260801"
"handel's broadview heights","C,T","52","70","18","","","0","0.33","109","100,11,41,64,64,0,52,5,11,11,11,100","1,7,9,21,28","20260801"
"marina towers condos for sale chicago","T","52","70","8","","","0.35","0.23","108","7,26,15,34,26,34,34,26,34,34,34,100","7,9,28","20260801"
"apartment townhouse condo","C,N","52","50","17","","","0","0.33","152","0,2,2,2,2,2,2,2,1,2,30,100","3,6,7,9,20,21,28,43,50","20260801"
"condos.local area.realty","C","52","50","12","","","0","0.18","169","0,0,0,0,0,66,66,100,66,14,9,9","50","20260801"
"hills condos for sale","T","52","50","10","","","0","0","120","0,0,0,0,0,0,0,0,0,100,11,18","28","20260801"
"marina city condo for sale","T","52","50","9","","","0.5","0.22","178","18,18,45,18,45,45,45,63,63,63,100,63","7,9,21,28","20260801"
"north ridge mn","N","52","50","17","","","0","0.13","114","41,82,11,11,100,64,11,11,11,11,11,11","3,28","20260801"
"promenade towers la","C,T","52","50","28","","","0.53","0.11","109","0,0,0,0,0,0,3,100,0,0,0,5","1,5,7,9,13,21,28","20260801"
"the promenade los angeles","N","52","50","18","","","1","0.11","132","0,3,0,0,0,0,0,0,0,3,4,4","3,7,9,13,20,21,28,43","20260801"
"wingate blackstone blvd","C,T","52","50","12","","","3.42","0.15","111","14,14,14,14,78,78,100,14,14,14,35,35","1,9,21,28","20260801"
"161 brookdale ave","C","52","40","17","","","0","0.33","278000","0,0,23,64,11,11,11,11,11,11,0,11","9,28","20260801"
"2 maple way woodbury ny","C","52","40","13","","","0","0.01","110","9,52,52,9,14,9,9,9,9,9,9,9","9,13,28","20260801"
"3215 wingate ct","C","52","40","11","","","0","0.03","109","28,14,14,14,14,14,14,14,14,14,14,14","28","20260801"
"66 maplewood drive westbury ny 11590","C","52","40","2","","","0","0.33","24600","21,21,100,64,21,21,21,21,14,14,14,14","9,28","20260801"
"apartment condo townhouse","N","52","40","25","","","0","0.25","156","9,33,42,14,33,23,9,9,9,9,14,14","3,6,9,20,21,28,43,50","20260801"
"broadview heights retail development","C","52","40","0","","","0","0.33","115","0,5,0,0,0,0,0,0,0,5,0,0","7,9,28","20260801"
"bunker hill condos","N","52","40","7","","","0.7","0.19","110","18,18,18,18,18,18,18,18,18,100,18,18","1,7,9,21,28","20260801"
"condos for sale broadview heights ohio","T","52","40","12","","","0.09","0.3","109","0,4,4,9,0,4,0,23,100,4,9,14","7,9,28","20260801"
"promenade towers 123 s figueroa st los angeles ca 90012","I","52","40","21","","","0.89","0.08","106","14,14,14,14,14,14,100,14,14,78,14,14","1,6,7,9,21,28","20260801"
"promenade towers apartments downtown la","C,T","52","40","27","","","0.44","0.41","112","0,0,0,0,0,0,0,36,0,0,0,10","1,7,9,13,28","20260801"
"the savoy naples","C","52","40","2","","","1.09","0.28","110","2,2,2,2,2,2,2,5,12,5,7,3","1,6,7,9,13,21,28","20260801"
"the star hill condo","C,T","52","40","9","","","0","0.16","71","14,14,14,14,14,14,100,78,14,14,14,14","1,5,7,9,21,28","20260801"
"top real estate agents broadview heights","N","52","40","17","","","0","0.05","741000","44,100,100,100,22,22,0,22,22,22,22,100","3,7,21,28","20260801"
"townhomes condo for sale","N","52","40","17","","","0.5","0.52","14800000","0,2,0,0,0,0,0,0,100,0,0,0","9,15,21,28,49,50","20260801"
"monarch cove condos","C","52","30","1","","","1.14","0.3","107","21,21,9,9,6,6,6,6,6,6,6,6","1,7,9,13,21,28","20260801"
"sky lofts dtla","N","52","30","5","","","1.6","0.47","111","35,50,14,14,14,14,14,14,14,14,14,21","7,9,21,28","20260801"
"the savoy naples florida","C","52","30","3","","","1.09","0.28","111","28,28,28,28,28,28,28,57,100,71,100,28","1,6,7,9,13,21,28","20260801"
"steeplechase dog park","N","51","260","19","","","0","0.04","135","66,43,53,53,66,82,53,82,53,100,82,82","3,7,9,13,21,28","20260801"
"the village at the summit","C","51","260","10","","","0","0.04","168","29,22,14,18,29,29,66,100,81,100,81,100","1,6,7,13,21,28","20260801"
"cherry hill condos for sale","T","51","210","15","","","0.19","0.41","116","66,100,53,53,100,17,23,17,43,28,82,82","7,9,28","20260801"
"hollywood hills fort worth apartments","C","51","170","21","","","0","0.33","4730000","1,5,5,6,5,5,5,5,6,100,55,13","1,9,21,50","20260801"
"steeplechase estate sales","T","51","170","18","","","0","0.01","109","35,82,43,28,28,100,23,23,17,28,66,35","7,9,21,28","20260801"
"colony residences & suites","N","51","110","16","","","1.82","0.41","156","0,0,0,0,0,0,35,43,100,100,82,28","7,9,17,21,28","20260801"
"condo real estate","N","51","110","17","","","1.01","0.17","155","42,66,66,42,52,42,52,52,52,100,66,52","3,7,9,21,28,41","20260801"
"summit village green","C","51","110","6","","","0","0.06","120","65,28,34,28,21,15,12,12,9,28,12,12","1,7,9,13,21,28","20260801"
"the colony condos","N","51","110","10","","","1.12","0.08","116","80,100,100,52,9,23,33,23,23,42,23,19","3,9,28","20260801"
"zion summit condos","C","51","110","17","","","0.91","0.06","108","7,7,11,7,7,42,53,80,80,100,100,100","1,6,7,9,21,28","20260801"
"main street condos","N","51","90","4","","","0.74","0.13","116","52,64,64,41,41,52,41,41,41,52,41,64","3,7,9,28","20260801"
"sky line real estate","I","51","90","29","","","1.44","0.16","147","78,78,78,78,78,64,78,78,0,0,0,0","3,6,7,9,28","20260801"
"the colony property management","N","51","90","8","","","0","0","107","33,100,100,66,23,33,33,42,33,42,42,42","3,6,7,9,28","20260801"
"the promenade condo","N","51","90","7","","","0.4","0.07","128","19,26,53,34,42,26,53,42,19,42,53,42","3,6,7,9,28","20260801"
"westwood los angeles ca homes for sale","T","51","90","21","","","0.28","0.29","139","7,10,5,7,2,12,5,66,28,100,43,66","9,21,28","20260801"
"801 s. grand avenue","C","51","70","17","","","1.05","0.06","112","0,0,0,0,3,1,0,5,15,100,11,11","1,7,9,28","20260801"
"colony park condos","N","51","70","0","","","0","0.04","115","100,18,18,100,18,18,18,100,63,100,63,45","3,7,9,28","20260801"
"marina city club condos for sale","T","51","70","0","","","0.19","0.29","108","53,34,42,26,34,26,26,19,26,19,19,26","28","20260801"
"pine hill condos","N","51","70","18","","","0.34","0.11","111","9,6,9,15,9,6,9,12,9,9,9,6","1,7,9,28","20260801"
"sky view parc condo","C","51","70","22","","","0.55","0.07","122","0,0,0,0,0,0,0,100,0,0,0,0","3,6,7,9,28,43","20260801"
"summit ridge condos","I","51","70","11","","","0","0.03","107","100,64,64,17,64,23,23,64,23,17,23,82","1,6,7,21,28","20260801"
"abc serrano commercial center","C","51","50","14","","","0","0.17","55","28,35,21,21,28,14,100,78,78,14,14,14","1,7,21,28","20260801"
"bridgeview bay condos","C","51","50","23","","","0","0.04","208000","11,11,11,11,11,11,11,11,64,64,64,82","1,7,9,13,28","20260801"
"condos for sale brookline","T","51","50","25","","","0.24","0.46","108","3,81,3,3,3,0,3,53,43,3,3,100","7,9,28","20260801"
"condos for sale in downtown los angeles","T","51","50","17","","","0.51","0.55","122","45,100,18,63,45,36,45,36,36,45,81,81","9,28","20260801"
"condos for sale westwood nj","T","51","50","9","","","0.11","0.28","104","14,78,14,78,14,14,14,14,14,78,78,100","28","20260801"
"hollywood hills condos","N","51","50","19","","","0.57","0.15","134","100,100,100,18,18,18,18,18,18,100,18,18","1,7,9,13","20260801"
"homes for sale pine hill","T","51","50","18","","","0.09","0.3","110","0,0,0,0,0,0,0,100,18,0,0,22","9,13,28","20260801"
"kings gate condo","N","51","50","3","","","0.73","0.14","109","26,26,26,19,26,7,15,19,7,7,42,53","3,6,7,13,28","20260801"
"park towers condos","N","51","50","4","","","0.97","0.04","123","15,3,12,3,100,53,3,0,0,0,0,3","3,7,9,13,28","20260801"
"parker tower condo","T","51","50","4","","","1.08","0.12","111","0,3,12,0,15,15,15,21,65,34,21,15","1,7,9,13,21,28","20260801"
"pineville condo management","N","51","50","4","","","0","0","114","42,100,100,100,100,42,71,100,57,71,100,100","3,6,7,28,50","20260801"
"river tower pigeon forge tn","C","51","50","23","","","0.87","0.79","119","0,0,0,0,0,0,0,100,0,0,0,0","1,7,9,17,21,28,50","20260801"
"the colony by infinitum","C,T","51","50","22","","","0.73","0.18","126","41,41,41,29,29,11,11,64,11,11,11,11","1,5,7,9,13,21,28,36","20260801"
"westwood condos los angeles","N","51","50","20","","","0.56","0.23","136","9,4,4,4,33,4,9,100,66,33,52,4","3,6,7,9,21,28","20260801"
"1135 broadway residences","C,T","51","40","12","","","1.48","0.05","109","0,5,17,0,64,29,29,0,0,100,0,5","1,6,7,9,28","20260801"
"9217 park west blvd","C","51","40","13","","","0","0.01","105","4,4,4,8,10,8,4,4,4,22,22,29","21,28","20260801"
"brookline condo for sale","T","51","40","27","","","0.73","0.43","108","0,2,0,0,2,0,0,0,0,100,0,8","7,28","20260801"
"colony by eqi","C,T","51","40","25","","","0","0.33","125","100,100,18,18,18,18,18,18,18,100,18,18","1,5,7,9,13,21,28","20260801"
"condo for sale westwood ca","T","51","40","9","","","0.56","0.33","108","4,14,4,14,9,14,23,33,19,42,19,9","9,28","20260801"
"condos for sale in westwood ca","T","51","40","12","","","0.56","0.33","101","7,21,7,21,7,0,7,78,50,100,50,7","9,28","20260801"
"family vacations the colony","C","51","40","3","","","0","0","138","0,10,29,4,0,0,8,4,2,2,6,2","9,21,28,50","20260801"
"pinehill homes for sale","T","51","40","25","","","0.09","0.3","108","0,0,0,0,0,0,0,100,0,0,0,0","9,28","20260801"
"summit at central village apartments","C","51","40","16","","","0","0.02","105","18,18,18,18,18,100,18,18,18,100,100,18","1,6,7,9,13,21,28","20260801"
"the colony condo","N","51","40","10","","","1.12","0.08","121","35,64,28,14,21,7,21,35,28,35,35,35","3,7,9,28","20260801"
"vibes lifestyle the colony","C","51","40","1","","","0","0.33","6690000","100,27,27,18,18,18,18,18,18,18,18,18","7,9,28","20260801"
"801 s grand avenue","C","51","30","18","","","0.8","0.05","12800000","0,0,0,0,100,3,3,3,3,0,11,3","1,9,28","20260801"
"colony at the peninsula","C,T","51","30","5","","","1.72","0.12","128","29,11,11,11,11,11,11,11,64,11,11,11","1,7,9,13,21,28","20260801"
"pine hill independent senior living","I,N","51","30","16","","","5.76","0.1","","18,18,18,18,18,18,18,18,18,100,18,18","3,6,21,28","20260801"
"sky loft downtown los angeles","N","51","30","8","","","1.83","0.46","116","27,36,18,18,18,18,18,18,18,18,18,18","3,9,28","20260801"
"steeplechase independent living","I","51","30","16","","","1.63","0.1","112","18,18,27,18,18,18,18,18,18,100,27,27","3,6,9,21,28","20260801"
"summit village uccs","T","51","30","15","","","1.93","0.11","113","27,27,63,18,18,18,18,27,18,18,100,18","1,7,9,13,20,28","20260801"
"condos in downtown","N","50","320","26","","","0.6","0.4","149","54,66,66,81,29,22,43,66,100,66,66,66","3,7,9,28","20260801"
"buy condo in la","T","50","210","25","","","0.45","0.54","139","0,0,0,0,0,0,0,0,100,0,0,0","9,21,28","20260801"
"the reserve at knollwood","I","50","210","24","","","0.57","0.06","111","35,43,35,43,22,66,54,54,35,81,81,81","1,6,7,9,28","20260801"
"bunker hill towers apartments los angeles","N","50","170","13","","","0.65","0.24","113","23,35,28,28,23,28,28,28,15,54,35,44","3,7,9,21,28","20260801"
"bunker hill towers los angeles","N","50","170","21","","","0.65","0.24","137","23,28,28,28,23,28,35,28,23,54,35,35","3,5,7,9,13,21,28","20260801"
"condos for sale downtown los angeles ca","T","50","170","19","","","0.51","0.55","123","53,53,43,65,53,65,34,81,53,100,28,21","9,28","20260801"
"molly's sky point dr las vegas","C","50","170","21","","","0","0","109","100,0,0,0,0,0,0,0,0,0","1,7,9,21","20260801"
"portofino tower 3","C,T","50","170","19","","","0.94","0.25","166","36,100,5,2,1,1,1,2,1,1,3,2","1,7,9,13,21,28","20260801"
"briarwood apartments for sale","T","50","140","14","","","0.17","0.24","107","1,1,1,1,1,8,1,1,20,100,1,3","28","20260801"
"1250 waters place- tower ii","C","50","110","6","","","0","0.04","108","0,3,0,0,100,80,65,80,65,65","21,28","20260801"
"arlington condo sales","T","50","110","17","","","0.44","0.57","118","0,0,0,0,0,0,0,32,100,0,0,0","9,21,28","20260801"
"fox bay condos","C","50","110","5","","","0.95","0.07","104","26,80,53,34,53,42,42,42,34,42,26,34","1,21,28","20260801"
"highlander community south","C","50","110","13","","","0","0.02","153000000","80,80,33,52,80,19,33,52,42,52,19,19","1,7,9,28,50","20260801"
"highlander park indianapolis","C","50","110","18","","","0","0.33","643000","28,35,35,66,28,23,12,17,17,28,28,28","1,6,7,9,21,28,50","20260801"
"marple woods condos","C","50","110","13","","","0","0.02","108","2,2,2,2,2,100,3,2,2,2,2,2","13,28","20260801"
"portofino tower 4","N","50","110","7","","","1.42","0.35","166","1,100,3,1,1,1,1,1,1,1,1,1","3,5,9,13,28","20260801"
"tall pines cottages","I","50","110","12","","","0","0.03","105","65,100,65,34,28,12,15,28,21,21,21,43","6,7,9,17,28","20260801"
"tall pines preschool","I","50","110","14","","","0","0.03","103","12,17,35,23,35,28,28,35,35,35,35,43","1,6,7,21,28","20260801"
"the arlington condo","N","50","110","9","","","1.04","0.09","124","100,100,82,64,64,82,100,0,0,0,0,0","3,7,9,13,28","20260801"
"the highlands condos","N","50","110","5","","","0.56","0.09","119","52,100,52,52,52,52,52,52,42,42,52,80","3,7,9,14,15,28","20260801"
"condo los angeles for sale","T","50","90","26","","","0.45","0.54","137","0,0,0,0,0,0,0,0,67,44,0,0","5,7,9,21,28","20260801"
"condos for sale downtown los angeles","T","50","90","19","","","0.43","0.49","118","21,21,43,53,21,15,34,28,34,34,34,100","9,28","20260801"
"park & western highlander","C","50","90","6","","","0","0.04","2730000","100,63,63,63,81,100,63,45,63,81,63,100","1,7,9,28","20260801"
"parker highland condo","C","50","90","2","","","0.19","0.08","110","7,4,9,7,11,9,11,11,11,11,14,11","1,7,9,21,28","20260801"
"8103 piney branch rd","C","50","70","15","","","0","0.33","103","100,28,28,12,5,5,5,5,5,5,5,5","7,28","20260801"
"arlington club condos","C","50","70","14","","","0.35","0.04","106","100,63,45,63,81,63,63,45,63,100,81,81","1,7,9,28","20260801"
"bay view condos","N","50","70","20","","","0.73","0.2","140","78,100,64,50,21,35,35,35,14,21,14,21","3,7,9,28","20260801"
"downtown home sale","T","50","70","17","","","0","0.36","118","9,9,9,9,9,100,66,100,19,0,9,0","28","20260801"
"luma south lofts los angeles","N","50","70","6","","","1.61","0.03","112","5,7,7,2,12,10,10,10,100,28,43,7","1,7,9,28","20260801"
"portofino tower denver","C","50","70","11","","","1.48","0.24","106","100,22,4,4,4,4,4,4,4,4,4,8","1,7,9,13,21,28","20260801"
"stony ridge condos","N","50","70","17","","","0","0.02","112","81,63,81,63,63,45,45,63,63,81,63,63","3,9,28","20260801"
"tall pines insurance","C","50","70","15","","","11.01","0.07","94","22,18,14,18,14,18,10,14,14,14,18,14","1,7,9,21,28","20260801"
"tall pines way","C","50","70","18","","","0","0.02","114","63,45,100,63,100,63,63,63,45,63,45,81","9,21,28","20260801"
"161 e. chicago","C","50","50","16","","","1.52","0.05","106","0,0,0,0,0,0,0,0,100,0,0,0","1,7,9,21,28","20260801"
"190 north ave haverhill ma","C","50","50","2","","","0","0.02","105","36,45,36,45,45,45,63,36,45,45,27,45","6,21,28,50","20260801"
"2160 century park east los angeles ca","N","50","50","13","","","0","0.01","108","14,14,14,14,14,14,100,14,78,78,14,14","7,9,28","20260801"
"cache at silver lake condos for sale","T","50","50","0","","","0","0","179","11,100,77,77,77","28","20260801"
"castle hall condos","C","50","50","5","","","0","0.03","118","29,41,41,29,41,29,29,29,41,17,17,11","1,7,9,21,28","20260801"
"condo for sale in arlington tx","T","50","50","23","","","0.47","0.55","109","0,18,100,45,63,63,45,63,27,45,63,63","7,15,21,28","20260801"
"condos for sale in los angeles under $300k","T","50","50","19","","","0.23","0.53","285000","11,42,15,11,100,7,7,15,19,3,19,53","21,28,50","20260801"
"highlander park adult education","I","50","50","15","","","5.12","0.02","120","14,100,21,28,21,14,100,64,78,50,35,50","1,6,7,9,28","20260801"
"hillwood place apartments","I","50","50","19","","","0","0.04","108","35,35,35,35,35,14,100,14,14,14,14,14","1,6,28","20260801"
"houses for sale in queen anne seattle","T","50","50","20","","","0.5","0.4","142","0,77,100,44,11,55,55,33,77,55,77,11","7,9,21,28","20260801"
"maplewoods for sale","T","50","50","10","","","0.48","1","198","0,0,0,0,0,0,0,0,0,100,0,0","7,9,15,25,28","20260801"
"real estate condos","N","50","50","18","","","1.01","0.17","37400000","27,63,0,36,27,63,27,45,100,100,63,27","3,9,21,28,41,49,50","20260801"
"sky terrace condo","C","50","50","15","","","0","0.02","109","21,7,14,14,14,14,100,78,50,50,50,78","1,5,7,21,28","20260801"
"tall pines academy photos","C","50","50","25","","","0","0.33","106","18,18,18,100,100,100,63,63,45,27,36,27","5,6,7,9,13,21,28","20260801"
"tall pines retreat","N","50","50","14","","","0","0.02","111","44,55,77,100,55,44,44,77,55,55,44,44","3,7,9,13,28","20260801"
"1 knollwood rd totowa nj","C","50","40","17","","","0.16","0.06","112","0,0,0,7,15,100,7,7,7,42,7,7","9,21,28","20260801"
"144 concord st clifton nj","C","50","40","9","","","0","0.33","109","14,14,14,14,14,14,14,14,14,14,14,14","9,28","20260801"
"161 chicago ave east","C","50","40","19","","","0","0.02","109","11,11,11,41,41,41,41,41,11,11,11,11","1,7,9,28","20260801"
"7 fox run purchase ny","T","50","40","9","","","0","0.33","107","100,100,18,18,18,18,18,18,18,18,18,18","9,28","20260801"
"altis 55 plus neighborhood in santa clarita","C","50","40","11","","","0","0.57","147","57,100,100,71,57,42,42,57,42,57,14,0","7,9,20,28,50","20260801"
"condo for sale downtown","T","50","40","17","","","0.48","0.54","123","14,50,50,0,7,78,7,35,35,21,14,7","7,28","20260801"
"condos for sale falls church","T","50","40","10","","","0.29","0.54","107","7,7,53,7,0,3,65,19,0,3,100,7","7,9,28","20260801"
"condos for sale in clifton new jersey","T","50","40","12","","","0.12","0.39","103","0,0,0,0,0,0,0,100,0,0,0,0","7,9,21,28","20260801"
"downtown los angeles office space for sale","T","50","40","16","","","0","0.33","118","9,19,23,23,19,23,23,19,23,23,19,23","7,9,28","20260801"
"fisher island palazzo del sol","C","50","40","11","","","0","0.03","149","0,0,0,0,0,0,0,0,100,0,2,2","1,6,7,9,13,21,28,36","20260801"
"fox tail condos for sale","T","50","40","7","","","0","0","119","0,71,100,71,57","6,28","20260801"
"houses for sale arlington va 22207","T","50","40","18","","","0.38","0.42","113","14,7,0,7,35,7,7,100,35,50,78,100","9,28","20260801"
"houses for sale in north arlington va","T","50","40","22","","","0.26","0.45","126","22,77,77,22,77,22,100,22,22,22,22,22","7,9,28","20260801"
"los angeles condos downtown","N","50","40","26","","","0.66","0.46","132","14,4,4,0,14,42,0,23,80,14,42,100","3,5,7,9,21,28","20260801"
"new city condos","C,T","50","40","14","","","0.29","0.14","20","26,26,26,19,7,7,7,7,7,7,7,7","28","20260801"
"parkside at bethel photos","C,I","50","40","16","","","0.84","0.16","105","14,14,28,50,78,14,14,14,14,14,14,14","5,6,7,28","20260801"
"port aransas executive keys","I","50","40","27","","","0.74","0.89","104","5,3,1,1,0,0,1,54,1,3,3,100","1,6,7,21,28,50","20260801"
"portofino tower 2","C","50","40","10","","","0","0.08","107","78,78,14,14,14,14,14,14,14,14,14,100","1,5,7,9,13,21,28","20260801"
"skyview condo tower","N","50","40","19","","","0","0.14","135","64,11,11,11,11,11,11,11,0,0,11,0","3,7,9,13,21,28","20260801"
"tall pines book","C,N","50","40","11","","","0","0.04","177","9,36,18,100,100,18,0,0,18,18,18,18","6,9,21,25,28,50","20260801"
"tall pines mud prom","C","50","40","9","","","0","0.33","163","50,14,14,14,0,0,14,14,14,14,14,14","1,5,6,7,9,20,28,50","20260801"
"the tall pines","C,I","50","40","19","","","0","0.33","105","9,9,9,52,52,9,9,9,9,9,52,66","1,6,9,13,20,21,28","20260801"
"which portofino tower is best","N","50","40","18","","","1.34","0.32","148","19,23,19,14,14,23,14,14,14,14,14,14","6,9,21,28,50","20260801"
"luxury condos arlington va","N","50","30","13","","","1.6","0.87","58","3,11,3,3,3,3,3,3,18,3,3,3","3,13,21,28","20260801"
"portofino at biscayne","N","50","30","19","","","1.13","0.34","135","18,100,18,18,18,0,18,18,0,18,18,18","7,9,28","20260801"
"the ridge at stony creek","N","50","30","5","","","1.47","0.49","214","28,28,28,28,57,28,42,100,28,28,42,42","7,9,28","20260801"
"flushing skyview condo","N","49","720","25","","","0.55","0.07","107","76,8,55,1,55,76,76,67,45,67,76,76","3,6,7,9,28,43","20260801"
"country club condos","N","49","480","20","","","0.59","0.1","142","44,66,66,54,54,44,54,66,54,66,66,66","3,9,28","20260801"
"sb grand lofts","C,T","49","390","12","","","0.83","0.13","107","20,25,20,25,20,16,20,25,16,20,16,16","1,6,7,9,13,21,28","20260801"
"shybary grand lofts","C","49","320","13","","","0.9","0.12","109","23,29,54,29,19,44,23,19,29,29,29,44","1,9,13,21,28","20260801"
"la tour condos","N","49","210","12","","","0.51","0.08","128","81,81,81,28,100,81,81,28,34,53,53,43","3,6,7,9,28","20260801"
"marina city condos for sale","T","49","210","6","","","0.5","0.22","114","82,82,66,66,53,43,53,53,43,53,66,66","7,9,21,28","20260801"
"sky las vegas condos","C,T","49","210","26","","","0.71","0.21","146","53,100,43,66,82,53,43,43,28,35,23,43","1,6,7,9,13,21,28","20260801"
"sky condos vegas","N","49","170","18","","","0.63","0.24","48","66,29,22,54,100,54,22,35,22,35,18,10","1,6,7,28","20260801"
"town center condos","N","49","170","14","","","0.64","0.1","142","53,80,80,53,53,65,80,100,80,80,100,100","3,9,28","20260801"
"bunker hill apartments downtown la","N","49","140","23","","","0.95","0.32","119","81,29,22,29,29,18,22,14,22,43,18,18","3,7,9,21,28","20260801"
"bunker hill towers la","N","49","140","21","","","0.65","0.24","143","42,34,26,42,53,65,65,65,42,100,65,65","3,7,9,13,21,28","20260801"
"luma south lofts","N","49","140","3","","","1.47","0.08","108","4,22,22,14,14,10,14,14,81,100,35,29","7,9,28","20260801"
"alexis heights condos","C","49","110","16","","","0","0.06","107","33,23,42,33,100,80,66,66,33,66,33,52","1,5,7,9,21,28","20260801"
"new city new york houses for sale","T","49","110","14","","","0.08","0.36","124","0,0,0,0,0,0,0,100,0,0,0,0","9,28","20260801"
"stonington on the river","I","49","110","15","","","0","0.01","128","43,53,53,28,35,17,10,12,10,17,28,43","1,6,7,9,21,28","20260801"
"bunker hill towers apartments","N","49","90","18","","","0.66","0.11","111","5,28,23,17,17,17,23,35,23,43,28,43","3,7,9,13,21,28","20260801"
"condos in my area","N","49","90","22","","","0.68","0.57","63000000","42,42,42,23,33,52,52,52,23,42,52,33","3,9,21,28","20260801"
"metro club condos philadelphia","C","49","90","10","","","0.64","0.12","107","0,0,0,0,18,8,100,15,18,6,23,1","1,7,9,21,28","20260801"
"park view condos","N","49","90","6","","","0.55","0.09","139","52,82,64,64,64,52,52,52,52,64,82,64","3,7,9,28","20260801"
"shadow wood condos","N","49","90","8","","","0.84","0.07","166","53,26,34,80,34,26,26,34,34,34,26,15","3,7,9,28","20260801"
"town center construction","I","49","90","12","","","0.89","0.03","111","78,78,64,78,64,50,50,78,50,64,64,35","1,6,9,28","20260801"
"630 n cotner blvd ste 201 lincoln ne 68505","C","49","70","3","","","0","0.01","104","81,63,81,81,63,63,63,63,63,63,81,81","21,28","20260801"
"cherry hill condo for sale","T","49","70","14","","","0.19","0.41","10","82,7,28,0,10,12,10,17,12,23,10,7","21,28","20260801"
"skypoint luxury condos","C","49","70","19","","","0","0.08","109","26,34,34,26,34,19,26,26,19,15,7,7","1,5,6,7,9,13,21,28","20260801"
"stag lodge condos for sale","T","49","70","0","","","0","0","113","0,100,81,63,63","","20260801"
"storage place stonington ct","C,T","49","70","15","","","2.39","0.1","107","18,45,100,63,63,81,63,81,45,63,63,63","1,6,7,21,28","20260801"
"top condos los angeles","N","49","70","22","","","2.47","0.06","131","63,63,63,63,63,63,63,63,63,63,63,63","1,6,7,9,20,28","20260801"
"town center business center","N","49","70","16","","","0","0.06","121","14,14,14,14,14,14,100,78,78,78,78,100","3,7,21,28","20260801"
"apartments stonington ct","N","49","50","20","","","0.41","0.52","110","18,63,27,27,27,18,18,36,81,81,100,45","3,7,9,28","20260801"
"briarstone lodge condo 13a","N","49","50","11","","","0","0","119","22,44,44,55,44,55,77,77,55,44,77,77","1,7,28","20260801"
"briarstone lodge condo 13d","T","49","50","9","","","0","0","114","28,57,57,100,57,71,100,71,57,57,71,71","1,5,6,7,13,28","20260801"
"bunker hill apartments la","C","49","50","28","","","0.95","0.32","119","0,0,0,0,0,0,22,22,22,43,29,22","1,7,9,28","20260801"
"bunker hill apts los angeles","C,T","49","50","29","","","0.95","0.32","118","0,0,0,0,0,0,100,50,78,100,64,14","1,7,9,21,28","20260801"
"springwood creek condos","C","49","50","15","","","0.42","0.13","106","63,36,45,63,45,63,36,18,18,100,100,63","1,7,21,28","20260801"
"stonegate condos by lokal homes","N","49","50","17","","","0","0.33","175","27,63,63,100,45,45,63,45,45,63,63,63","3,7,9,28","20260801"
"stonegate condos for sale","T","49","50","4","","","0.17","0.05","118","18,36,100,18,18,18,45,81,36,100,100,18","9,28","20260801"
"stonington ct condos for sale","T","49","50","13","","","0.09","0.2","86","27,27,63,100,27,63,27,45,27,36,45,36","28","20260801"
"town center crossword clue","N","49","50","7","","","0","0.33","107","2,2,2,2,32,2,2,2,0,2,2,2","28","20260801"
"303 park manor dr","C,T","49","40","26","","","0","0.06","101","81,63,100,9,100,18,18,18,18,18,18,18","1,21,28","20260801"
"briarstone lodge condo 13b","N","49","40","8","","","0","0.07","103","28,42,57,100,57,71,100,100,57,57,100,100","3,7,9,15,28","20260801"
"briarstone lodge condo 13e","T","49","40","14","","","0","0.09","109","28,42,57,100,57,71,100,100,57,57,100,100","3,7,9,13,28","20260801"
"condo arlington va","N","49","40","24","","","0.66","0.47","120","15,43,0,0,3,0,0,0,0,65,3,3","3,7,9,13,21,28","20260801"
"ductless air conditioner stonington ct","N","49","40","1","","","0","0","8840","14,42,28,28,57,100,100,100,71,100,100,100","3,7,9,21,25,28,50","20260801"
"luxury condos for sale in los angeles","T","49","40","17","","","1.71","0.61","145","14,50,28,28,28,28,50,50,14,14,14,14","7,9,28","20260801"
"sky bunker hill","I","49","40","29","","","0.52","0.27","108","28,57,100,57,42,71,71,100,71,28,71,57","1,6,7,9,21,28","20260801"
"town center realty","N","49","40","25","","","0","0.02","109","100,100,18,18,18,18,18,18,18,18,18,18","3,6,7,28","20260801"
"storage place stonington","T","49","30","13","","","2.71","0.05","106","0,28,57,42,42,42,71,28,71,42,71,71","1,6,7,21,28","20260801"
"buy condo arlington va","T","48","390","21","","","0.44","0.57","116","20,4,45,81,62,2,0,5,0,6,8,1","6,7,9,21,28","20260801"
"sky rock apartments","I","48","390","28","","","0.9","0.15","108","100,81,66,100,44,66,81,66,35,44,66,81","1,6,7,21,28","20260801"
"cedar creek condos","N","48","320","6","","","0.7","0.06","119","35,66,66,44,81,66,66,35,35,44,35,35","3,6,9,28","20260801"
"river place condo","N","48","320","21","","","0.54","0.24","119","31,16,13,13,13,4,13,16,7,13,37,16","3,7,9,28","20260801"
"2160 century park east","N","48","210","15","","","0","0.08","109","23,23,15,23,23,19,23,36,19,29,23,23","7,9,13,28","20260801"
"fox run condos","N","48","210","5","","","1.05","0.07","2770000","35,43,54,35,43,43,35,43,35,43,43,100","3,6,7,9,28","20260801"
"condo for sale arlington va","T","48","170","16","","","0.44","0.57","117","28,11,35,28,3,11,15,44,11,23,18,15","7,9,28","20260801"
"condos for sale brookline ma","T","48","170","29","","","0.73","0.43","106","14,35,22,43,29,22,81,29,14,35,43,66","7,28","20260801"
"bunker hill towers dtla","N","48","140","16","","","0.65","0.24","156","43,28,21,34,43,53,43,53,34,100,65,53","3,7,9,28","20260801"
"bunker hill towers los angeles ca","N","48","140","16","","","0.65","0.24","153","43,28,21,34,43,53,43,53,34,100,65,53","3,7,9,28","20260801"
"falls church city condos","N","48","110","20","","","0.5","0.59","123","26,34,26,42,42,42,26,34,34,42,42,53","3,7,9,21,28","20260801"
"brookside condos for sale","T","48","90","12","","","0.33","0.1","112","64,100,78,64,50,50,28,78,28,78,78,78","6,9,28","20260801"
"bunker hill tower apartments los angeles","N","48","90","18","","","0.51","0.09","115","41,52,52,64,41,52,29,41,41,64,64,41","3,7,9,28","20260801"
"bunker hill towers downtown los angeles","N","48","90","17","","","0.66","0.11","160","21,34,28,28,43,34,34,28,21,53,34,43","3,6,7,9,21,28","20260801"
"condo homes for sale","T","48","90","16","","","0.86","0.51","163","7,7,9,9,7,11,7,9,7,9,14,11","9,15,21,28,50","20260801"
"condos north side","N","48","90","21","","","0.63","0.1","117","81,63,81,63,100,63,63,81,100,81,63,100","3,9,21,28","20260801"
"park highlander condos","C","48","90","6","","","0","0.06","109","42,42,42,26,34,26,34,26,42,34,34,42","1,9,13,28","20260801"
"park manor condos","N","48","90","8","","","0","0.05","115","50,35,50,64,50,78,64,50,50,64,100,100","3,9,28","20260801"
"queen anne condos","N","48","90","20","","","0.69","0.46","128","23,23,35,17,23,17,12,17,12,17,17,17","3,7,9,21,28","20260801"
"silver lake condos for sale","T","48","90","5","","","0.32","0.35","109","41,64,64,52,52,29,41,41,29,52,52,41","28","20260801"
"cherry hill nj condos","N","48","70","20","","","0.34","0.45","127","78,21,35,14,64,35,50,50,78,50,64,100","3,7,9,21,28","20260801"
"condo for sale in cherry hill nj","T","48","70","12","","","0.14","0.46","103","9,15,15,43,12,12,12,6,3,100,6,12","9,15,28","20260801"
"condos arlington va","N","48","70","21","","","0.66","0.47","122","0,11,11,21,14,9,3,1,2,14,2,3","3,7,9,13,14,15,28","20260801"
"luxury condos in los angeles ca","N","48","70","21","","","1.53","0.44","137","81,63,81,63,81,63,45,63,63,63,63,45","3,7,9,20,28","20260801"
"la luxury condos for sale","T","48","50","14","","","1.71","0.61","135","18,100,63,63,45,45,63,100,18,18,18,18","7,9,28","20260801"
"metro club condos","C","48","40","14","","","0.54","0.35","107","19,23,9,9,9,33,33,9,14,23,33,19","1,9,21,28","20260801"
"portofino waterfront residences","C","47","390","18","","","0.87","0.07","110","54,23,44,29,19,44,29,29,54,100,44,36","1,5,7,9,13,21,28","20260801"
"the arlington condos","N","47","260","14","","","1.1","0.11","111","29,18,66,14,54,66,81,81,81,100,100,100","3,7,9,28","20260801"
"the raintree condo","N","47","260","27","","","0.55","0.05","61","82,35,35,66,53,66,66,82,66,100,100,82","1,7,13,21,28","20260801"
"dtla condos for sale","T","47","210","21","","","0.43","0.49","114","19,19,15,44,29,9,36,36,29,44,44,44","9,28","20260801"
"bunker hill towers","N","47","170","19","","","0.65","0.24","65","14,17,17,21,14,17,17,17,14,14,21,26","3,7,13,21,28","20260801"
"condo house for sale","T","47","170","17","","","0.59","0.51","167","35,43,35,29,43,29,29,29,29,43,35,35","5,9,21,28,50","20260801"
"sky condos las vegas","N","47","170","24","","","0.63","0.24","65","43,66,29,54,35,66,35,14,14,35,10,10","1,7,9,13,20,28","20260801"
"condos and homes for sale","T","47","140","24","","","0.59","0.51","36300000","66,33,52,42,80,80,66,80,52,100,66,66","7,9,21,28,43,50","20260801"
"condos for sale in queen anne","T","47","140","9","","","0.38","0.37","144","53,34,26,42,53,53,53,53,53,80,100,65","9,21,28","20260801"
"condos for sale queen anne seattle","T","47","140","9","","","0.38","0.37","133","52,66,66,80,52,52,66,66,66,80,100,80","9,21,28","20260801"
"new condo for sale","T","47","140","0","","","1.14","0.35","157","5,10,10,10,13,10,10,8,6,10,8,8","7,9,28,50","20260801"
"trail walk condos","C","47","140","12","","","0.29","0.05","111","26,42,80,26,80,34,53,42,34,34,65,42","1,5,7,21,28","20260801"
"condo for sale in clifton nj","T","47","110","11","","","0.12","0.39","100","14,22,35,18,14,14,22,22,35,22,29,100","7,9,28","20260801"
"downtown la condos for sale","T","47","110","19","","","0.51","0.55","123","18,11,15,6,11,8,11,23,23,35,44,44","5,7,9,28","20260801"
"savoy park condo","C","47","110","16","","","0.28","0.03","50","53,42,34,53,65,34,34,42,34,34,34,42","1,7,21,28","20260801"
"the promenade condos","C","47","110","7","","","0.4","0.07","123","35,100,10,2,10,2,29,18,4,18,6,4","1,7,9,28","20260801"
"bunker hill tower la","N","47","90","12","","","0.51","0.09","134","100,50,64,78,64,35,50,50,35,50,50,14","6,7,9,28","20260801"
"highlands condos for sale","T","47","90","13","","","0.08","0.33","110","23,100,66,42,66,42,33,33,33,42,66,52","7,21,28","20260801"
"sky pointe apartments las vegas","C,T","47","90","18","","","1.89","0.53","108","33,33,52,23,52,33,42,42,66,52,80,52","1,6,7,21","20260801"
"skypoint apartments las vegas","N","47","90","27","","","1.66","0.5","131","100,50,50,78,78,50,64,64,50,78,78,64","3,7,9,28","20260801"
"spring tower lofts","C","47","90","17","","","0.53","0.27","105","14,78,78,78,64,78,50,50,50,50,64,50","1,5,7,9,13,21,28","20260801"
"the maple condo","C","47","90","3","","","0","0.04","162","11,64,64,64,64,64,11,64,41,64,82,64","1,7,9,13,20,28","20260801"
"arlington va condo","N","47","70","24","","","0.66","0.47","136","21,3,15,12,43,12,3,3,43,65,3,0","3,6,7,9,20,28","20260801"
"arlington va condos","N","47","70","24","","","0.66","0.47","117","100,33,9,4,4,33,42,4,4,66,4,4","3,6,7,9,21,28","20260801"
"briarwood condos for sale","T","47","70","3","","","0.17","0.27","110","64,64,50,35,50,64,35,35,14,78,14,14","9,28","20260801"
"condo for sale in arlington va","T","47","70","20","","","0.44","0.57","96","2,17,0,100,35,7,2,0,17,0,5,23","9,28","20260801"
"condos in clifton nj","N","47","70","20","","","0.18","0.37","115","33,52,52,33,33,33,23,23,33,23,42,23","3,7,9,21,28","20260801"
"marina city club apartments","C","47","70","12","","","0.51","0.32","117","21,21,28,15,21,15,21,28,21,28,28,28","1,6,7,9,13,21,28","20260801"
"skyview apartments flushing ny","N","47","70","19","","","0.58","0.13","110","63,81,81,81,63,63,81,63,45,63,63,45","3,6,7,9,13,28","20260801"
"the metro condos slc","N","47","70","18","","","0.95","0.1","109","42,26,3,26,3,11,3,100,34,15,15,7","3,9,28","20260801"
"winston churchill condos","C","47","70","14","","","0","0.05","61","33,23,23,23,33,42,42,42,33,42,52,33","7,9","20260801"
"condo on sale","T","47","50","24","","","0.33","0.38","225","26,19,100,3,0,7,3,19,3,19,11,3","21,28","20260801"
"parkwood creek condos","C","47","50","19","","","0.95","0.06","106","63,9,63,81,81,63,45,45,27,36,27,27","1,6,7,9,21,28","20260801"
"the clifton condos","N","47","40","10","","","0","0.04","109","78,50,0,0,0,35,0,35,0,28,35,28","1,7,9,13,28","20260801"
"savoy apartments los angeles","N","47","30","20","","","1.16","0.51","104","52,9,9,9,9,9,9,9,9,9,9,9","3,7,9,28","20260801"
"condos in arlington va","N","46","480","22","","","0.66","0.47","119","54,67,100,67,36,44,44,81,36,44,44,36","3,7,9,13,21,28","20260801"
"queen anne high school condos","C","46","320","18","","","0","0","133","65,7,7,4,7,4,2,2,3,1,3,3","1,7,9,21,28,36","20260801"
"what do a condo look like","C","46","210","18","","","0","0.01","181","54,23,18,23,28,44,1,44,35,66,66,54","9,13,20,21,28,43,50","20260801"
"queen anne condos for sale","T","46","170","9","","","0.38","0.37","115","53,65,65,80,80,65,53,53,65,80,100,80","9,21,28","20260801"
"sky las vegas condos for sale","T","46","170","9","","","0.51","0.35","146","28,28,35,53,35,100,43,53,28,53,53,43","1,6,7,9,21,28","20260801"
"what does a condo mean","C","46","170","27","","","0.08","0.01","170","44,100,8,5,3,23,35,35,3,1,3,6","6,9,20,21,28,36,50","20260801"
"10450 wilshire blvd","C,N","46","140","15","","","0.49","0.03","115","19,23,23,19,19,15,19,15,19,29,23,29","7,9,28","20260801"
"condos for sale in cherry hill","T","46","140","14","","","0.19","0.41","82","22,43,22,29,18,14,22,18,18,22,22,29","7,9,28","20260801"
"marina city apartments for sale","T","46","140","5","","","0.36","0.2","185","35,54,43,43,22,22,22,22,14,22,18,22","7,9,21,28","20260801"
"queen anne condos for sale seattle wa","T","46","140","15","","","0.44","0.34","132","26,26,65,34,65,53,53,53,65,80,100,100","9,21,28","20260801"
"glen ellyn raintree condo","C","46","110","18","","","0.15","0.03","103","78,78,78,50,100,100,100,100,50,100,100,100","1,7,21,28","20260801"
"condo building near me","T","46","90","27","","","1.27","0.41","188","33,42,52,33,33,23,19,23,100,42,33,33","3,7,9,21,28","20260801"
"condo for sale clifton nj","T","46","90","11","","","0.12","0.39","108","52,0,52,52,82,64,100,64,52,5,52,23","7,9,28","20260801"
"downtown condo for sale","T","46","90","18","","","0.35","0.49","119","12,17,28,17,28,43,28,28,7,12,10,10","7,9","20260801"
"fox meadow condos","N","46","90","9","","","0.26","0.03","120","52,64,64,41,52,64,52,52,64,52,64,64","7,9,28","20260801"
"luma lofts los angeles","N","46","90","2","","","1.47","0.08","108","5,17,17,2,12,10,10,10,100,35,43,7","7,9,28","20260801"
"luxury condos in los angeles","N","46","90","28","","","1.53","0.44","142","23,28,35,23,28,23,17,17,17,28,28,28","3,7,9,20,28","20260801"
"bunker hill tower","N","46","70","15","","","0.66","0.11","137","15,15,9,21,15,15,9,6,15,100,15,28","7,9,21,28","20260801"
"condos olympia wa","N","46","70","20","","","0.46","0.45","110","35,64,50,64,50,64,50,78,64,78,50,50","3,7,28","20260801"
"skyview apartments flushing","N","46","70","19","","","0.67","0.14","109","26,80,26,42,11,19,15,19,34,19,15,34","3,6,7,9,28","20260801"
"tall pines condos","C,N","46","70","20","","","0.78","0.05","112","41,52,41,41,29,29,23,41,41,41,41,29","1,28","20260801"
"top la condos","N","46","70","16","","","0","0.04","187","26,26,26,15,26,26,34,26,34,26,26,26","1,6,7,9,20,28","20260801"
"bunker hill towers downtown la","N","46","50","19","","","0.65","0.24","51","0,5,5,5,11,5,5,100,64,41,41,100","3,7,9,21,28","20260801"
"condo complex near me","T","46","50","24","","","1.03","0.41","44500000","1,6,5,9,6,1,2,2,23,19,1,19","3,7,9,21,28","20260801"
"lake marina towers","C","46","50","19","","","0.45","0.09","132","11,64,82,41,29,23,23,23,29,23,11,17","1,6,7,9,21,28","20260801"
"new condos in arlington va","N","46","50","0","","","1.66","0.53","129","35,35,35,35,50,14,28,14,14,28,14,14","9,20,28","20260801"
"one story condos for sale","C","46","50","10","","","0.4","0.49","132","18,100,81,63,63,81,81,27,63,18,27,63","9,21,28,50","20260801"
"waterside condos for sale","T","46","50","0","","","0.59","0.26","112","35,50,50,21,35,28,28,35,28,50,28,50","7,28","20260801"
"condos for sale in highlands","T","46","40","3","","","0.31","0.44","94","82,0,41,0,0,0,0,0,23,0,0,5","28","20260801"
"fox run condos for sale","T","46","40","6","","","0.37","0.08","108","0,0,4,0,0,0,0,0,0,0,0,0","7,28","20260801"
"parkside condos for sale","T","46","40","10","","","0.18","0.45","112","41,29,52,29,11,11,11,11,11,11,11,11","3,9,28","20260801"
"the hill condos","N","46","40","5","","","0","0.07","147","100,18,18,18,18,18,18,18,18,100,18,18","3,6,9,28","20260801"
"savoy apartments la","N","46","30","14","","","1.16","0.51","107","42,7,7,7,7,7,7,7,7,7,7,7","3,7,9,15,28","20260801"
"skye ridge apartments las vegas","I","46","30","22","","","1.96","0.34","133","11,11,11,11,11,11,11,11,11,11,11,11","1,6,9,28","20260801"
"condos for sale in arlington va","T","45","1000","12","","","0.5","0.55","95","52,100,68,68,52,46,52,37,25,37,37,31","7,9,28","20260801"
"arlington condos for sale","T","45","480","15","","","0.5","0.55","112","36,55,55,36,24,55,45,76,24,24,30,24","9,28","20260801"
"condos for sale arlington va","T","45","390","13","","","0.5","0.55","119","54,67,44,44,36,36,36,67,23,19,23,23","7,9,28","20260801"
"condos for sale in clifton nj","T","45","320","12","","","0.12","0.39","96","54,44,66,54,44,54,54,66,54,44,54,81","7,9,28","20260801"
"marina towers condos for sale","T","45","260","7","","","0.36","0.27","113","43,66,66,53,66,100,82,82,82,100,82,82","7,9,21,28","20260801"
"arlington va condos for sale","T","45","170","18","","","0.44","0.57","105","54,19,23,29,23,15,29,23,12,15,19,15","7,9,21,28","20260801"
"condos for sale olympia wa","T","45","170","14","","","0.35","0.57","20","29,19,23,29,23,19,15,36,29,19,23,36","13,28","20260801"
"olympia condos for sale","T","45","170","14","","","0.35","0.57","109","43,53,35,35,35,35,53,66,53,23,35,53","7,28","20260801"
"timber creek condos","N","45","170","7","","","0.46","0.05","135","21,53,65,28,43,43,65,53,53,100,53,65","3,9,28","20260801"
"801 s grand","C","45","140","19","","","1.05","0.06","111","28,23,23,23,15,18,15,18,15,35,15,23","1,7,9,13,28","20260801"
"clifton condos for sale","T","45","140","14","","","0.11","0.42","112","53,43,35,35,28,17,17,17,17,35,23,23","9,28","20260801"
"executive keys condos","I","45","140","29","","","0.89","0.47","105","10,14,29,18,29,18,18,22,14,66,29,43","1,6,7,9,21,28","20260801"
"marina towers chicago condos for sale","T","45","140","4","","","0.36","0.27","144","28,21,43,6,53,65,65,81,100,65,65,65","9,21,28","20260801"
"condos for sale clifton nj","T","45","110","14","","","0.12","0.39","20","34,43,34,28,34,34,28,34,100,0,12,21","7,21,28","20260801"
"condos for sale in westwood los angeles ca","T","45","110","13","","","0.56","0.33","107","81,34,34,43,53,21,21,34,21,53,21,15","7,9,28","20260801"
"condos for sale west los angeles","T","45","110","13","","","0.59","0.5","129","34,100,21,21,21,9,43,21,34,15,21,28","7,9,28","20260801"
"downtown apartments for sale","T","45","110","22","","","0.42","0.29","130","2,1,1,1,1,1,0,2,1,3,2,100","9,28","20260801"
"privately owned condos","N","45","110","17","","","0.84","0.07","126","33,42,52,42,42,33,52,52,66,80,100,100","3,9,21,28","20260801"
"clifton nj condos for sale","T","45","90","11","","","0.12","0.39","103","41,11,23,29,100,82,64,52,64,0,64,29","7,28","20260801"
"condo for sale arlington tx","T","45","90","19","","","0.47","0.55","20","41,64,100,52,64,52,64,41,41,52,64,64","28","20260801"
"condos for sale in olympia wa","T","45","90","13","","","0.35","0.57","114","66,52,42,52,9,33,33,23,33,42,52,33","7,15,28","20260801"
"downtown la apartments for sale","T","45","90","21","","","0.47","0.53","131","26,53,42,26,34,34,26,42,34,34,34,34","7,9,21,28","20260801"
"dtla apartments for sale","T","45","90","22","","","0.61","0.59","120","41,64,52,41,41,29,17,64,41,52,29,23","9,21,28","20260801"
"falls church gardens condo","C","45","90","19","","","1.54","0.04","117","41,29,64,29,64,52,41,41,41,52,64,64","1,7,9,13,21,28","20260801"
"pros cons condo living","C","45","90","28","","","0.07","0.09","128","41,41,52,52,52,64,64,52,41,52,52,64","6,7,9,20,21,28,43,50","20260801"
"what is meaning of condo","C","45","90","25","","","0.05","0.06","150","64,50,100,78,64,64,50,78,64,64,64,64","6,9,21,28,36,43,50","20260801"
"bunker hill los angeles apartments","C,T","45","70","29","","","0.95","0.31","140","14,0,35,100,0,50,35,100,100,78,100,14","1,7,9,21,28","20260801"
"condos in arlington","N","45","70","20","","","0.62","0.66","120","26,53,26,26,19,19,19,80,3,3,80,53","3,7,9,13,28","20260801"
"high rise condos los angeles","N","45","70","17","","","1.09","0.59","129","33,33,33,33,42,23,33,33,33,23,23,66","6,7,9,20,28","20260801"
"luxury condos for sale los angeles ca","T","45","70","23","","","1.06","0.42","141","18,100,63,63,45,45,63,100,18,18,18,18","7,9,28","20260801"
"luxury condos in la","N","45","70","27","","","1.32","0.47","134","21,78,50,35,78,50,35,35,50,28,50,78","3,6,7,9,20,21,28","20260801"
"marina city club sales and leasing","T","45","70","2","","","0","0.07","158","64,50,64,50,50,35,50,50,50,50,50,50","1,6,7,28","20260801"
"parkside condos bethesda md","T","45","70","23","","","0.52","0.21","45","45,45,63,63,45,45,63,63,63,63,81,81","1,6,7,28","20260801"
"single family condo","C","45","70","13","","","0.53","0.11","157","34,26,34,19,26,34,19,26,26,34,34,26","5,7,9,20,21,28,43,50","20260801"
"townhomes for sale cherry hill nj","T","45","70","13","","","0.28","0.53","117","0,100,100,63,45,63,100,27,9,36,45,63","9,28","20260801"
"what is the meaning of condo","C","45","70","24","","","0.09","0.08","150","100,100,18,18,100,18,18,100,100,100,81,63","6,7,9,21,28,36,50","20260801"
"why buy a condo","C","45","70","23","","","1.11","0.04","127","19,14,42,52,33,19,23,19,23,42,52,33","6,9,20,21,28,36,43,50","20260801"
"condos for sale bloomfield ct","T","45","50","10","","","0.2","0.27","104","23,52,33,33,23,19,23,33,23,23,23,100","7,21,28","20260801"
"condos for sale in highlands nj","T","45","50","15","","","0.08","0.33","105","100,55,55,33,77,55,33,77,77,77,77,77","21,28","20260801"
"new condo near me","T","45","40","4","","","1.17","0.63","161","6,5,5,3,3,3,3,3,11,15,15,15","3,7,9,21,28","20260801"
"pinnacle condos for sale","T","45","40","0","","","0.72","0.16","117","29,29,64,11,11,11,11,11,11,41,41,23","6,7,9,28","20260801"
"sky apartments las vegas","N","45","40","21","","","1.74","0.8","129","11,64,11,64,11,11,11,11,11,11,11,11","3,6,7,9,20,28","20260801"
"sky towers las vegas","C","45","40","27","","","0.61","0.14","148","3,26,11,19,7,11,7,3,0,19,53,7","1,6,7,9,21,28","20260801"
"luxury condos for sale los angeles","T","45","30","16","","","1.71","0.61","135","60,80,60,60,60,60,60,80,60,60,60,60","7,9,28","20260801"
"bunker hill apartments los angeles ca","C","44","390","24","","","0.95","0.32","142","36,10,10,30,5,16,36,36,30,45,45,36","1,6,7,9,21,28","20260801"
"do you own a condo","C","44","320","25","","","0","0.33","160","81,81,66,66,66,81,66,81,66,66,81,43","6,7,9,20,21,28,43,50","20260801"
"what is condo house","C","44","320","28","","","0.1","0.03","20","67,67,44,19,12,67,12,12,12,12,12,12","5,6,9,21,28,50","20260801"
"condos for sale in arlington tx","T","44","260","25","","","0.47","0.55","109","26,32,32,21,21,26,26,32,26,21,32,21","21,28","20260801"
"what is a condo house","C","44","260","22","","","0.08","0.03","176","81,10,10,100,35,10,8,66,66,81,100,81","6,9,20,21,28,50","20260801"
"801 s grand ave","C","44","210","18","","","1.05","0.06","110","16,10,16,10,10,10,24,24,8,20,13,20","1,7,9,13,28","20260801"
"condo apt for sale","T","44","210","29","","","0.4","0.42","155","35,66,35,43,43,29,54,43,43,66,54,66","9,21,28","20260801"
"condos for sale in falls church va","T","44","210","20","","","0.29","0.54","106","28,44,35,54,44,28,28,44,35,44,35,44","7,9,15,21,28","20260801"
"west bloomfield condos for sale","T","44","210","28","","","0.38","0.45","96","43,82,66,53,23,100,43,82,66,53,53,82","21,28","20260801"
"bunker hill apartments los angeles","C","44","170","29","","","0.95","0.32","89","22,35,35,43,35,43,35,43,35,35,54,81","1,7,9,21,28","20260801"
"condo prices near me","T","44","170","24","","","0.35","0.53","135","35,43,53,35,35,35,35,53,35,43,43,43","9,15,21,28,49,50","20260801"
"condos for sale in bloomfield ct","T","44","170","14","","","0.12","0.3","105","81,53,53,53,43,65,34,43,43,43,53,81","7,28","20260801"
"pros cons buying condo","C","44","170","28","","","0.1","0.1","134","100,34,34,81,65,15,21,81,65,100,34,6","6,9,21,28,43,50","20260801"
"the landing condos","N","44","170","5","","","0.49","0.11","115","80,80,80,53,53,42,42,53,65,80,65,80","3,7,9,28","20260801"
"10750 wilshire blvd","N","44","140","12","","","1.12","0.02","112","15,19,12,12,15,19,29,23,15,19,23,23","7,9,13,28","20260801"
"801 s grand ave los angeles ca 90017","C","44","140","14","","","0","0.17","108","34,43,53,65,53,53,43,43,43,53,53,65","7,9,28","20260801"
"buy condo downtown","C","44","140","24","","","0.48","0.54","120","52,66,33,52,80,100,66,100,80,80,100,80","9,28","20260801"
"luma condos seattle","C","44","140","3","","","2.34","0.18","107","82,82,82,82,82,64,64,100,64,100,82,82","1,7,9,13,21,28","20260801"
"the metropolis lofts","C","44","140","16","","","0.79","0.04","54","82,82,64,64,82,100,100,82,64,82,100,100","1,6,13,21,28","20260801"
"cherry hill townhomes for sale","T","44","110","13","","","0.28","0.53","114","34,65,42,34,53,42,42,53,42,53,53,65","9,28","20260801"
"falls station condo","C,T","44","110","24","","","2.37","0.07","107","52,42,33,52,52,42,52,66,52,66,100,66","1,7,9,21,28","20260801"
"buying a condo pros and cons","C","44","90","19","","","0.1","0.1","146","0,2,2,3,3,3,2,2,1,0,1,100","6,7,9,21,28,43","20260801"
"condo for sale cherry hill nj","T","44","90","13","","","0.14","0.46","114","8,14,100,14,14,10,14,14,6,14,10,14","9,28","20260801"
"luxury condos los angeles","N","44","90","25","","","1.7","0.57","133","11,18,15,11,18,18,15,15,8,18,15,8","3,6,7,9,28","20260801"
"maple towers westbury","C","44","90","20","","","0","0.04","106","50,50,64,50,50,50,50,78,64,100,64,78","1,7,9,21,28","20260801"
"metropolis tower 1","C","44","90","14","","","1.56","0.11","110","2,2,100,2,2,2,2,2,2,2,2,2","1,7,9,13,21,28","20260801"
"condos arlington tx","N","44","70","29","","","0.62","0.66","109","45,63,27,45,36,100,45,45,45,81,63,45","3,7,9,28","20260801"
"condos for sale olympia","T","44","70","13","","","0.35","0.57","109","50,28,35,35,50,64,50,50,64,78,100,50","7,28","20260801"
"free standing condo","C","44","70","5","","","0.35","0.12","208","78,78,64,50,50,35,35,14,14,14,64,64","5,7,9,21,28,43,50","20260801"
"la high rise condos","T","44","70","24","","","1.09","0.59","129","21,15,21,21,21,12,15,28,21,15,21,21","3,6,7,9,20,21,28,43","20260801"
"la luxury condos","N","44","70","22","","","1.53","0.44","132","50,35,100,35,50,50,50,64,50,64,64,78","3,7,9,13,20,28","20260801"
"living in a condo","C","44","70","13","","","0.3","0.09","122","23,66,33,52,33,19,19,14,33,66,14,23","6,7,9,21,28,43,50","20260801"
"lofts for sale downtown","T","44","70","6","","","0.54","0.47","127","35,35,64,50,50,50,64,100,35,64,64,64","9,28","20260801"
"sky at bunker hill","I","44","70","29","","","0.5","0.17","104","9,15,12,15,6,53,15,15,28,34,34,34","1,6,7,9,21,28","20260801"
"condo in arlington tx","N","44","50","28","","","0.62","0.66","107","14,50,21,21,35,35,35,50,50,64,64,35","3,7,9,28","20260801"
"condos for sale in briarwood queens","T","44","50","12","","","0.17","0.27","108","63,63,63,45,63,45,45,45,18,100,18,18","28","20260801"
"luxury apartments for sale in los angeles","T","44","50","21","","","1.21","0.24","150","19,42,33,14,14,23,33,23,23,19,19,14","7,9,28","20260801"
"marina city club promenade apartments","C","44","50","11","","","0.45","0.29","111","77,77,100,55,55,55,55,22,22,22,22,22","1,7,9,21","20260801"
"quad cities condos","N","44","50","20","","","0.33","0.52","113","15,26,19,7,19,19,26,15,19,34,26,26","3,9,28","20260801"
"the skyview clearwater florida","C","44","50","6","","","0.74","0.14","111","64,11,64,11,11,11,11,11,11,64,64,11","1,5,7,9,13,21,28","20260801"
"wht is a condo","C","44","50","25","","","0.09","0.03","129","100,0,2,0,0,0,4,2,2,2,2,2","5,9,20,21,28,36,50","20260801"
"condos for sale in lakeside ca","T","44","40","12","","","0.2","0.43","96","78,14,14,14,14,14,14,14,14,14,14,28","9,28","20260801"
"cost of a condo","C","44","40","29","","","0.32","0.11","137","22,44,33,44,100,33,33,22,77,22,22,44","9,15,20,21,28,43,50","20260801"
"what is the meaning of condos","C","44","40","19","","","0.09","0.13","152","14,22,0,0,4,0,0,10,22,4,0,0","6,7,9,21,28,36,43,50","20260801"
"what is an condo","C","43","6600","23","","","0.11","0.03","128","29,36,36,10,24,13,24,36,24,29,36,44","9,20,21,28,50","20260801"
"promenade towers apartments","I","43","1300","26","","","0.47","0.33","106","54,79,100,66,66,36,54,20,3,5,4,7","1,6,7,9,28","20260801"
"condo or house","N","43","1000","26","","","0.11","0.01","134","20,16,54,20,41,41,24,41,41,66,41,79","6,9,21,28,43","20260801"
"metropolis downtown la","C","43","880","20","","","1.06","0.09","108","52,37,16,68,37,37,37,46,31,100,52,52","1,6,7,9,13,21,28","20260801"
"sky view parc","N","43","720","21","","","0.55","0.07","58","55,36,36,30,36,45,45,36,45,45,45,55","3,7,9,13,28","20260801"
"condos and townhomes","N","43","590","15","","","0.62","0.21","154","21,59,32,32,59,32,48,88,72,100,88,72","3,6,7,9,21,28,50","20260801"
"metropolis towers apartments","C,T","43","590","24","","","1.61","0.09","105","25,13,37,37,37,13,13,52,8,52,16,100","1,5,6,7,9,13,21,28","20260801"
"condo or townhouse","C","43","390","25","","","0.11","0.14","120","66,66,81,81,44,44,44,44,54,81,66,35","6,7,9,21,28,50","20260801"
"2 bedroom condo for sale near me","T","43","320","16","","","0.31","0.61","187","26,48,26,17,26,21,21,32,100,26,21,39","15,21,28,50","20260801"
"downtown condos for sale","T","43","320","24","","","0.47","0.57","126","36,54,44,54,54,44,44,36,36,54,29,44","9,28","20260801"
"what does a condo look like","C","43","320","29","","","0","0.01","155","66,66,54,54,54,54,43,81,54,81,81,100","6,9,13,20,21,28","20260801"
"4 bedroom condo","C","43","260","15","","","0.62","0.27","158","43,54,54,35,35,54,43,54,54,100,66,66","3,5,9,13,21,28,50","20260801"
"bloomfield condos for sale","T","43","260","10","","","0.15","0.34","109","81,81,81,81,65,81,81,65,65,81,81,81","9,28","20260801"
"condos for sale in bloomfield nj","T","43","260","22","","","0.15","0.3","127","81,81,81,65,65,81,81,65,65,81,81,81","28","20260801"
"801 south grand","C","43","210","21","","","0.8","0.05","110","54,23,23,44,81,3,23,11,15,35,11,3","1,7,9,13,21,28","20260801"
"condo sales near me","T","43","210","26","","","0.27","0.58","135","0,3,0,0,1,0,7,1,0,0,0,4","9,15,21,28,50","20260801"
"condos in arlington tx","N","43","210","29","","","0.62","0.66","108","53,53,43,53,43,53,43,53,53,66,53,53","3,7,9,28","20260801"
"promenade towers bethesda","I","43","210","18","","","1.11","0.28","108","81,65,53,53,65,53,81,81,65,65,65,65","1,6,7,9,13,21,28","20260801"
"pros and cons about buying a condo","T","43","210","27","","","0.1","0.1","159","65,65,43,81,65,53,81,65,43,81,65,65","6,7,9,21,28,43","20260801"
"889 francisco street los angeles","N","43","170","13","","","0.67","0.03","41","53,53,21,43,53,43,43,53,100,100,81,81","13,21,28","20260801"
"condo or apartment","C","43","170","12","","","0.51","0.04","130","35,54,28,35,23,35,18,28,23,23,23,100","6,9,21,28,43,50","20260801"
"owning a condo","C","43","170","26","","","0.86","0.14","128","5,7,7,4,4,5,4,5,11,5,5,100","5,9,20,21,28,43,50","20260801"
"what's a condo house","C","43","170","27","","","0.08","0.03","170","22,22,22,22,29,0,29,66,66,100,100,66","6,9,20,21,28,50","20260801"
"6300 stevenson avenue alexandria va","C","43","140","19","","","0","0.04","110","66,42,80,52,66,66,80,66,52,100,80,66","7,21,28","20260801"
"condos for sale bloomfield nj","T","43","140","22","","","0.15","0.3","109","19,65,42,42,100,53,65,53,65,15,53,53","28","20260801"
"how does condo ownership work","C","43","140","22","","","0.15","0.07","153","64,100,82,82,82,82,82,100,64,64,100,100","6,9,20,21,28,43","20260801"
"what is considered a condo","C","43","140","19","","","0.1","0.06","183","64,52,64,52,64,64,64,82,82,100,100,100","6,9,20,21,28,43,50","20260801"
"apartment and condo building","C","43","110","22","","","0","0.04","161","53,28,21,21,21,21,21,15,21,21,21,21","3,6,9,21,28,43","20260801"
"condos for sale downtown","T","43","110","15","","","0.32","0.57","124","17,53,35,17,35,35,35,10,17,17,28,53","9,28","20260801"
"condos for sale in west bloomfield hills mi","T","43","110","24","","","0.38","0.45","106","81,14,22,18,22,10,14,10,10,22,8,6","9,14,15,28","20260801"
"nola sky apartments","C","43","110","13","","","1.6","0.47","105","18,8,11,8,11,18,23,18,18,28,44,44","1,6,7,9,28","20260801"
"pros and cons of condo living","C","43","110","26","","","0.07","0.1","150","52,52,42,42,52,52,52,52,52,52,52,52","6,7,9,20,21,28,43,50","20260801"
"pros and cons of condo ownership","C","43","110","27","","","0.06","0.11","159","64,52,52,52,41,52,41,100,52,64,64,100","6,7,9,20,21,28,43,50","20260801"
"the promenade towers","I","43","110","19","","","1.23","0.35","125","64,78,78,78,78,100,78,100,64,64,64,64","7,9,13,28","20260801"
"what does condos look like","C","43","110","20","","","0","0.01","172","11,15,15,11,15,18,0,18,15,28,28,23","9,20,21,28,43,50","20260801"
"big turtle condos","C","43","90","14","","","0.52","0.19","162","53,42,34,34,26,34,34,26,26,19,26,34","1,5,13,28","20260801"
"condo ownership pros and cons","C","43","90","25","","","0.07","0.2","151","78,21,64,7,50,64,35,100,64,100,100,100","6,7,9,21,28,50","20260801"
"pro and con of buying a condo","T","43","90","21","","","0.06","0.13","158","43,17,12,23,12,43,7,43,5,12,23,23","6,9,15,21,28,43,50","20260801"
"raintree culver city","C,N","43","90","13","","","0.33","0.06","105","41,52,64,52,52,52,52,41,41,52,100,64","7,9,13,28","20260801"
"westford condos for sale","T","43","90","12","","","0.09","0.28","111","64,64,64,52,82,29,29,41,29,41,41,23","7,28","20260801"
"what a condo","C","43","90","27","","","0.09","0.02","135","4,1,81,0,0,15,1,1,36,1,1,4","5,9,20,21,28,36,50","20260801"
"100 s alameda st los angeles ca 90012","N","43","70","10","","","1.17","0.08","107","10,14,10,18,14,14,14,14,18,22,22,18","7,28","20260801"
"100 south alameda street","N","43","70","14","","","0.68","0.03","93","4,2,0,4,3,3,2,3,2,2,5,5","7,28","20260801"
"clifton apartments for sale","T","43","70","11","","","0.13","0.3","131","41,52,41,41,52,29,29,41,41,41,17,41","9,28","20260801"
"condo for sale qc","T","43","70","6","","","0.38","0.12","143","36,45,63,63,63,45,63,81,45,63,63,63","9,21,28","20260801"
"condos arlington ma","N","43","70","17","","","0.15","0.53","105","41,64,64,41,52,29,23,29,64,52,41,41","3,7,28","20260801"
"condos for sale arlington tx","T","43","70","21","","","0.47","0.55","106","19,42,19,34,26,26,34,53,3,7,11,7","28","20260801"
"highlands nj condos for sale","T","43","70","13","","","0.08","0.33","102","100,77,55,55,77,55,33,100,55,44,77,77","28","20260801"
"raintree circle culver city","C","43","70","15","","","0.33","0.06","107","63,63,81,63,63,63,81,63,63,81,100,100","7,9,13,28","20260801"
"raintree circle culver city ca","N","43","70","14","","","0.33","0.06","113","50,28,50,50,50,50,50,50,50,64,100,50","7,9,28","20260801"
"sky lofts atlanta","C","43","70","22","","","0.77","0.16","112","22,22,22,14,8,10,6,4,4,10,22,4","1,7,9,21,28","20260801"
"801 s grand los angeles","C","43","50","12","","","1.05","0.06","110","11,26,15,3,26,15,3,34,15,34,34,53","7,9,28","20260801"
"advantages of condo living","C,N","43","50","12","","","0.08","0.07","125","100,100,45,18,45,45,36,18,18,18,18,18","6,9,20,21,28,43,50","20260801"
"condos for sale in westford ma","T","43","50","10","","","0.09","0.28","121","55,77,44,77,44,55,33,55,44,55,100,44","7,9,28","20260801"
"condos for sale west bloomfield mi","T","43","50","23","","","0.38","0.45","108","14,80,52,33,33,42,23,4,4,14,14,23","28","20260801"
"fairways condos for sale","T","43","50","0","","","0.58","0.12","111","14,21,28,78,28,35,28,35,28,50,35,50","9,28","20260801"
"horizon condo daytona","C","43","50","2","","","1.11","0.44","36","78,35,14,35,28,35,0,50,50,50,50,14","1,7,28","20260801"
"parkside condo bethesda","C","43","50","18","","","0.51","0.14","106","100,36,63,36,36,27,36,63,45,27,9,45","1,7,21,28","20260801"
"the skyview clearwater","C","43","50","7","","","0.74","0.14","112","42,7,65,7,7,7,7,7,7,42,42,15","1,5,7,9,13,21,28","20260801"
"apartments for sale arlington va","T","43","40","19","","","0.5","0.52","112","26,26,15,26,15,19,19,3,3,3,80,19","7,9,13,28","20260801"
"condo living pros and cons","C","43","40","26","","","0.07","0.09","146","36,27,18,36,18,9,18,36,36,36,45,36","6,7,9,20,21,28,43,50","20260801"
"falls church city condos for sale","T","43","40","16","","","0.29","0.54","129","17,29,52,0,29,5,23,41,11,17,100,5","6,9,21","20260801"
"shadowood condos reston","T","43","30","13","","","1.59","0.07","102","42,7,7,7,7,7,7,7,7,7,7,7","1,7,21,28","20260801"
"sky las vegas nv","C","42","880","25","","","0.83","0.22","126","84,4,25,68,68,37,25,25,20,25,31,20","1,6,7,9,21,28","20260801"
"2 br condo for sale","C","42","590","16","","","0.3","0.34","10","26,88,48,88,59,39,48,100,39,88,72,88","9,15,28,49,50","20260801"
"pros and cons of buying a condo","C","42","480","28","","","0.1","0.1","161","66,44,54,66,81,66,81,81,81,100,100,81","6,7,9,21,28,36,43","20260801"
"waterview condo association","N","42","480","7","","","0","0.03","108","23,15,81,23,29,10,10,100,81,100,54,5","3,6,7,9,13,28","20260801"
"801 south grand avenue los angeles","C","42","320","10","","","1.05","0.06","110","54,23,23,44,81,66,66,54,54,100,81,81","7,9,28","20260801"
"can you own a condo","C","42","320","24","","","0","0.33","179","54,100,66,54,54,66,66,81,66,66,66,66","6,7,9,20,21,28,43,50","20260801"
"condo or home","C,N","42","320","22","","","0.11","0.01","123","11,39,11,11,32,48,39,21,0,39,39,1","6,9,20,21,28,36,43","20260801"
"condo or townhouse for sale","T","42","320","16","","","0.5","0.52","221","30,30,55,76,20,8,5,6,8,20,6,6","9,21,28,50","20260801"
"condo and townhouse","C","42","260","21","","","0.38","0.17","120","4,4,4,5,3,5,4,3,13,79,16,100","6,7,9,20,21,28,50","20260801"
"marina towers for sale","T","42","260","10","","","0.28","0.18","168","54,36,23,36,15,29,19,15,15,29,15,19","1,9,21,28","20260801"
"889 francisco st los angeles","N","42","210","10","","","0.67","0.03","107","53,100,21,81,53,53,43,53,100,100,81,81","7,28","20260801"
"four bedroom condo","N","42","210","10","","","0.66","0.36","193","53,43,34,43,53,81,53,81,65,100,100,65","3,5,7,9,13,21,28","20260801"
"townhome or condo","C","42","210","27","","","0.15","0.14","119","15,23,3,29,19,19,36,19,15,44,29,29","6,9,20,21,28,36,50","20260801"
"2170 century park east","N","42","170","15","","","0.71","0.04","108","23,23,29,23,15,15,23,19,19,29,23,29","7,9,13,28","20260801"
"townhome condo for sale","T","42","170","20","","","0.5","0.52","157","6,12,19,29,29,23,19,23,23,36,36,54","9,21,28","20260801"
"1100 s hope st 90015","C","42","140","12","","","0.93","0.04","109","66,66,33,100,66,80,33,100,66,100,66,66","7,28","20260801"
"312 w 5th los angeles","C","42","140","15","","","0.89","0.07","34","43,43,34,43,43,43,34,43,43,81,65,65","7,9,28","20260801"
"312 west 5th street los angeles","C","42","140","9","","","0.59","0.1","106","53,53,42,53,42,34,53,53,42,100,80,80","7,28","20260801"
"800 w 1st st","C","42","140","15","","","0","0.05","109","15,12,15,23,19,12,23,10,19,12,12,29","7,28","20260801"
"condo townhouses for sale near me","T","42","140","16","","","0.41","0.59","189","6,21,28,43,28,34,34,43,43,81,81,100","15,21,28,49,50","20260801"
"is a condo a house","C","42","140","12","","","0","0.33","172","52,52,66,66,52,52,80,66,80,80,100,80","6,9,20,21,28,36,43,50","20260801"
"promenade loft apartments","N","42","140","20","","","0.57","0.54","121","80,42,33,52,66,66,80,66,33,80,52,52","3,7,9,28","20260801"
"trail walk condos kenmore","C","42","140","11","","","0.32","0.06","164","42,42,42,53,65,26,26,100,65,80,26,15","1,21,28","20260801"
"10750 wilshire blvd los angeles","N","42","110","15","","","1.12","0.02","35","64,52,52,52,64,64,82,100,64,82,82,82","7,28","20260801"
"3030 mckinney ave dallas tx","C","42","110","14","","","0.8","0.07","116","80,66,33,52,33,23,80,52,52,42,100,23","7,9,28","20260801"
"312 w 5th st los angeles ca 90013","C","42","110","13","","","1.3","0.08","105","23,35,28,35,28,23,23,23,28,43,43,53","7,28","20260801"
"801 south grand los angeles ca","C","42","110","13","","","1.05","0.06","","3,23,1,0,3,8,3,15,54,18,44,28","7,28","20260801"
"condo and townhouses for sale near me","T","42","110","28","","","0.37","0.65","209","34,11,42,26,42,42,42,53,53,53,53,53","9,15,28,50","20260801"
"condo v house","C,N","42","110","13","","","0.13","0.01","123","0,0,0,0,54,0,0,0,15,0,0,1","5,6,9,13,20,21,28,36,43,50","20260801"
"condos near me with pool","T","42","110","8","","","0.48","0.45","55300000","65,53,42,34,34,34,26,26,53,42,34,26","3,7,9,28","20260801"
"falls church condos for sale","T","42","110","15","","","0.29","0.54","113","35,35,2,14,22,18,18,29,0,18,35,29","9,15,28","20260801"
"pros and cons of a condo","C","42","110","27","","","0.07","0.09","156","34,28,34,28,43,53,28,34,21,34,43,43","6,7,9,20,21,28,43,50","20260801"
"sky on the strip","N","42","110","16","","","0.83","0.22","125","13,10,16,10,10,5,6,5,5,6,5,3","1,5,6,7,9,20,21,28","20260801"
"small condos for sale","T","42","110","25","","","0.35","0.38","35600000","52,82,82,64,82,64,64,52,64,64,82,64","9,21,28","20260801"
"what are condos apartments","C","42","110","27","","","0","0.03","130","100,80,52,66,42,52,42,42,52,33,33,33","6,9,20,21,28,36","20260801"
"10380 wilshire blvd los angeles ca","C,N","42","90","14","","","0","0.01","24","35,50,64,64,78,78,64,78,50,64,50,64","28","20260801"
"are condos apartments","C","42","90","24","","","0","0.33","133","17,23,23,23,17,17,17,17,23,23,23,28","6,7,9,20,21,28,36,43,50","20260801"
"condo in qc","N","42","90","17","","","0.38","0.11","136","64,64,41,41,41,100,52,64,41,41,41,52","3,7,9,13,21,28","20260801"
"condo vs single family house","C,N","42","90","23","","","0","0.33","122","52,82,41,52,52,52,41,52,52,64,41,41","6,7,9,20,21,28,43","20260801"
"condos pros and cons","C","42","90","22","","","0.07","0.09","130","23,23,41,17,64,100,41,64,100,82,52,52","6,7,9,20,21,28,43,50","20260801"
"lakeside condos for sale","T","42","90","14","","","0.47","0.24","115","52,66,66,52,42,33,33,33,42,42,52,66","9,28","20260801"
"maple towers westbury ny","C","42","90","19","","","0","0.04","108","26,19,26,26,42,26,53,42,42,53,42,42","1,21,28","20260801"
"pros and cons of buying condo","C","42","90","23","","","0.1","0.1","41","82,23,17,17,12,28,10,35,7,10,17,17","6,21,28","20260801"
"pros and cons of condo","C","42","90","28","","","0.11","0.07","160","29,82,41,29,52,82,41,52,52,52,100,64","6,7,9,21,28,50","20260801"
"whats is a condo","C","42","90","17","","","0.11","0.03","133","0,0,1,54,11,0,0,1,1,0,0,0","9,21,28,50","20260801"
"801 south grand avenue los angeles ca","N","42","70","12","","","0","0.23","","33,33,0,33,42,33,42,42,52,66,52,33","7,9,28","20260801"
"condo for sale in arlington ma","T","42","70","15","","","0.12","0.4","104","63,81,45,45,63,63,36,63,27,81,100,81","7,9,21,28","20260801"
"condo for sale olympia wa","T","42","70","13","","","0.35","0.57","109","29,41,64,52,41,29,64,29,41,41,52,29","7,28","20260801"
"condos in westford ma","N","42","70","6","","","0.25","0.16","110","52,41,41,41,41,41,41,52,41,64,52,100","3,7,9,28","20260801"
"desert sky apartments vegas","I","42","70","23","","","1.52","0.52","104","41,41,41,29,23,41,29,41,29,41,41,41","1,6,7,21,28","20260801"
"meaning of condo house","C","42","70","21","","","0.07","0.02","127","82,64,41,52,41,41,0,52,5,5,5,41","5,6,9,20,21,28,36,43,50","20260801"
"pros of buying a condo","C","42","70","16","","","0.3","0.17","159","63,81,81,81,100,63,63,63,63,63,100,100","6,9,20,21,28,43,50","20260801"
"savoy condo naples","C","42","70","5","","","1.49","0.31","107","27,63,45,45,63,45,63,63,63,100,63,18","1,6,7,9,21,28","20260801"
"sky lofts atlanta ga","C","42","70","22","","","0.77","0.16","113","100,100,100,63,18,18,18,18,18,18,100,18","1,7,9,21,28","20260801"
"two bedroom condo for sale near me","T","42","70","12","","","0.3","0.62","198","23,42,19,19,33,33,23,33,23,33,42,33","28,50","20260801"
"100 south alameda street los angeles ca","N","42","50","13","","","0","0.08","104","18,100,100,18,18,18,18,18,18,100,100,18","7,28","20260801"
"7121 park heights ave","C","42","50","14","","","0.63","0.05","108","11,65,7,7,7,7,7,7,7,15,19,7","7,28","20260801"
"801 south grand ave","C","42","50","12","","","0.8","0.05","107","0,12,0,5,0,0,6,2,1,9,6,15","1,9,21,28","20260801"
"apartment or condo","C","42","50","15","","","0.7","0.19","133","19,42,34,26,26,15,7,15,26,7,11,26","6,9,21,28,43,50","20260801"
"condos and townhouses for sale","T","42","50","8","","","0.5","0.52","212","0,26,3,7,7,19,11,11,34,65,42,42","9,28,49,50","20260801"
"condos in arlington ma","N","42","50","20","","","0.15","0.53","111","55,55,44,77,55,55,44,77,100,55,100,55","3,7,9,28","20260801"
"house or condo","C,N","42","50","28","","","0.6","0.06","95","9,42,14,52,9,9,9,9,9,23,52,33","9,21,28,50","20260801"
"how much does it cost to buy a condo","C","42","50","18","","","0.72","0.2","165","41,52,41,41,52,11,11,64,11,11,11,82","6,9,15,21,28,43,50","20260801"
"100 s alameda los angeles","N","42","40","13","","","0","0.13","106","11,64,64,11,11,11,11,11,11,64,64,11","7,28","20260801"
"4 bedroom condo for sale near me","T","42","40","7","","","0.43","0.67","161","28,35,35,21,35,35,14,78,14,35,14,14","7,14,15,21,28,50","20260801"
"condo and townhouse for sale near me","T","42","40","20","","","0.39","0.7","186","42,71,42,57,42,28,28,71,71,57,71,57","3,9,28,50","20260801"
"condos for sale falls church va","T","42","40","10","","","0.35","0.55","112","9,9,42,42,19,23,23,0,4,4,19,14","7,9,28","20260801"
"condos or townhomes for sale","T","42","40","0","","","0.56","0.61","225","64,11,11,11,11,11,11,11,11,64,64,82","9,14,21,28,49,50","20260801"
"define a condo","C","42","40","13","","","0.1","0.02","130","0,0,0,0,2,43,0,35,4,2,4,4","6,9,20,21,28,36,50","20260801"
"monarch condos wildwood nj","C","42","40","4","","","0.84","0.5","109","14,78,78,14,14,14,14,14,14,14,21,14","1,7,9,13,14,21,28","20260801"
"pros and cons of living in a condo","C","42","40","29","","","0.07","0.1","160","29,11,17,17,29,11,17,23,17,29,11,29","6,7,9,21,28,43,50","20260801"
"2 bedroom condo for sale","T","41","1300","19","","","0.35","0.48","3","41,66,54,41,41,41,24,41,41,79,54,66","5,21,28,43","20260801"
"two bedroom condo for sale","T","41","1000","18","","","0.35","0.48","159","46,52,52,46,46,52,52,52,52,100,84,68","21,28","20260801"
"condo vs townhome","C,N","41","880","22","","","0.09","0.16","117","45,45,100,45,45,62,55,45,45,36,55,45","6,7,9,21,28,41,43,50","20260801"
"3 bedroom condo for sale","T","41","720","17","","","0.43","0.57","193","36,36,45,45,45,36,30,62,62,81,55,55","7,9,28,50","20260801"
"townhouse or condo","C","41","720","29","","","0.09","0.16","127","44,2,2,2,5,1,1,2,1,1,2,1","6,7,9,21,28,36,43,50","20260801"
"1 bedroom condo for sale near me","T","41","590","18","","","0.25","0.55","191","30,36,30,30,30,67,100,100,30,30,30,36","15,21,28,50","20260801"
"312 w 5th st","C","41","390","16","","","0.89","0.07","106","24,36,24,36,16,20,16,30,30,36,45,36","7,28","20260801"
"312 5th street los angeles","C","41","320","15","","","0.89","0.07","113","54,23,23,44,28,35,44,54,54,81,100,66","7,9,28","20260801"
"spring street lofts","C","41","320","18","","","0.58","0.1","115","54,66,66,100,54,54,44,54,35,35,35,54","1,7,9,21,28","20260801"
"312 w 5th street los angeles","C","41","260","14","","","0.89","0.07","108","35,54,43,54,35,35,43,54,43,81,100,81","7,9,28","20260801"
"801 south grand avenue","C","41","260","14","","","1.05","0.06","111","7,21,14,32,48,39,14,14,14,26,48,26","7,9,13,28","20260801"
"889 francisco st","C,N","41","260","15","","","0.67","0.03","107","16,20,13,13,20,8,10,10,20,24,16,20","9,13,28","20260801"
"promenade towers bethesda md","I","41","260","18","","","1.17","0.3","106","81,65,81,81,81,53,81,81,81,81,81,81","1,6,7,9,21,28","20260801"
"is a condo a townhouse","C","41","210","25","","","0.1","0.04","150","35,43,53,35,35,35,82,53,28,53,53,43","6,7,9,20,21,28,50","20260801"
"1100 s hope st los angeles 90015","C","41","170","14","","","0.93","0.04","112","53,53,26,42,53,65,53,80,53,80,100,80","7,28","20260801"
"arlington apartments for sale","T","41","170","15","","","0.47","0.41","109","15,35,15,15,23,18,18,23,18,100,18,23","7,9,28","20260801"
"buy apartment in downtown","T","41","170","20","","","0.42","0.29","123","80,66,66,80,66,80,80,80,66,66,80,80","9,28,43","20260801"
"downtown los angeles metropolis","C","41","170","20","","","1.47","0.31","127","65,53,26,53,53,80,65,100,65,80,100,80","1,6,7,9,13,21,28","20260801"
"house and condo","C,N","41","170","12","","","1.02","0.14","109","9,32,11,7,17,21,14,17,17,21,26,21","3,5,9,20,21,28,43,50","20260801"
"la tour condo miami beach","C","41","170","4","","","1.55","0.03","113","53,15,81,21,81,81,100,34,34,53,28,43","1,7,9,13,21,28","20260801"
"2 bed condo for sale","T","41","140","14","","","0.48","0.57","188","29,35,35,29,18,22,29,29,22,22,29,29","7,28,50","20260801"
"condos for sale westford ma","T","41","140","11","","","0.14","0.28","106","53,53,100,65,53,42,42,42,34,34,53,42","7,28","20260801"
"10750 wilshire blvd los angeles ca","N","41","110","11","","","1.12","0.02","114","64,52,52,52,64,64,82,100,64,82,82,82","7,9,28","20260801"
"801 s grand ave 90017","C","41","110","12","","","0","0.17","110","35,64,100,78,100,78,100,50,64,78,78,78","7,9,28","20260801"
"condos or townhomes","N","41","110","5","","","0.44","0.19","134","66,100,80,42,19,42,33,52,33,52,52,9","6,7,9,20,21,28,50","20260801"
"condos vs houses","C,N","41","110","19","","","0.11","0.01","127","10,18,18,22,35,18,22,14,18,35,29,43","5,6,7,9,20,21,28,36,43,50","20260801"
"how big is a condo","C","41","110","10","","","0","0.33","169","64,100,100,78,64,78,78,78,78,78,78,100","5,6,9,20,21,28,43,50","20260801"
"how does buying a condo work","C","41","110","22","","","1.49","0.14","176","52,66,66,52,52,52,52,66,66,52,66,66","6,9,20,21,43,50","20260801"
"2 br condo for sale near me","T","41","90","18","","","0.31","0.61","192","4,5,9,6,6,6,5,36,23,9,9,81","14,21,28,50","20260801"
"800 w 1st street","C","41","90","15","","","0","0.05","106","0,52,41,52,100,52,64,41,100,64,41,0","7,13,28","20260801"
"889 francisco st los angeles ca 90017","N","41","90","13","","","2.12","0.06","107","18,18,3,3,23,11,11,11,18,23,23,23","7,13,28","20260801"
"benefits of a condo","C","41","90","16","","","0.12","0.06","123","50,64,64,64,78,64,50,50,50,78,78,64","6,9,20,21,28,43,50","20260801"
"breyer estates condo association","C","41","90","13","","","0","0.05","106","78,35,64,64,78,35,35,100,78,78,35,28","1,6,7,21,28","20260801"
"condo for sale in west bloomfield mi","T","41","90","24","","","0.38","0.45","91","41,82,0,52,41,100,52,41,41,64,64,64","14,28","20260801"
"condo vs single family","N","41","90","11","","","0","0.33","122","26,34,26,26,34,34,19,42,34,42,53,42","6,7,9,21,28,43","20260801"
"condos for sale arlington","T","41","90","20","","","0.47","0.55","111","34,19,53,19,15,11,19,19,100,34,26,7","9,21,28","20260801"
"condos for sale west bloomfield","T","41","90","24","","","0.38","0.45","109","26,26,26,19,7,42,19,19,100,26,65,11","9,28","20260801"
"paradise pointe condo","N","41","90","5","","","0.97","0.05","109","53,42,34,7,42,19,26,42,42,42,34,100","3,7,28","20260801"
"single family house vs condo","N","41","90","16","","","0","0.01","126","22,18,14,29,29,8,0,14,10,14,8,0","6,7,9,21,28,43,50","20260801"
"waterview condo aventura fl","C","41","90","4","","","2.51","0.21","106","63,45,81,63,81,63,81,100,100,81,100,63","1,7,9,21,28","20260801"
"10380 wilshire blvd","C,N","41","70","16","","","0","0.01","137","14,10,14,14,22,18,14,14,18,14,14,22","6,7,9,13,28","20260801"
"apartment for sale downtown","T","41","70","13","","","0.42","0.29","121","63,81,36,63,81,81,63,36,63,63,45,100","9,28,50","20260801"
"condo single family home","C","41","70","3","","","0.52","0.09","126","81,45,81,45,63,81,45,63,63,81,63,63","6,7,9,13,21,28,43,50","20260801"
"condos for sale in arlington","T","41","70","13","","","0.47","0.55","80","2,2,17,12,5,2,2,10,23,12,100,7","28","20260801"
"home and condo","I","41","70","26","","","1.21","0.08","108","100,81,100,63,81,63,63,63,63,81,100,63","1,7,9,21,28","20260801"
"townhomes for sale in clifton nj","T","41","70","8","","","0.16","0.34","104","15,42,19,15,19,19,26,34,26,26,11,42","9,28","20260801"
"townhouses for sale in clifton nj","T","41","70","13","","","0.2","0.42","104","11,64,41,41,29,41,41,41,52,41,64,100","9,28","20260801"
"4201 collins ave","C,N","41","50","11","","","0","0.33","133","6,12,9,6,6,15,12,9,34,53,34,6","7,9,28","20260801"
"apartment for sale in downtown","T","41","50","21","","","0.42","0.29","120","41,41,17,17,41,41,41,23,64,64,11,11","7,28,43,50","20260801"
"benefits of condo living","C,N","41","50","17","","","0.08","0.07","126","78,78,50,14,50,35,35,14,14,14,14,28","9,21,43,50","20260801"
"churchill properties beverly hills","I","41","50","29","","","0","0.03","103","41,29,29,41,41,41,41,11,11,11,17,11","1,6,7,9,21,28","20260801"
"condo versus townhome","C,N","41","50","15","","","0.1","0.17","122","77,77,100,55,11,44,55,44,44,55,22,33","6,9,20,21,28,36,50","20260801"
"condos for sale in highland","T","41","50","13","","","0.1","0.34","60","64,29,5,52,64,0,29,100,5,23,64,64","28","20260801"
"condos for sale in savoy il","T","41","50","13","","","0.17","0.21","122","41,41,41,29,41,29,23,11,11,11,11,11","7,28","20260801"
"condos for sale kenmore wa","T","41","50","13","","","0.22","0.51","107","41,29,29,29,29,23,23,41,41,23,41,17","9,28","20260801"
"10380 wilshire blvd los angeles","N","41","40","8","","","0.38","0.04","105","35,50,64,0,0,78,0,0,50,0,50,100","6,9,28","20260801"
"2700 las vegas blvd s","C,N","41","40","9","","","0","0.02","132","17,5,5,0,0,0,2,35,0,0,43,10","7,9,28","20260801"
"bunker hill towers reviews","N","41","40","19","","","0","0.01","103","15,28,6,6,6,6,6,6,6,6,6,9","3,7,9,21,28,43","20260801"
"horizons condo daytona beach","C","41","40","3","","","1.32","0.36","112","17,5,5,5,5,5,5,5,5,28,10,10","1,6,7,9,13,28","20260801"
"condo vs house","N","40","6600","29","","","0.11","0.01","71","4,4,4,3,3,4,3,4,3,100,81,54","5,6,9,21,28,41,50","20260801"
"condo vs townhouse","N","40","6600","24","","","0.09","0.16","128","54,54,66,54,44,66,66,54,66,66,66,66","6,7,9,21,28,36,43,50","20260801"
"townhouse vs condo","N","40","6600","26","","","0.09","0.16","125","66,66,44,54,44,36,36,66,36,54,54,100","6,7,9,21,28,36,50","20260801"
"condo versus townhouse","N","40","880","22","","","0.09","0.16","126","16,5,4,7,3,3,3,3,4,24,13,16","6,7,9,20,21,28,36,43,50","20260801"
"condo vs apartment vs townhouse","C,N","40","880","8","","","0.09","0.06","120","30,24,24,30,20,30,30,34,24,34,34,100","6,9,21,28,43","20260801"
"skye at bunker hill","I","40","880","28","","","0.5","0.17","107","24,27,27,24,16,24,24,24,20,16,16,24","1,6,7,9,21,28","20260801"
"condo townhouse difference","C,N","40","720","26","","","0.1","0.29","20","13,4,4,7,2,65,5,8,8,22,20,8","5,6,7,21,28,36,50","20260801"
"desert sky apartments","I","40","720","19","","","0.54","0.2","108","59,72,72,72,59,48,72,72,72,88,100,88","1,6,7,9,13,28","20260801"
"1 bedroom condo for sale","T","40","590","18","","","0.35","0.48","190","45,55,55,36,36,36,36,45,45,67,55,45","9,13,21,28,50","20260801"
"3 bedroom condos for sale","T","40","590","17","","","0.43","0.57","147","26,100,59,39,39,100,88,48,72,59,39,32","21,28","20260801"
"three bedroom condos for sale","T","40","590","17","","","0.43","0.57","10","39,39,59,48,59,72,59,72,59,100,88,72","21,28,50","20260801"
"what's the difference between a condo and a townhome","C","40","590","16","","","0.09","0.27","145","8,84,100,11,16,8,0,11,8,11,13,13","6,7,9,21,28,43,50","20260801"
"5225 pooks hill rd","N","40","480","14","","","1.4","0.05","107","30,36,36,30,36,30,30,30,36,36,45,30","6,7,9,13,28","20260801"
"cheapest condos for sale","T","40","480","15","","","0.38","0.34","138","45,76,20,13,6,10,20,24,100,55,24,16","7,9,21,28,50","20260801"
"condo and townhouse difference","C","40","390","14","","","0.09","0.29","127","3,65,5,13,8,34,4,7,3,7,5,7","6,9,21,28,43,50","20260801"
"condos vs townhouse","N","40","390","24","","","0.11","0.14","122","16,24,20,16,20,20,13,20,16,13,16,20","6,7,9,15,21,28,50","20260801"
"whats the difference between a condo and a townhouse","C,N","40","390","19","","","0.09","0.28","147","4,11,7,7,8,5,37,16,16,20,100,84","6,7,9,20,21,28,36,43,49,50","20260801"
"2 bedroom condos for sale","T","40","320","17","","","0.3","0.34","142","36,45,10,8,10,20,55,16,8,16,81,13","21,28,50","20260801"
"two bedroom condos for sale","T","40","320","17","","","0.3","0.34","10","29,15,5,36,29,29,36,54,100,44,23,100","15,21,28,50","20260801"
"portofino west palm","C","40","260","18","","","0.84","0.1","108","36,100,29,23,12,29,23,29,19,29,36,23","9,21,28","20260801"
"the grand at sky view parc","C","40","260","10","","","0.21","0.06","70","35,44,28,35,100,44,18,23,18,66,23,35","1,5,6,7,9,13,21,28","20260801"
"1100 s hope st los angeles ca","N","40","210","14","","","1.21","0.04","106","35,29,29,54,18,10,14,54,54,100,10,8","7,28","20260801"
"5225 pooks hill rd bethesda","N","40","210","12","","","1.4","0.05","109","24,8,8,8,30,3,20,3,3,5,2,1","6,7,9,28","20260801"
"condo vs single family home","N","40","210","13","","","0","0.01","123","8,8,10,8,8,7,7,8,8,16,41,100","6,7,9,21,28,43,50","20260801"
"condo vs townhouse difference","N","40","210","21","","","0.1","0.29","122","36,54,36,23,15,29,29,36,23,36,54,100","6,7,9,20,21,28,36,43,50","20260801"
"condo vs townhouse vs apartment","N","40","210","8","","","0.1","0.08","119","15,44,15,18,66,18,3,100,18,44,54,44","6,7,9,21,28,43,50","20260801"
"one bedroom condos for sale near me","T","40","210","16","","","0.27","0.59","185","44,28,28,44,44,35,35,28,35,23,35,28","21,28,50","20260801"
"what is the difference between a condo and a townhome","C,N","40","210","15","","","0.1","0.29","147","20,16,13,13,13,10,8,16,10,16,16,16","6,9,21,28,50","20260801"
"1100 s hope street","N","40","170","15","","","1.21","0.04","109","32,14,1,26,3,5,4,26,11,21,14,26","7,9,28","20260801"
"2700 south las vegas boulevard","N","40","170","13","","","1.03","0.04","135","43,100,28,35,35,43,43,43,28,53,43,43","7,9,21,28","20260801"
"3030 mckinney ave dallas","C","40","170","15","","","0.8","0.07","117","65,53,26,42,53,80,100,80,65,80,100,65","9,28","20260801"
"4 bedroom condo for sale","T","40","170","9","","","0.61","0.57","10","43,53,28,66,82,23,28,35,23,43,17,23","13,21,28,50","20260801"
"condos vs house","N","40","170","5","","","0.11","0.01","131","23,7,29,5,29,12,7,5,19,4,7,15","5,6,7,9,20,21,28,43,50","20260801"
"condos vs townhomes","N","40","170","23","","","0.09","0.16","124","29,14,43,100,100,14,10,4,10,10,14,6","6,7,9,20,21,28,36,50","20260801"
"la tour wilshire","C","40","170","8","","","0.88","0.05","106","53,53,34,53,42,80,42,100,100,100,100,100","1,7,9,13,21,28","20260801"
"premiere towers dtla","C","40","170","16","","","0.8","0.12","105","53,43,35,35,66,17,35,17,23,43,43,17","1,5,7,9,13,21,28","20260801"
"1100 south hope street los angeles ca","N","40","140","14","","","0","0.02","107","52,52,52,52,52,52,52,66,33,100,80,66","7,9,28","20260801"
"6300 stevenson ave","C","40","140","16","","","0.99","0.07","107","10,16,5,8,10,13,10,8,8,13,16,10","7,13,28","20260801"
"8830 piney branch rd","C","40","140","15","","","0","0.02","109","19,19,15,15,19,19,19,19,19,15,19,19","13,28","20260801"
"buying a house or condo","C","40","140","16","","","0.82","0.06","52","23,8,23,23,23,18,15,18,15,28,18,23","6,20,21,28","20260801"
"condo versus house","N","40","140","23","","","0.11","0.01","123","1,8,0,0,1,20,0,13,0,4,4,4","5,6,7,9,20,21,28,43,50","20260801"
"portofino apartments west palm beach florida","I","40","140","29","","","1.05","0.06","125","28,100,34,43,34,28,34,43,28,28,43,43","3,6,7,28","20260801"
"portofino west palm beach fl","N","40","140","17","","","0.91","0.09","114","82,35,28,53,53,12,17,12,12,23,12,7","7,21,28","20260801"
"skye bunker hill","I","40","140","20","","","0.31","0.12","107","19,23,15,15,12,15,15,15,12,15,12,19","1,7,9,13,21,28","20260801"
"what's the difference between a house and a condo","C","40","140","18","","","0","0.01","138","52,80,52,66,42,0,66,100,80,100,100,80","6,9,20,21,28,36,43,50","20260801"
"1 bedroom condos for sale","T","40","110","17","","","0.35","0.48","6","14,21,5,4,5,5,5,3,3,9,3,3","9,21,28","20260801"
"100 s alameda st","C","40","110","14","","","0","0.02","112","3,4,2,5,3,3,2,3,3,4,5,4","7,9,28","20260801"
"3030 mckinney ave","C","40","110","13","","","0.8","0.07","129","7,12,12,12,10,12,15,10,10,12,29,23","7,9,13,28","20260801"
"3030 mckinney ave dallas tx 75204","C","40","110","14","","","1.02","0.11","108","64,64,64,64,52,82,82,64,64,82,82,64","7,28","20260801"
"312 w 5th street","C","40","110","14","","","0.61","0.07","111","11,11,11,18,35,44,35,11,15,18,18,23","7,28","20260801"
"312 west 5th street","C","40","110","14","","","0.61","0.08","102","5,6,5,5,16,16,16,5,5,8,10,10","7,28","20260801"
"bourne condos for sale","T","40","110","15","","","0.1","0.24","108","52,64,100,64,82,82,64,41,41,64,82,100","7,21,28","20260801"
"buy apartment in arlington va","T","40","110","16","","","0.47","0.41","86","53,43,21,34,15,12,21,28,28,34,21,9","7,9,21,28","20260801"
"condo or single family home","N","40","110","14","","","0","0.33","145","26,34,26,26,34,34,26,42,34,42,53,42","6,9,21,28,43","20260801"
"portofino towers miami","C,T","40","110","14","","","0.59","0.04","156","0,100,3,0,5,2,2,2,1,0,0,0","1,7,9,13,20,21,28","20260801"
"the promenade residence","N","40","110","8","","","0.54","0.04","118","64,64,82,52,64,82,82,52,64,100,82,52","3,7,9,28,50","20260801"
"townhome versus condo","N","40","110","19","","","0.09","0.29","125","9,66,66,33,33,52,66,100,33,52,52,33","6,7,9,15,20,21,50","20260801"
"affordable condo for sale","T","40","90","13","","","0.38","0.21","144","65,11,42,3,19,7,34,26,100,53,19,7","9,14,21,28","20260801"
"condo for sale arlington ma","T","40","90","14","","","0.12","0.4","111","50,100,78,64,50,50,78,35,50,78,64,100","9,21,28","20260801"
"condo in quezon city philippines","N","40","90","11","","","0.38","0.11","163","52,33,33,33,33,66,33,52,33,42,33,42","3,7,9,21,28,43","20260801"
"condo or townhouse difference","C,N","40","90","22","","","0.1","0.37","116","34,26,34,42,53,26,26,34,34,42,34,34","6,7,9,20,21,28,43,50","20260801"
"difference between condo and townhomes","C","40","90","23","","","0.1","0.29","20","3,2,1,1,1,1,1,3,3,4,8,3","6,21,28,36,50","20260801"
"difference between condo townhouse","C","40","90","25","","","0.1","0.29","124","34,26,26,19,26,26,34,34,19,53,80,3","6,7,9,20,21,28,43,50","20260801"
"metropolis dadeland apartments","I","40","90","23","","","0.77","0.23","106","42,33,52,33,33,42,80,33,9,14,9,14","1,6,7,28","20260801"
"the taos condos","C","40","90","11","","","0.62","0.05","102","53,34,42,34,42,53,26,42,26,11,7,26","1,6,7,9,21,28","20260801"
"2 bed 2 bath condo for sale near me","T","40","70","15","","","0.4","0.62","188","14,52,33,33,66,19,33,42,23,66,100,80","14,21,28,49,50","20260801"
"are condos expensive","C","40","70","22","","","0","0.33","123","52,9,9,9,9,9,66,52,80,52,23,66","6,7,9,21,28,43,50","20260801"
"desert sky apartments las vegas","I","40","70","25","","","1.52","0.52","108","78,100,78,35,50,50,35,50,35,50,64,64","1,6,7,9,28","20260801"
"nct lofts downtown la","I","40","70","19","","","0.85","0.47","108","26,15,19,26,26,26,26,26,26,34,42,100","1,6,7,9,21,28","20260801"
"nct lofts los angeles","I","40","70","21","","","0.85","0.47","63","26,26,26,26,26,26,26,34,26,34,42,100","1,6,7,21,28","20260801"
"paradise point condos","T","40","70","14","","","0.51","0.09","53","63,81,63,63,63,63,63,63,63,45,63,18","1,13,28","20260801"
"portofino apartments west palm beach fl","I","40","70","28","","","1.57","0.47","50","41,82,29,23,29,29,41,41,29,41,41,41","3,6,7,28","20260801"
"the promenade towers bethesda","I","40","70","16","","","1.09","0.3","132","100,78,50,50,14,35,50,50,35,50,50,50","1,6,7,9,21,28","20260801"
"townhouse v condo","C","40","70","29","","","0.09","0.16","124","9,14,11,9,3,1,17,1,4,0,5,3","6,7,9,20,21,28,36,43,50","20260801"
"100 south alameda street los angeles ca 90012","N","40","50","13","","","0","0.05","36","77,44,55,44,77,77,33,77,55,44,77,22","7,21,28","20260801"
"4201 collins ave miami beach","C,N","40","50","13","","","0","0.01","130","7,7,7,7,7,7,7,11,42,42,42,7","7,9,28","20260801"
"condos for sale in arlington ma","T","40","50","12","","","0.13","0.36","106","50,50,50,35,64,35,21,14,14,21,21,50","7,9,28","20260801"
"portofino south west palm beach","C","40","50","12","","","0.91","0.29","125","7,42,7,7,7,7,11,42,53,19,7,7","1,9,13,21,28","20260801"
"remax metropolis il","I,T","40","50","22","","","0","0.33","109","64,52,41,29,23,17,17,29,29,29,23,23","1,6,7,28","20260801"
"what is the difference between condo and townhome","C","40","50","10","","","0.1","0.29","143","3,100,11,3,26,19,3,19,19,26,34,65","6,7,9,21,28,36,43,50","20260801"
"portofino apartments phoenix","C","40","40","19","","","1.84","0.45","109","14,78,14,28,35,50,28,14,21,14,21,14","1,7,9,13,21,28","20260801"
"the promenade towers bethesda md","I","40","40","20","","","1.09","0.3","115","55,33,44,44,11,11,22,55,22,22,33,22","1,6,7,9,21,28","20260801"
"types of condo","C","40","40","13","","","0","0.33","130","50,28,14,21,28,21,28,28,14,28,21,50","5,9,20,21,28,36,43,50","20260801"
"difference between condo and townhouse","C","39","2900","19","","","0.1","0.29","149","43,43,43,54,43,54,36,43,28,54,54,100","5,6,7,9,21,28,36,43,50","20260801"
"what's the difference between a condo and townhouse","C","39","1600","23","","","0.09","0.28","149","27,80,10,10,20,3,52,44,66,80,100,52","6,7,9,20,21,28,43,50","20260801"
"what is the difference between a condo and a townhouse","C","39","1300","16","","","0.1","0.29","147","27,52,36,44,36,36,36,52,44,66,52,100","6,9,15,21,28,36,43,50","20260801"
"what's the difference between condo and townhouse","C","39","1300","21","","","0.09","0.28","152","27,27,24,27,27,1,52,7,3,80,100,52","6,9,20,21,28,43,50","20260801"
"difference between a condo and a townhouse","C,N","39","880","28","","","0.1","0.29","147","41,54,30,41,30,20,24,30,30,100,30,24","6,7,9,21,28,43,50","20260801"
"what is the difference between a townhouse and a condo","N","39","720","21","","","0.1","0.28","19","62,55,45,45,45,36,24,45,36,45,55,55","6,9,21,28,50","20260801"
"what's the difference between a townhouse and a condo","C,N","39","720","16","","","0.09","0.28","151","88,100,88,88,72,59,59,72,48,59,59,72","6,7,9,20,21,28,36,43,50","20260801"
"difference between condo & townhouse","C","39","590","24","","","0.09","0.29","147","36,7,54,41,13,20,2,10,10,24,20,1","6,9,21,50","20260801"
"difference between condo and townhome","C","39","590","21","","","0.1","0.29","147","20,46,46,46,37,16,13,13,16,84,11,20","5,6,7,9,20,21,28,36,43,50","20260801"
"portofino tower south beach","C,T","39","590","17","","","0.67","0.05","133","20,54,8,79,100,4,4,7,3,8,4,3","1,6,7,9,13,20,28","20260801"
"townhouse vs condo vs apartment","N","39","590","7","","","0.1","0.08","128","67,67,81,100,54,54,81,81,67,81,100,100","6,9,21,28,43,50","20260801"
"what is difference between condo and townhouse","C","39","590","24","","","0.09","0.28","20","20,25,37,16,20,20,25,100,20,25,31,46","6,9,21,28,50","20260801"
"5225 pooks hill road","N","39","480","16","","","0.44","0.07","45","54,81,81,81,81,81,81,66,81,81,54,54","9,13,28","20260801"
"what is a condo vs townhouse","C,N","39","480","27","","","0.1","0.15","147","66,66,66,54,66,54,66,81,66,66,66,100","6,7,9,21,28,43,50","20260801"
"apartment vs condo vs townhouse","N","39","390","9","","","0.1","0.08","123","36,36,44,23,23,19,29,44,67,81,29,54","6,7,9,20,21,28,43,50","20260801"
"buying a home vs condo","N","39","390","26","","","0.82","0.06","132","44,15,15,44,29,44,44,54,36,54,54,44","6,7,9,20,21,28,43,50","20260801"
"condo vs townhouse vs house","C,N","39","390","22","","","0.12","0.03","121","3,3,3,3,2,4,4,4,5,35,18,100","6,7,9,20,21,28,50","20260801"
"townhomes vs condos","C,N","39","390","19","","","0.09","0.16","131","20,36,24,36,36,13,10,45,20,55,55,36","6,7,9,21,28,50","20260801"
"what is the difference between condo and townhouse","C,N","39","390","19","","","0.1","0.28","148","45,24,20,20,16,30,20,16,13,16,62,13","6,7,9,20,21,28,43,50","20260801"
"312 w 5th st los angeles","C","39","320","14","","","0.59","0.1","105","54,81,66,66,29,43,54,66,66,81,100,81","7,28","20260801"
"5225 pooks hill rd bethesda md 20814","N","39","320","9","","","0.85","0.04","109","23,44,54,36,44,44,36,36,36,44,44,44","7,28","20260801"
"difference between condos and townhouses","C","39","320","23","","","0.1","0.29","148","54,81,54,66,43,54,54,54,66,66,81,81","5,6,7,9,21,28,43,50","20260801"
"whats the difference between a townhouse and a condo","C","39","320","16","","","0.1","0.27","147","20,20,8,5,11,13,13,46,13,20,20,11","6,7,9,20,21,28,36,43,50","20260801"
"difference between condos and townhomes","C","39","260","25","","","0.09","0.29","146","23,66,19,29,81,23,19,23,19,44,29,36","5,6,7,9,21,28,50","20260801"
"difference between townhome and condo","C","39","260","20","","","0.09","0.29","153","44,44,44,44,36,23,12,15,44,29,44,23","6,7,9,20,21,28,36,43,50","20260801"
"difference in condo and townhouse","C","39","260","21","","","0.1","0.3","147","82,82,100,82,53,53,43,66,35,23,66,66","6,7,9,21,28,43,50","20260801"
"different between condo and townhouse","C","39","260","18","","","0.1","0.29","146","100,0,0,0,36,0,0,0,30,1,36,0","6,7,9,21,28,43,50","20260801"
"portofino palm beach","C","39","260","18","","","0.91","0.09","125","36,100,6,8,5,5,8,3,5,6,6,3","5,7,9,13,21,28,50","20260801"
"promenade towers reviews","N","39","260","25","","","1.26","0.05","109","66,100,82,82,53,66,66,66,43,66,43,53","3,6,7,9,28,43","20260801"
"townhouse versus condo","N","39","260","19","","","0.1","0.17","120","54,43,81,35,54,35,22,43,35,66,66,100","6,7,9,15,20,21,28,36,50","20260801"
"what's difference between condo and townhouse","C,N","39","260","21","","","0.09","0.28","149","30,0,0,0,0,0,0,100,0,0,0,0","6,7,9,20,21,28,43,50","20260801"
"difference between a condo and townhouse","C,N","39","210","21","","","0.1","0.29","146","1,20,20,13,13,6,16,6,4,8,36,10","6,7,9,21,28,43,50","20260801"
"difference between a townhome and condo","C","39","210","20","","","0.1","0.29","124000000","14,21,5,32,14,17,14,59,14,32,26,32","6,7,9,20,21,28,36,43,50","20260801"
"portofino apartments west palm","I","39","210","28","","","1.05","0.06","108","35,43,35,66,53,66,66,66,53,66,100,82","3,6,7,28","20260801"
"the promenade pooks hill bethesda","C","39","210","21","","","1.09","0.3","142","65,53,42,53,65,80,100,100,65,100,100,80","1,6,7,9,21,28","20260801"
"townhouse and condo","N","39","210","28","","","0.62","0.21","123","23,43,53,35,35,66,66,66,28,100,82,23","5,6,7,9,21,28,43","20260801"
"townhouse and condo difference","C,N","39","210","21","","","0.1","0.29","121","43,3,0,1,10,0,0,1,0,0,0,1","6,7,9,20,21,28,50","20260801"
"townhouse vs condo difference","N","39","210","12","","","0.1","0.29","117","35,43,43,35,35,43,66,66,43,53,100,53","6,7,9,20,21,28,43,50","20260801"
"what is the difference between a condo and townhouse","C","39","210","16","","","0.1","0.29","148","12,36,15,29,19,23,29,1,12,23,15,12","6,9,21,28,50","20260801"
"what is the difference between a townhome and a condo","C","39","210","9","","","0.1","0.29","151","7,5,8,5,7,4,4,30,10,8,4,100","6,7,9,21,28,43,50","20260801"
"what's the difference between a townhome and a condo","C","39","210","16","","","0.09","0.28","147","53,81,65,65,53,34,15,65,65,81,81,100","6,7,9,20,21,28,36,43,50","20260801"
"what's the difference between condos and townhomes","C","39","210","18","","","0.09","0.27","149","0,0,1,2,1,0,0,100,0,0,1,1","6,7,9,21,28,50","20260801"
"5225 pooks hill road bethesda","N","39","170","15","","","1.4","0.05","110","9,19,12,15,23,12,29,19,19,29,29,29","6,7,9,21,28","20260801"
"801 s grand ave los angeles","C","39","170","13","","","1.05","0.06","111","8,44,18,28,23,18,18,23,28,35,28,54","7,9,13,28","20260801"
"condo versus single family home","N","39","170","16","","","0","0.33","139","65,53,26,53,53,53,53,80,53,80,100,65","6,7,9,21,28,43,50","20260801"
"312 west 5th street los angeles ca","C","39","140","13","","","0.89","0.07","109","7,7,5,7,7,7,5,7,7,13,11,11","7,28","20260801"
"5225 pooks hill rd bethesda md","N","39","140","12","","","0.44","0.07","108","0,15,19,19,23,15,12,54,19,29,19,15","6,7,9,13,28","20260801"
"801 s grand ave los angeles ca","C","39","140","13","","","1.05","0.06","108","11,44,23,18,54,23,15,44,8,18,28,66","7,9,28","20260801"
"condo vs house purchase","N","39","140","19","","","0.82","0.06","134","35,2,2,4,29,18,18,100,66,29,54,81","6,9,21,28,43,50","20260801"
"difference townhouse and condo","C","39","140","20","","","0.09","0.21","121","15,28,23,23,15,23,23,44,18,28,35,23","6,7,9,20,21,28,36,43,50","20260801"
"purchasing a condo vs house","N","39","140","27","","","0.82","0.06","142","35,14,4,4,29,18,18,100,66,29,54,81","6,9,21,28,43,50","20260801"
"the grand club at skyview parc","C","39","140","13","","","0","0.01","187","35,35,28,0,35,35,35,43,35,53,53,100","6,7,9,13,28","20260801"
"town home vs condo","C,N","39","140","20","","","0.1","0.17","123","14,32,7,7,48,0,1,7,9,14,21,26","5,6,7,9,15,20,21,28,36,50","20260801"
"town house vs condo","C,N","39","140","22","","","0.1","0.17","124","17,21,14,39,17,4,7,3,1,14,100,11","5,6,7,9,20,21,28,36,50","20260801"
"2700 las vegas boulevard","N","39","110","16","","","0","0.02","136","81,28,34,65,65,15,12,21,6,15,12,6","6,7,9,13,28","20260801"
"4 bedroom condos for sale","T","39","110","0","","","0.61","0.57","134","82,82,64,100,52,52,52,82,41,82,64,41","21,28","20260801"
"difference townhouse vs condo","C,N","39","110","27","","","0.1","0.29","126","26,53,34,26,42,34,53,42,34,42,80,100","6,7,9,21,28,43,50","20260801"
"portofino tower miami beach fl","C","39","110","10","","","0.67","0.05","152","43,12,23,17,12,28,35,23,28,43,35,43","1,7,9,20,28,50","20260801"
"types of condos","C","39","110","13","","","0","0.33","134","34,43,34,43,34,34,34,43,28,34,43,43","5,9,13,20,21,28,43,50","20260801"
"what is difference between townhouse and condo","C","39","110","16","","","0.1","0.28","149","0,28,8,11,15,11,15,81,6,15,11,18","6,7,9,20,21,28,36,43,50","20260801"
"3030 mckinney dallas tx","C","39","90","14","","","0.67","0.07","109","100,100,64,78,50,28,35,64,35,50,100,50","9,28","20260801"
"diff between condo and townhouse","C","39","90","11","","","0.09","0.29","148","8,2,2,1,1,3,2,3,0,0,0,0","5,6,9,21,28,36,43,50","20260801"
"is a condo a single family home","C","39","90","8","","","0","0.01","155","34,34,34,34,34,26,19,42,34,42,34,34","6,7,9,20,21,28,43,50","20260801"
"metropolis condo management","I","39","90","8","","","0","0.02","107","100,63,81,81,81,81,81,81,100,81,100,63","1,6,7,9,21,28","20260801"
"nola sky las vegas","I","39","90","23","","","1.56","0.28","106","42,42,42,19,26,19,19,19,26,34,34,42","1,6,7,9,28","20260801"
"what is the difference between a townhouse and condo","C,N","39","90","18","","","0.1","0.29","142","3,13,1,6,5,3,3,0,5,20,6,13","6,9,20,21,28,43,50","20260801"
"1321 seneca street","C","39","70","8","","","0","0.04","109","11,7,5,7,7,0,5,9,5,9,0,7","7,9,28","20260801"
"2 bed condos for sale near me","T","39","70","15","","","0.35","0.73","202","29,41,41,29,41,11,41,52,52,52,52,64","21,28,50","20260801"
"2 bedroom 2 bath condos for sale near me","T","39","70","14","","","0.41","0.58","205","19,33,23,19,14,9,14,33,52,23,100,23","21,28,50","20260801"
"condos for sale in quebec city canada","T","39","70","10","","","0","0.02","35","19,26,26,26,26,26,26,34,26,26,26,19","7,28","20260801"
"difference between house and condo","C","39","70","11","","","0.06","0.02","128","9,15,9,9,23,1,2,9,15,9,100,29","6,20,21,28,36,43,50","20260801"
"differences between condo and townhouse","C","39","70","22","","","0.1","0.29","145","5,1,5,3,1,0,1,0,0,1,0,3","6,7,9,20,21,28,43,50","20260801"
"the difference between townhouse and condo","C","39","70","17","","","0.09","0.36","141","71,57,100,100,100,71,100,100,100,100,100,100","6,7,9,20,21,28,36,43,50","20260801"
"440 north ave haverhill","C","39","50","11","","","0","0.01","107","0,33,23,33,0,33,0,33,0,33,52,52","9,28","20260801"
"9655 s las vegas blvd","C","39","50","11","","","0.45","0.08","110","5,5,5,5,5,5,5,28,5,28,28,5","7,21,28","20260801"
"condo or a house","C,N","39","50","29","","","0.11","0.01","123","0,0,0,0,0,6,0,13,0,0,0,0","6,9,21,28,43,50","20260801"
"difference between a townhouse and condo","C","39","50","15","","","0.1","0.29","144","4,8,6,81,2,4,4,2,2,6,4,8","6,7,9,20,21,28,43,50","20260801"
"difference between condo apartment","C","39","50","19","","","0.05","0.04","132","1,1,1,0,0,66,0,35,0,1,0,0","6,9,11,21,28,43","20260801"
"difference townhouse condo","C,N","39","50","20","","","0.1","0.29","120","100,3,0,0,0,0,0,42,0,3,3,3","6,7,9,20,21,28,50","20260801"
"townhouse vs apartment vs condo","N","39","50","11","","","0.1","0.08","132","7,65,80,7,7,26,7,3,3,7,7,7","6,7,9,21,28,43","20260801"
"bunker heights apartments","C","39","40","15","","","0.98","0.25","113","11,11,100,17,11,11,11,11,17,23,11,11","1,5,7,9,13,21,28","20260801"
"portofino apartments phoenix az","C","39","40","16","","","1.84","0.45","106","18,100,18,36,45,63,36,18,18,18,18,18","1,6,7,9,28","20260801"
"apartment vs condo","N","38","4400","24","","","0.08","0.02","129","23,23,19,23,19,23,19,36,100,44,19,54","6,9,21,28,36,43,50","20260801"
"marina city club","C,T","38","1900","21","","","0.68","0.07","137","55,82,65,65,55,44,65,65,82,82,65,65","1,7,9,13,21,28","20260801"
"the promenade apartments","N","38","1900","22","","","0.81","0.18","","66,79,100,100,66,79,54,66,66,100,100,79","3,6,7,9,13,28","20260801"
"161 e chicago ave","C","38","880","18","","","1.52","0.05","67","36,30,41,36,41,41,36,30,30,36,36,36","1,7,13,28","20260801"
"161 e chicago","C","38","590","12","","","1.78","0.07","101","24,36,24,24,30,24,24,20,4,24,30,36","1,9,28","20260801"
"difference between a townhouse and a condo","C","38","480","17","","","0.1","0.29","152","13,16,16,13,16,13,16,13,11,13,24,44","5,6,7,9,20,21,28,43,50","20260801"
"what is a townhouse vs condo","N","38","480","19","","","0.1","0.15","144","39,48,59,59,32,32,26,59,48,59,72,72","6,7,9,15,20,21,28,36,43,50","20260801"
"161 east chicago avenue","C","38","390","11","","","1.78","0.07","108","55,55,36,16,24,24,16,16,13,24,30,24","1,7,9,21,28","20260801"
"5225 pooks hill road bethesda maryland","N","38","390","15","","","1.4","0.05","140","44,15,15,36,54,54,44,36,44,54,54,36","7,9,21,28","20260801"
"are condos cheaper than houses","C","38","320","26","","","0","0.01","136","7,8,4,5,5,5,3,5,4,55,24,100","6,9,13,20,21,28,43,50","20260801"
"arlington ma condos for sale","T","38","320","14","","","0.12","0.4","80","54,54,54,35,54,54,44,54,35,66,66,66","7,9,21,28","20260801"
"metro club philadelphia","C","38","320","11","","","0.63","0.12","108","44,54,66,44,35,54,54,44,66,66,66,100","1,7,9,13,21,28","20260801"
"portofino west palm beach","C","38","320","21","","","0.84","0.1","108","28,100,35,35,44,54,44,44,54,66,66,54","5,9,21,28","20260801"
"shadowood condo association","N","38","320","4","","","1.4","0.04","110","54,23,18,23,35,44,81,100,81,100,100,81","3,6,7,9,28","20260801"
"2700 las vegas blvd","N","38","260","19","","","0","0.02","133","44,66,54,44,28,44,54,44,23,54,44,35","7,9,28","20260801"
"2700 s las vegas blvd","N","38","260","11","","","0","0.02","136","43,66,66,53,82,66,66,66,66,82,82,66","7,9,28","20260801"
"savoy community association","C","38","260","18","","","0","0.07","112","29,9,19,19,54,36,12,66,36,44,36,54","1,6,7,9,13,28","20260801"
"the promenade bethesda","I","38","260","22","","","1.11","0.3","108","36,54,36,36,36,29,36,36,29,36,36,44","1,6,7,9,28","20260801"
"definition of townhouse vs condo","N","38","210","22","","","0.11","0.26","147","2,2,2,2,2,2,1,2,1,29,20,100","6,7,9,21,28,43,50","20260801"
"difference between townhomes and condos","C","38","210","25","","","0.09","0.29","149","81,81,43,66,81,35,35,2,29,29,29,14","6,7,9,20,21,28,50","20260801"
"promenade bethesda md","I","38","210","22","","","1.17","0.3","107","66,53,43,35,53,43,66,66,53,53,53,53","1,6,7,9,21,28","20260801"
"1100 s hope st los angeles","C","38","170","14","","","1.21","0.04","106","35,28,43,35,23,35,23,28,23,66,43,28","7,9,28","20260801"
"415 e 37th street new york","N","38","170","16","","","0.35","0.07","125","53,53,21,43,53,43,43,43,43,65,100,65","7,9,28","20260801"
"5225 pooks hill road bethesda md","N","38","170","15","","","0.59","0.06","109","39,14,14,39,11,7,11,11,11,17,14,2","7,9,21,28","20260801"
"898 oak st sw atlanta ga 30310","C","38","170","17","","","0.71","0.04","107","43,35,17,35,43,43,35,43,43,66,66,66","28","20260801"
"what's the difference between a condo and a house","C","38","170","25","","","0","0.01","132","100,80,100,80,66,42,80,100,80,100,100,80","6,9,20,21,28,43,50","20260801"
"bloomfield condos for sale ct","T","38","140","9","","","0.2","0.27","114","100,52,41,64,82,100,64,82,64,82,82,100","7,9,28","20260801"
"the plaza apartments pacific beach","C","38","140","10","","","0.88","0.35","174","39,100,2,2,2,2,2,2,2,2,2,2","1,6,7,28","20260801"
"415 e 37th","C","38","110","16","","","0.18","0.05","45","81,15,53,15,21,21,28,21,15,21,15,21","1,7,28","20260801"
"6317 park heights ave","C","38","110","14","","","0.18","0.04","108","21,65,28,21,34,28,81,21,21,21,34,34","7,28","20260801"
"condo for sale in quezon city","T","38","110","4","","","0.38","0.12","163","66,52,42,42,52,42,42,52,42,52,66,66","9,21,28","20260801"
"difference between apartment and condo and townhouse","C","38","110","14","","","0","0.1","134","2,2,100,2,2,2,2,2,2,2,2,2","6,7,9,20,21,28,36,43,50","20260801"
"what is the difference between a condo and a house","C","38","110","14","","","0.1","0.03","139","82,52,82,64,64,64,64,64,64,64,100,64","6,9,20,21,28,43,50","20260801"
"234 s figueroa st","C","38","90","18","","","1.18","0.04","107","5,4,8,5,4,4,6,4,5,6,5,8","6,7,9,13,28","20260801"
"415 e 37th street","C","38","90","16","","","0.03","0.05","125","41,64,64,52,64,52,41,52,52,64,100,82","6,7,9,28","20260801"
"415 east 37","I","38","90","7","","","0.18","0.05","109","100,26,80,26,11,26,42,0,0,0,0,0","7,9,13,28","20260801"
"6300 stevenson ave alexandria va 22304","C","38","90","13","","","0","0.06","108","17,10,17,17,35,35,28,28,17,28,35,35","9,28","20260801"
"condos for sale arlington ma","T","38","90","10","","","0.13","0.36","108","42,42,33,33,52,52,33,14,33,52,80,100","7,9,28","20260801"
"metropolis miami fl","I","38","90","19","","","2.25","0.1","107","100,36,63,63,100,63,100,63,63,81,81,81","3,6,7,28","20260801"
"the metropolis building","N","38","90","18","","","1.26","0.38","137","41,41,82,41,52,64,41,52,52,52,64,100","6,7,9,20,21,28","20260801"
"1321 seneca seattle","C","38","70","15","","","2.23","0.05","106","100,81,63,63,63,36,45,63,45,63,27,100","28","20260801"
"1321 seneca st seattle","C,N","38","70","14","","","2.23","0.05","37","64,41,29,41,41,29,52,41,29,52,41,41","7,15,28","20260801"
"161 chicago avenue east","C","38","70","19","","","0","0.04","106","63,63,45,63,63,63,63,63,45,63,63,63","1,21,28","20260801"
"161 e chicago avenue","C","38","70","19","","","0","0.02","112","41,52,41,41,41,41,41,41,0,41,64,41","1,7,9,13,21,28","20260801"
"234 s figueroa st los angeles ca 90012","C","38","70","23","","","2.07","0.05","105","21,21,43,34,15,15,21,21,21,34,28,43","6,7,9,21,28","20260801"
"5225 pooks hill rd bethesda maryland 20814","N","38","70","12","","","1.4","0.05","","3,1,1,0,5,5,10,23,10,12,23,12","7,9,28","20260801"
"901 abernathy rd","C,N","38","70","16","","","0.67","0.08","109","5,5,5,5,28,5,35,28,5,28,28,17","7,9,13,28","20260801"
"are condos cheaper than apartments","C","38","70","11","","","0","0.33","140","21,28,15,21,21,28,15,6,6,53,34,53","6,9,21,28,50","20260801"
"condo for sale in quezon city philippines","T","38","70","3","","","0.46","0.13","159","63,45,63,36,45,63,63,100,81,81,100,81","9,21,28","20260801"
"marina city drive","N","38","70","12","","","0","0.04","123","63,81,81,63,63,81,100,81,36,36,45,63","9,21,28","20260801"
"owning a condo vs a house","C,N","38","70","27","","","0.24","0.06","144","64,64,35,35,35,64,50,64,35,64,78,100","6,9,20,21,28,43,50","20260801"
"the top maplewood","C","38","70","26","","","1.19","0.09","118","50,50,100,64,64,35,35,28,50,78,35,35","1,5,6,9,13,28","20260801"
"waterside marina condos for sale","T","38","70","0","","","0.59","0.26","32","50,50,35,35,50,35,35,35,50,78,50,50","6,28","20260801"
"is condo better than house","C,N","38","50","28","","","0","0.33","144","100,5,5,5,5,5,5,5,5,5,5,5","6,7,9,21,28,43,50","20260801"
"owning a condo vs house","N","38","50","21","","","0.16","0.05","140","23,19,23,19,23,42,14,33,19,23,14,42","6,9,20,21,28,43,50","20260801"
"4401 roland ave","C","38","40","14","","","0","0.04","112","5,28,5,28,5,5,5,5,5,5,5,5","9,28","20260801"
"buying an apartment vs condo","C","38","40","17","","","0.46","0.04","150","2,7,9,7,4,5,5,3,2,2,2,100","6,9,21,28,43,50","20260801"
"condo for sale quezon city","T","38","40","1","","","0.38","0.12","20","55,55,22,33,33,11,22,44,44,55,100,44","28","20260801"
"house vs condo vs townhouse","C,N","38","40","22","","","0.11","0.05","124","14,50,35,35,50,14,21,7,7,35,28,35","6,7,9,20,21,28,36,50","20260801"
"is a condo considered a single family home","C,N","38","40","0","","","0","0.33","44","1,1,1,1,1,1,1,1,6,1,6,1","6,9,21,28,50","20260801"
"is a townhome a condo","C","38","40","5","","","0.11","0.04","154","18,23,1,1,15,1,1,15,1,1,3,1","6,9,20,21,28,36,43,50","20260801"
"is townhouse a condo","C","38","40","10","","","0.11","0.04","120","2,5,5,7,35,5,35,7,2,2,2,100","6,7,9,20,21,28,36,43,50","20260801"
"promenade apartment homes","N","38","40","17","","","30.43","0.3","113","8,14,14,8,6,4,6,10,8,8,10,6","3,9,28","20260801"
"metropolis los angeles photos","C,T","38","30","3","","","1.33","0.16","105","45,45,27,18,18,18,18,18,18,18,18,18","6,7,9,13,28,36","20260801"
"the savoy naples fl","C","38","30","4","","","1.09","0.28","107","40,40,60,40,40,40,40,80,100,80,100,40","1,6,7,13,21,28","20260801"
"difference between townhouse and condo","C,N","37","2400","18","","","0.1","0.29","149","43,81,65,43,43,43,54,81,54,54,43,36","6,7,9,14,15,21,28,43,50","20260801"
"condo vs house pros and cons","N","37","880","13","","","0.07","0.04","141","0,0,0,0,0,0,0,0,0,100,54,81","6,9,20,21,28,43,50","20260801"
"415 e 37th st new york","N","37","590","11","","","0.18","0.05","108","88,11,17,100,59,72,59,59,59,72,100,100","7,9,13,28","20260801"
"marina city club marina del rey","C","37","590","11","","","0.68","0.07","133","67,20,24,36,24,30,45,55,30,36,45,45","1,7,9,13,21,28","20260801"
"portofino tower miami beach","C","37","320","12","","","0.67","0.05","124","20,44,7,3,16,4,5,7,4,11,5,4","1,7,9,13,20,21,28,36","20260801"
"buying a condo versus a house","N","37","260","8","","","0.82","0.06","129","28,15,23,66,44,3,23,81,54,81,15,3","6,7,9,20,21,28,43,50","20260801"
"houses for sale metropolis il","T","37","260","21","","","0.32","0.43","109","44,44,19,36,23,23,29,23,23,36,36,19","7,28","20260801"
"the promenade bethesda md","I","37","260","14","","","1.09","0.3","106","65,81,81,81,65,65,81,81,65,81,81,81","1,6,7,9,21,28","20260801"
"difference between condo and apartment and townhouse","C,N","37","210","20","","","0.11","0.14","65","29,29,36,29,19,15,19,19,19,23,36,36","5,6,9,21,28","20260801"
"pooks hill road bethesda md","N","37","210","17","","","0.88","0.05","109","43,22,29,29,43,18,22,100,66,100,54,66","6,7,9,21,28","20260801"
"portofino tower miami","T","37","210","21","","","0.59","0.04","133","16,100,8,8,8,10,8,8,8,10,10,13","1,7,9,13,20,21,28","20260801"
"300 north state street","C","37","170","27","","","0","0.03","137","6,5,6,16,8,4,4,30,10,24,20,24","1,7,9,28","20260801"
"415 e 37","I","37","170","14","","","0.18","0.05","112","36,9,23,1,2,100,12,0,0,0,0,1","6,7,9,28","20260801"
"415 east 37th st","C","37","170","12","","","0.35","0.07","121","53,53,21,43,53,43,43,43,43,65,100,65","1,7,9,28","20260801"
"homes for sale in metropolis illinois","T","37","170","19","","","0.15","0.42","86","29,10,29,22,14,35,22,100,22,54,43,43","7,28","20260801"
"ponds of clifton","C","37","170","23","","","0","0.06","65","53,34,28,34,34,28,28,81,65,81,100,100","1,13,28","20260801"
"pooks hill apartments bethesda","C","37","170","26","","","1.13","0.52","109","8,13,16,10,10,16,10,16,13,20,16,8","1,6,7,9,13,28","20260801"
"161 e chicago ave chicago il 60611","C","37","140","14","","","0","0.04","105","64,82,82,64,100,82,82,64,64,64,100,100","7,28","20260801"
"300 n state street chicago","N","37","140","24","","","0.64","0.06","125","33,52,80,52,100,100,0,52,66,66,52,80","7,9,28","20260801"
"898 oak st sw","C","37","140","17","","","0.51","0.04","107","28,28,23,15,18,18,18,18,18,28,28,35","9,13,28","20260801"
"898 oak street sw","C","37","140","20","","","0.71","0.04","109","23,19,9,19,23,23,19,15,15,23,36,36","9,13,21,28","20260801"
"premiere towers los angeles","C","37","140","18","","","0.8","0.12","128","65,28,43,43,34,43,43,43,28,53,65,65","1,5,7,9,13,21,28","20260801"
"300 n state street chicago il","N","37","110","25","","","0.64","0.06","120","52,52,42,42,52,66,33,66,52,66,66,100","7,9,28","20260801"
"3300 windy ridge pkwy","C","37","110","14","","","0.82","0.05","36500","42,66,52,52,52,52,33,42,42,52,33,66","9,13,28","20260801"
"350 s 200 e","C","37","110","16","","","0","0.03","181","52,52,52,42,52,42,42,42,33,52,52,66","28","20260801"
"buying a condo vs buying a house","C,N","37","110","17","","","0.82","0.06","141","22,2,2,0,6,8,6,100,66,22,43,22","6,9,20,21,28,43","20260801"
"difference between condo apartment and townhouse","C","37","110","4","","","0.11","0.14","134","19,42,26,34,42,80,34,42,42,53,42,53","6,7,9,21,28,43,50","20260801"
"homes for sale metropolis il","T","37","110","21","","","0.32","0.43","107","34,34,21,81,21,65,28,12,28,0,15,12","28","20260801"
"metropolis il homes for sale","T","37","110","21","","","0.15","0.42","86","2,12,28,17,10,53,23,23,23,100,35,43","28","20260801"
"161 east chicago avenue chicago il","C","37","90","8","","","1.78","0.07","110","100,0,0,0,0,0,0,0,0,0,0,3","7,9,28","20260801"
"3300 windy ridge pkwy se","C","37","90","14","","","0.82","0.05","107","8,11,18,15,18,18,11,15,15,18,15,18","28","20260801"
"condo in quezon city","N","37","90","10","","","0.38","0.11","137","64,82,41,41,41,82,52,52,41,52,41,52","3,7,9,13,21,28","20260801"
"difference between condo townhouse apartment","C,N","37","90","6","","","0.11","0.14","134","53,26,26,42,19,80,15,15,11,19,15,15","6,7,9,20,21,28,43,50","20260801"
"metropolis residential lobby","C","37","90","0","","","0","0.02","42","78,50,64,64,64,64,50,78,50,78,50,50","1,7,9,28","20260801"
"waterview aventura fl","C","37","90","4","","","2.51","0.21","105","41,41,52,41,41,52,52,52,52,41,41,41","1,7,9,13,21,28","20260801"
"why are condos so expensive","C","37","90","17","","","0","0.33","150","41,64,64,41,52,41,41,64,52,64,64,52","6,9,20,21,28,50","20260801"
"1111 19th street n arlington va","C","37","70","13","","","0","0.12","107","100,36,63,81,81,81,63,45,36,27,18,18","28","20260801"
"1321 seneca seattle wa","C,N","37","70","4","","","2.23","0.05","","100,63,45,63,63,36,45,63,45,81,27,63","9,28","20260801"
"1321 seneca st seattle wa","C","37","70","14","","","2.23","0.05","71","100,63,45,63,63,45,45,63,45,81,63,63","7,9,13,28","20260801"
"3 court square west long island city ny","C","37","70","12","","","0","0.11","110","100,42,11,11,7,11,7,7,7,11,7,7","7,9,28","20260801"
"5599 seminary road","C","37","70","12","","","1.01","0.06","117","11,6,8,11,11,11,11,11,11,15,11,11","6,7,9,28","20260801"
"800 w 1st st los angeles ca 90012","C","37","70","13","","","0","0.05","108","21,21,21,15,15,15,21,6,6,34,34,34","6,7,28","20260801"
"horizon daytona beach fl","N","37","70","11","","","1.11","0.44","111","50,64,14,35,28,35,28,50,50,50,50,14","1,7,9,13,28","20260801"
"savoy naples fl","C","37","70","5","","","1.49","0.31","48","5,7,5,5,7,5,7,7,10,12,7,2","1,6,7,13,21,28","20260801"
"condo vs house investment","C,N","37","50","26","","","0","0.03","126","7,7,7,11,7,7,7,7,7,65,53,11","6,7,9,21,28,43,50","20260801"
"metropolis in miami","N","37","50","7","","","2.25","0.1","114","100,0,63,63,18,27,81,63,9,18,18,36","3,7,21,28","20260801"
"639 south spring street","C","37","40","10","","","1.02","0.08","109","42,0,34,26,0,0,19,19,0,0,0,15","28","20260801"
"the horizon nyc","C","37","40","14","","","1.16","0.34","116","28,50,35,35,14,14,14,14,14,14,35,14","1,7,9,21,28","20260801"
"255 west falls station blvd","C","37","30","12","","","0.93","0.33","121","50,75,50,50,50,50,50,75,50,75,50,75","9,28","20260801"
"promenade towers los angeles","I","36","1300","27","","","0.53","0.11","108","8,13,18,16,18,7,10,100,24,35,29,24","1,6,7,9,21,28","20260801"
"homes for sale in metropolis il","T","36","590","17","","","0.32","0.43","86","67,67,67,44,54,81,54,67,67,81,81,81","7,28","20260801"
"bunker hill apartments","C","36","390","24","","","0.95","0.32","109","20,24,24,20,20,13,10,16,13,16,20,13","1,7,13,28","20260801"
"difference between condo and house","C","36","390","27","","","0.11","0.01","139","26,59,32,32,32,39,26,39,26,32,100,59","5,6,9,20,21,28,43,50","20260801"
"415 east 37th street new york ny","N","36","320","7","","","0.18","0.05","110","66,81,66,100,44,54,66,54,0,1,11,23","7,9,13,28","20260801"
"300 n state st chicago","N","36","260","22","","","0.64","0.06","117","29,29,35,22,81,81,81,81,54,100,81,100","7,9,13,28","20260801"
"bunker hill downtown la","C,T","36","210","26","","","0","0.02","130","39,32,17,11,21,48,11,14,9,26,21,1","1,6,7,9,13,21,28,43","20260801"
"metropolis at dadeland","C,T","36","210","10","","","0.77","0.09","113","35,66,81,66,66,29,18,18,14,14,18,22","1,9,21,28","20260801"
"portofino towers miami beach","C,T","36","210","16","","","0.67","0.05","60","13,100,1,10,13,13,16,8,8,16,10,13","1,6,9,28","20260801"
"300 n state street","N","36","170","20","","","0","0.02","119","81,81,100,65,53,28,21,21,34,43,28,65","7,9,28","20260801"
"timberlane village gardens","C","36","170","14","","","0","0.03","109","43,28,34,34,43,53,81,81,65,100,81,81","1,7,9,13,21,28","20260801"
"3 court square long island city","N","36","140","10","","","1.05","0.09","111","6,6,34,34,65,53,65,53,43,100,65,100","7,9,13,21,28","20260801"
"415 e 37th st new york ny","N","36","140","16","","","0.18","0.05","117","65,81,34,0,3,53,81,65,0,3,0,3","7,9,28","20260801"
"difference between condos and houses","C","36","140","13","","","0.06","0.02","142","43,23,17,12,5,12,10,82,35,28,43,53","6,9,21,28,50","20260801"
"should i buy a condo or a house","C","36","140","17","","","0.97","0.04","154","35,43,28,43,35,28,23,35,28,43,43,35","6,9,21,28,43","20260801"
"161 east chicago avenue chicago il 60611","C","36","110","10","","","0","0.04","34","82,52,41,64,100,82,82,64,41,64,100,82","7,28","20260801"
"415 east 37th street nyc","N","36","110","16","","","0.18","0.05","139","100,29,35,35,18,14,18,22,0,0,4,4","7,9,13,28","20260801"
"the promenade bethesda maryland","I","36","110","15","","","1.09","0.3","108","53,42,42,53,65,19,34,34,19,34,15,15","1,6,7,9,21,28","20260801"
"222 s figueroa st los angeles ca 90012","C","36","90","13","","","1.94","0.05","106","42,42,42,42,42,42,53,26,26,34,42,42","7,28","20260801"
"3300 windy ridge pkwy se atlanta ga 30339","C","36","90","13","","","0.89","0.05","111","42,42,52,33,33,52,52,52,52,66,66,80","6,28","20260801"
"5599 seminary rd falls church va 22041","C","36","90","13","","","0.96","0.09","103","21,15,15,28,34,34,21,28,21,53,81,53","6,7,28","20260801"
"639 s spring st","C","36","90","12","","","1.02","0.08","110","22,14,22,18,22,22,0,18,14,18,22,22","9","20260801"
"810 s spring st","C","36","90","14","","","0.66","0.1","109","17,5,11,9,9,7,7,5,5,9,9,14","7,9,28","20260801"
"898 oak street","C","36","90","16","","","0.62","0.04","111","50,78,78,64,50,50,50,50,50,64,100,100","9,28","20260801"
"difference between a condo and house","C","36","90","13","","","0.11","0.01","132","53,21,21,12,21,34,28,15,3,0,3,3","5,6,9,21,28,50","20260801"
"houses for sale in metropolis illinois","T","36","90","15","","","0.32","0.43","92","29,64,100,64,64,64,41,17,41,52,52,82","7,28","20260801"
"is it better to buy a house or condo","C,N","36","90","29","","","0.74","0.03","129","81,63,63,81,81,63,81,100,63,100,63,100","6,9,21,28,43,50","20260801"
"is it better to buy condo or house","C,N","36","90","17","","","0.74","0.03","156","100,45,81,63,81,100,81,100,100,100,100,100","6,9,21,28,43","20260801"
"thirty one condos","C","36","90","0","","","1.42","0.21","176","0,15,11,18,23,23,0,28,18,28,28,28","1,7,9,21,28","20260801"
"1111 19th street north arlington va","C","36","70","13","","","0","0.12","106","64,23,41,52,52,52,41,29,23,17,11,11","28","20260801"
"415 37th st","N","36","70","10","","","0.03","0.05","112","100,100,41,82,0,0,0,82,0,0,0,0","7,9,28","20260801"
"5599 seminary rd","C","36","70","14","","","1.01","0.06","111","17,10,12,17,17,23,17,17,23,23,17,17","6,7,9,28","20260801"
"898 oak st","C,N","36","50","15","","","0.62","0.04","113","26,26,7,7,7,7,7,7,7,42,53,53","9,13,28","20260801"
"difference between a condo and a house","C","36","50","24","","","0.11","0.01","137","14,52,42,23,23,23,14,33,14,33,33,52","6,9,20,21,28,43,50","20260801"
"how do you spell condo","C","36","50","22","","","0","0.33","162","77,100,77,77,100,77,33,55,44,22,33,77","7,9,20,21,28,36,50","20260801"
"pros and cons of buying condo vs house","C,N","36","50","27","","","0.05","0.06","146","22,55,55,44,55,77,55,77,55,100,22,77","6,9,21,28,43,50","20260801"
"1111 19th st arlington va","C","36","40","12","","","0","0.07","109","52,9,52,9,9,9,9,9,9,9,9,9","9,21,28","20260801"
"1111 19th st n arlington va 22209","C","36","40","12","","","0","0.07","107","9,9,9,9,52,9,9,9,9,9,9,9","28","20260801"
"portofino miami fl","C","36","40","16","","","0.59","0.04","117","100,27,0,9,18,9,9,63,45,63,63,27","7,9,20,28","20260801"
"silver lake rockford","N","36","40","0","","","0","0.06","115","50,78,64,14,14,14,14,14,14,14,14,100","7,9,13,21,28","20260801"
"the grand skyview","C","36","40","15","","","0","0.01","117","100,6,6,6,6,6,6,6,6,6,6,6","1,6,7,9,13,28","20260801"
"3 court square west","I","35","720","20","","","0","0.05","139","13,10,66,13,10,2,16,66,10,13,10,10","6,9,28","20260801"
"house vs condo","C,N","35","590","25","","","0.11","0.01","129","31,20,37,13,16,31,31,25,16,52,52,84","6,7,9,21,28,43,50","20260801"
"300 n state st","N","35","480","20","","","0.69","0.06","150","30,24,45,30,24,24,30,30,24,36,30,45","7,9,28","20260801"
"pooks hill rd bethesda","N","35","480","16","","","0.88","0.05","109","66,19,66,36,36,66,66,66,54,100,66,54","6,7,9,21,28","20260801"
"123 s figueroa st los angeles ca 90012","C","35","390","15","","","0.8","0.04","108","21,9,100,72,26,39,88,26,14,17,21,21","7,9,28","20260801"
"415 east 37th street new york","N","35","390","11","","","0.18","0.05","112","88,7,17,100,59,72,9,14,11,21,17,39","7,9,28","20260801"
"spring arts tower","C","35","390","10","","","0","0.04","106","19,44,15,100,67,19,54,54,44,44,54,44","1,7,9,13,21,28","20260801"
"123 s figueroa st","C","35","320","16","","","0.43","0.07","111","7,3,13,4,11,4,8,16,16,24,24,16","9,28","20260801"
"pooks hill road bethesda","N","35","320","13","","","0.88","0.05","109","66,15,19,36,36,9,19,66,54,100,5,4","6,7,13,21,28","20260801"
"portofino in west palm beach","C","35","260","15","","","0.91","0.09","174","45,100,8,16,16,3,5,3,3,6,3,2","7,9,28","20260801"
"415 e 37th st","I","35","210","17","","","0.35","0.07","116","36,36,29,29,36,23,19,19,23,36,54,44","6,7,9,28","20260801"
"portofino south beach","N","35","210","12","","","0.91","0.05","133","45,100,5,2,3,2,3,5,3,24,3,1","5,6,7,9,13,28","20260801"
"the keys walnut creek","C","35","210","20","","","0.67","0.27","109","29,36,29,29,29,19,19,23,23,36,54,100","1,5,7,9,13,21,28","20260801"
"the plaza pacific beach","C","35","210","17","","","0.89","0.16","114","36,100,6,3,5,5,5,8,8,13,1,1","1,7,9,13,28","20260801"
"639 s spring st los angeles ca 90014","C","35","140","14","","","0","0.06","109","34,28,21,34,43,34,43,43,34,65,43,43","7,9,28","20260801"
"123 figueroa st los angeles","C","35","110","16","","","0.37","0.18","104","64,100,41,52,41,52,52,64,41,52,41,41","7,28","20260801"
"the keys walnut creek ca","C","35","110","19","","","0.82","0.35","58","100,66,66,42,52,42,33,42,42,42,42,42","1,7,13,21,28","20260801"
"1111 19th st n arlington va","C","35","90","13","","","0.7","0.1","108","64,41,64,52,41,52,64,52,64,82,64,29","6,28","20260801"
"123 s figueroa st los angeles","C","35","90","14","","","0.46","0.16","109","100,64,82,52,41,29,29,64,41,52,11,41","7,9,13,28","20260801"
"2 bedrooms for sale near me","T","35","90","12","","","0.49","0.63","235","33,42,23,33,23,33,42,42,52,66,33,100","14,28,49,50","20260801"
"quebec city condos for sale","T","35","90","8","","","0","0.02","112","50,78,78,64,64,50,50,64,50,64,64,64","7,9,21,28","20260801"
"the horizon building","C","35","90","27","","","0","0.02","147","64,100,82,64,41,52,41,41,41,41,52,41","1,6,7,9,28","20260801"
"1321 seneca st","C,N","35","70","10","","","0","0.04","111","11,7,5,7,7,7,5,11,5,11,11,7","7,9,28","20260801"
"horizons daytona beach","N","35","70","4","","","1.01","0.47","117","52,42,9,23,19,23,19,33,33,33,33,33","1,9,13,28","20260801"
"1444 church st nw","C","35","50","10","","","0","0.03","112","6,15,15,12,15,12,15,6,12,21,9,6","6,9,13,28","20260801"
"255 w falls station blvd","C","35","50","13","","","1.26","0.11","106","45,63,63,45,45,63,45,45,100,45,0,36","9,28","20260801"
"silver lake rockford mi","N","35","50","8","","","0","0.06","112","64,82,64,29,17,17,23,17,17,23,23,82","7,9,13,21,28","20260801"
"123 figueroa street","C","35","40","17","","","0.8","0.24","107","78,14,14,14,14,14,14,14,14,14,78,14","7,9,21,28","20260801"
"3 bedrooms for sale near me","T","35","40","14","","","0.62","0.69","10","19,14,4,14,33,9,9,33,23,9,4,9","21,28,50","20260801"
"buying a house vs condo","C,N","35","40","21","","","0.82","0.06","127","2,5,35,5,2,17,5,23,2,5,7,5","6,9,21,28,43,50","20260801"
"individually owned apartment","C","35","40","15","","","1.27","0.6","115","23,0,100,0,14,0,9,14,42,0,19,4","3,9,21,28,50","20260801"
"bunker hill in los angeles","C","34","1300","27","","","0","0.05","158","52,3,46,100,100,68,84,84,84,100,100,52","1,6,7,9,13,21,28,36,50","20260801"
"415 east 37th street","C","34","590","17","","","0.18","0.05","128","20,81,20,62,24,16,8,10,24,100,13,30","1,7,9,13,28","20260801"
"metropolis dadeland miami","I","34","480","18","","","0.77","0.06","113","54,19,19,44,66,54,66,66,81,100,100,81","1,6,7,21,28","20260801"
"300 n state","N","34","320","25","","","0","0.03","145","35,35,54,54,43,81,81,100,81,81,66,81","7,9,28","20260801"
"metropolis property management","I","34","320","26","","","1.17","0.04","108","66,81,54,54,66,54,54,66,66,66,54,54","1,6,7,28","20260801"
"123 south figueroa street","C","34","260","18","","","0.44","0.08","113","16,4,7,7,2,1,7,31,11,20,20,16","7,9,13,21,28","20260801"
"123 s figueroa","C","34","210","18","","","0.44","0.08","113","23,11,28,23,23,23,44,28,28,44,44,35","7,9,13,21,28","20260801"
"123 south figueroa street los angeles ca","C","34","210","14","","","0","0.02","108","43,18,29,29,14,14,18,100,81,100,54,66","7,9,28","20260801"
"promenade towers los angeles reviews","N","34","170","17","","","3.36","0.06","109","65,53,42,80,65,100,100,100,53,100,65,53","1,6,7,9,28","20260801"
"townhome townhouse difference","C,N","34","170","11","","","0.1","0.29","122","0,0,0,0,100,0,0,0,0,0,0,0","6,7,9,21,28,43,50","20260801"
"415 east 37th","C","34","140","5","","","0.18","0.05","126","100,29,35,10,14,14,18,10,14,22,14,18","7,9,13,28","20260801"
"pooks hill tower","C","34","140","17","","","1.27","0.29","109","34,43,21,28,34,43,21,53,43,100,28,28","1,6,7,9,13,21,28","20260801"
"metropolis midtown atlanta","C","34","110","3","","","1.1","0.09","107","53,43,34,28,28,21,28,34,28,34,28,15","1,7,9,13,21,28","20260801"
"639 s spring st los angeles","C","34","90","14","","","1.02","0.08","110","100,63,81,63,81,100,100,100,63,100,100,100","9,28","20260801"
"chicago olympia center","C","34","90","7","","","0","0.03","107","17,17,17,17,28,17,23,23,17,28,28,17","7,21,28,50","20260801"
"is it better to buy a condo or house","C,N","34","90","16","","","0.74","0.03","147","100,63,100,81,81,81,81,81,81,81,81,81","6,9,21,28,43,50","20260801"
"2724 kahoaloha ln","C","34","70","8","","","0","0.03","110","21,21,28,21,21,21,21,21,21,21,28,34","7,28","20260801"
"2828 n burling st","C","34","70","13","","","0","0.04","107","9,7,5,4,5,5,5,7,7,7,9,7","5,9,13","20260801"
"3 court sq","I","34","70","19","","","0.53","0.1","193","0,5,0,4,15,0,0,36,23,0,0,44","5,6,9,28","20260801"
"is it better to buy a condo or a house","N","34","70","19","","","0.74","0.03","155","78,14,50,7,35,64,35,78,50,35,35,100","6,9,20,21,28,36,43,50","20260801"
"portofino miami beach fl","C","34","70","12","","","1.99","0.11","134","77,100,77,55,77,100,100,100,77,100,77,77","6,7,9,20,28","20260801"
"is a townhouse an apartment","C,N","34","50","17","","","0","0.01","160","3,6,6,8,15,11,8,6,6,6,8,8","6,9,11,20,21,28,43","20260801"
"la tour dallas","I","34","50","16","","","0.42","0.1","109","4,6,14,18,4,8,8,14,14,6,4,8","1,6,7,9,13,21,28","20260801"
"tri pointe homes santa clarita","I","34","50","23","","","13.42","0.38","107","5,5,5,28,5,5,35,7,5,28,5,35","3,6,9,21,28","20260801"
"portofino miami florida","N","34","40","11","","","0.59","0.04","128","100,27,0,27,18,9,9,63,45,63,63,27","3,7,9,20,28","20260801"
"altis santa clarita","I","34","30","23","","","2.68","0.63","107","7,11,15,7,7,7,11,7,19,19,7,19","1,6,9,21,28","20260801"
"bunker hill california","C,T","33","720","29","","","0","0.02","128","54,54,41,24,30,20,20,24,20,36,36,41","1,6,7,9,13,20,21,28,36,43","20260801"
"pooks hill rd bethesda md","N","33","260","20","","","0.88","0.05","108","43,100,29,54,22,29,29,100,66,100,54,66","6,7,21,28","20260801"
"portofino miami beach","C","33","260","8","","","1.69","0.23","136","45,100,10,8,8,10,10,10,10,10,10,10","5,6,7,9,13,28,50","20260801"
"town house vs apartment","C,N","33","210","6","","","0.37","0.01","129","23,44,35,35,35,44,35,35,44,28,28,28","6,9,21,28,43","20260801"
"1247 saint anthony avenue","C","33","140","16","","","0","0.05","113","22,18,14,18,100,22,29,22,22,35,43,29","9,28","20260801"
"415 east 37th street ny ny","C","33","140","6","","","0.18","0.05","149","81,23,11,23,18,15,11,15,11,0,0,0","7,9,13,28","20260801"
"metropolis atlanta ga","N","33","140","3","","","1.1","0.09","106","65,53,42,34,65,42,34,42,34,42,34,26","1,6,7,9,13,21,28","20260801"
"3 court square long island city ny 11101","I","33","110","14","","","1.35","0.03","109","100,11,11,8,6,8,6,6,8,44,44,66","6,9,28","20260801"
"415 e 37th st new york ny 10016","C","33","110","15","","","0","0.03","110","17,14,14,9,14,11,7,7,9,11,17,14","7,9,28","20260801"
"la tour miami beach","C","33","110","6","","","0.74","0.08","136","7,11,9,9,11,11,11,17,11,17,17,14","1,9,13,21,28","20260801"
"pooks hill tower bethesda","C","33","110","17","","","1.27","0.29","107","42,53,26,42,42,15,34,53,53,100,19,15","1,6,7,9,21,28","20260801"
"222 s figueroa","C","33","90","18","","","0","0.01","109","52,42,33,42,52,23,33,52,52,80,33,14","6,7,9,28","20260801"
"3 court square lic","N","33","40","13","","","1.08","0.14","107","11,100,11,11,11,11,11,11,11,11,11,11","7,28","20260801"
"3 court square","C","32","480","23","","","1.05","0.1","150","59,48,48,48,39,26,39,39,32,59,48,48","3,5,6,7,13,28","20260801"
"1247 st anthony ave","C","32","170","17","","","0","0.03","110","22,43,35,18,100,29,29,22,22,35,43,43","13,28","20260801"
"townhouse vs townhome","C,N","32","170","15","","","0.11","0.02","20","28,53,43,35,35,43,35,53,35,43,66,100","6,9,21,28,50","20260801"
"shadowood reston va","N","32","140","19","","","1.4","0.04","106","100,43,34,43,65,15,34,28,21,34,15,9","3,7,9,13,28","20260801"
"the landing milwaukee","C","32","140","11","","","0.8","0.07","113","34,53,42,26,42,42,65,100,53,34,34,42","1,7,9,21,28","20260801"
"2828 n burling","C","32","70","15","","","0","0.02","104","52,41,29,23,52,29,29,41,41,41,41,29","7,9,13,28","20260801"
"9025 w desert inn","C","32","50","19","","","0.46","0.12","106","11,11,3,11,11,11,11,3,11,18,18,11","1,6,7,9,21,28","20260801"
"the key walnut creek","C","31","70","16","","","6.52","0.14","105","45,63,81,63,63,63,63,45,45,63,45,18","1,7,28","20260801"
"river place wilmington nc","C","31","30","0","","","0.88","0.15","108","6,3,5,5,3,3,3,3,3,3,8,8","1,7,9,13,21,28","20260801"
"palazzo del sol fisher island","C,T","30","390","15","","","0","0.03","107","66,66,81,54,81,81,100,100,100,100,100,100","1,7,13,21,28,36","20260801"
"executive keys port aransas tx","I","30","210","25","","","0.66","0.82","106","29,54,19,29,12,6,9,19,19,36,29,19","1,7,21,28","20260801"
"palazzo del sol","C","30","90","13","","","0","0.01","106","34,26,34,19,26,26,34,26,26,34,42,34","1,6,7,9,13,21,28","20260801"
"1247 st anthony ave st paul mn 55104","C","30","70","15","","","1.11","0.06","107","11,41,11,64,64,11,82,11,11,64,41,41","7,28","20260801"
"what is a cando","C","30","70","18","","","0.11","0.09","132","0,2,2,36,7,5,2,2,2,7,7,12","5,9,21,28,36,50","20260801"
"paradise pointe cherry grove","C","30","40","2","","","0.86","0.49","109","100,50,14,14,14,14,21,14,21,35,35,100","1,5,7,13,21,28","20260801"
"tivoli community association","I","29","90","4","","","0","0.02","107","100,100,81,63,81,63,63,81,45,63,81,63","1,6,7,9,28","20260801"
"shadow wood community association","C,T","28","90","9","","","0","0.33","108","11,11,15,11,15,18,18,18,15,15,8,11","1,13,21,28","20260801"
"paradise pointe myrtle beach","C","26","140","3","","","0.86","0.43","108","42,100,65,65,65,34,26,34,34,42,42,42","1,9,13,21,28","20260801"
"paradise pointe north myrtle beach sc","C","26","70","3","","","1.16","0.5","112","100,64,50,50,35,28,14,50,35,64,50,50","1,7,9,21","20260801"
"paradise pointe myrtle beach sc","C","26","40","2","","","1.2","0.6","107","52,52,9,9,9,9,9,9,9,9,9,9","1,7,9,28","20260801"
"paradise pointe north myrtle beach","C","25","170","3","","","1.16","0.5","107","43,53,65,53,34,43,53,65,53,65,43,53","1,7,9,21,28","20260801"
"31 on 30a","C","24","40","0","","","1.52","0.28","135","52,80,9,9,9,9,9,9,9,9,23,23","1,9,28","20260801"