"Keyword","Intent","Relevance","Volume","KD %","PKD %","Pot. traffic","CPC","Competition","Results","Trend","SERP Features","Updated"
"forest hills montgomery al","C","63","70","21","","","0","0.05","103","50,50,50,50,50,50,50,50,35,50,50,78","1,6,9,13,21,28","20260801"
"forest hills montgomery alabama","C","60","70","23","","","2.63","0.05","112","33,33,33,33,33,33,33,33,23,33,33,42","1,9,21,28","20260801"
"morgan elementary paducah","I","60","70","29","","","0","0.33","108","14,78,78,78,14,78,14,14,14,78,78,100","1,6,7,21,28","20260801"
"morgan elementary hamilton nj","I","60","50","19","","","0","0.33","107","11,11,41,41,41,11,11,11,11,41,11,41","1,6,7,28","20260801"
"marumsco village woodbridge va","C","59","50","20","","","0","0.06","112","64,64,11,11,11,11,11,64,11,11,11,11","1,9,13,21,28","20260801"
"windsor hill montgomery al","N","59","40","18","","","5.16","0.26","110","100,6,6,6,6,6,6,6,6,6,6,43","1,6,9,21,28","20260801"
"windsor forest savannah ga","C","58","170","19","","","0.47","0.08","121","53,53,80,65,65,53,53,65,42,53,53,80","1,7,9,13,20,21,28","20260801"
"savannah ga to largo fl","C","58","50","13","","","0","0.33","1380000","23,52,41,100,11,11,11,11,11,11,11,11","21,28","20260801"
"morrell park baltimore","C","57","1300","29","","","0.22","0.03","114","100,66,54,41,100,79,66,24,13,20,20,20","1,6,7,9,13,20,21,28,50","20260801"
"windsor forest savannah","C,T","57","140","19","","","0.47","0.08","114","33,42,80,42,80,52,66,80,52,66,66,100","1,7,9,20,21,28","20260801"
"morrell park baltimore md","C","57","110","27","","","0.22","0.03","117","21,26,0,0,0,0,0,17,9,26,17,21","1,6,7,9,13,20,21,28","20260801"
"mayo meadow tulsa","C","56","170","19","","","0","0.03","114","65,53,65,65,65,65,53,65,42,65,53,100","1,7,9,13,21,28","20260801"
"morrell park md","C","56","170","28","","","0.22","0.03","132","81,12,0,0,0,0,0,44,36,66,6,6","1,7,9,20,21,28","20260801"
"greenwood forest dr","C","56","90","13","","","0.76","0.07","109","78,78,78,64,64,50,100,50,50,50,0,0","7,28","20260801"
"greenwood forest hoa","C,T","56","70","2","","","0","0.33","109","34,42,26,26,26,15,19,34,7,7,42,80","1,6,7,9,21,28","20260801"
"fox mill student links","I","56","40","12","","","0","0.33","108","9,9,52,52,9,9,9,9,9,9,9,9","28","20260801"
"moss park orlando florida","I","55","140","22","","","0.21","0.01","114","0,0,43,0,54,43,43,100,54,35,66,43","1,7,9,13,21,28","20260801"
"camping at moss park","C,T","55","90","25","","","0.77","0.02","112","0,0,0,0,0,0,0,0,100,0,0,7","1,6,7,9,21,28,36","20260801"
"moss park preserve","I","55","90","21","","","0.49","0.07","105","22,29,18,22,18,22,14,18,18,14,18,22","1,7,9,13,21,28","20260801"
"sherwood park modesto","C","55","70","23","","","0","0.33","110","7,7,42,7,7,7,7,7,42,42,100,26","1,5,7,9,13,21,28","20260801"
"morrell park maryland","C","54","720","29","","","0.22","0.03","114","20,2,36,100,100,8,8,1,0,0,0,0","1,7,9,13,20,21,28,50","20260801"
"wellswood tampa fl","C","54","260","20","","","0.88","0.05","108","10,55,6,20,13,8,13,16,13,30,24,20","1,9,13,20,21,28","20260801"
"morton meadows omaha ne","C","54","170","28","","","0.78","0.08","109","35,35,29,81,22,10,29,14,4,35,35,4","1,6,9,28","20260801"
"woodbridge valley catonsville md","C","54","170","19","","","0","0.03","107","65,65,26,53,65,65,65,80,65,100,100,100","1,7,9,28","20260801"
"morrell park philadelphia","C,T","54","140","21","","","0","0.02","106","66,35,35,35,28,35,35,28,28,35,43,35","1,7,9,13,21,28","20260801"
"1 riverwood drive moncks corner sc","C","54","90","18","","","0","0.03","107","26,15,19,34,34,26,100,26,19,26,42,26","7,28","20260801"
"mosswood oakland ca","C,T","54","90","18","","","0","0.03","112","50,78,64,50,78,64,64,100,64,78,100,100","1,6,7,9,13,20,21,28","20260801"
"oak grove richmond va","C","54","70","18","","","0","0.05","106","41,52,29,29,41,41,41,41,41,41,41,41","1,6,7,9,21,28,50","20260801"
"marvin's moncks corner sc","C","54","50","23","","","0.49","0.15","105","5,5,5,5,28,2,35,5,5,28,5,5","1,7,9,21,28","20260801"
"1 riverwood drive moncks corner sc 29461","C","54","40","8","","","0","0.33","109","44,22,22,77,22,77,44,33,22,44,44,33","7,9,28","20260801"
"220 woodscape drive albany ny","C","54","40","14","","","0","0.33","1240","100,11,11,11,11,11,11,11,11,0,11,11","7,9,28","20260801"
"marriott conference center chantilly va","T","54","40","29","","","0.76","0.27","107","0,0,0,0,0,0,0,0,100,0,0,0","1,7,9,17,21,28","20260801"
"mosswood park events","C,T","54","40","8","","","0","0.33","112","78,78,14,14,14,14,14,14,14,14,14,14","1,6,9,21,28","20260801"
"mosswood park oakland ca","C,T","54","40","25","","","0","0.33","112","36,63,18,18,18,18,18,81,27,18,18,36","1,6,7,9,13,21,28,36","20260801"
"mosswood park upcoming events","C","54","40","5","","","0","0.03","109","100,100,18,18,18,18,18,18,18,18,18,18","6,9,13,21,28,50","20260801"
"phantom outdoors moncks corner","I","54","40","18","","","0","0.1","168","7,7,7,7,7,42,53,7,7,7,7,7","1,6,7,9,21,28","20260801"
"discovery village farmington","I","53","320","17","","","3.11","0.15","100","0,0,1,23,81,81,81,100,81,100,100,100","1,6,13,21,28","20260801"
"mcgirts creek jacksonville fl","C","53","170","18","","","0.91","0.06","54","15,66,44,18,54,8,23,18,15,18,18,23","1,7,9,13,21,28","20260801"
"3434 gray st muscoy ca","C","53","140","20","","","0","0.33","108","100,0,1,1,0,0,0","5,7,9,13,20,28","20260801"
"marumsco acre lake park","C,T","53","140","15","","","0","0.02","109","13,10,8,6,10,3,3,5,5,16,24,24","1,7,13,21,28","20260801"
"greenwood forest houston","C,T","53","70","19","","","0.31","0.12","118","14,23,14,14,23,14,9,52,100,52,19,14","1,7,9,13,21,28","20260801"
"greenwood forest houston tx","C","53","70","16","","","0.37","0.07","117","11,19,11,11,19,7,7,42,42,42,7,7","1,7,9,21,28","20260801"
"jacobs reserve conroe","N","53","70","20","","","1.29","0.43","107","81,63,45,63,63,63,63,81,63,81,100,63","1,6,7,9,21,28","20260801"
"muscoy ca homes for sale","T","53","70","13","","","0.08","0.31","129","7,3,7,0,11,26,53,100,42,26,80,42","7,28","20260801"
"windsor forest florence sc","I","53","70","15","","","0","0.04","151","15,19,19,19,34,19,53,42,42,26,19,19","6,9,28","20260801"
"chateau woodley hart","I","53","50","17","","","0.6","0.05","106","18,100,100,100,18,18,18,18,18,18,18,18","1,5,6,7,28","20260801"
"moss grove boulevard","C","53","50","9","","","0","0.02","108","14,14,78,14,78,78,100,35,14,14,14,14","7,9,28","20260801"
"saw mill way","C","53","40","13","","","0","0.04","96400000","100,18,100,18,100,18,18,18,18,18,18,18","7,9,21,28","20260801"
"woodlands of knoxville knoxville tn","I","53","40","25","","","0.7","0.06","109","0,0,0,0,0,0,0,48,0,0,0,0","1,6,7,9,21,28","20260801"
"woodmont library des moines wa","C,T","52","390","26","","","0","0.03","104","20,6,16,100,100,13,8,45,6,20,16,13","1,7,9,21,28","20260801"
"meadows at montgomery","C","52","210","12","","","0.67","0.16","107","66,66,53,53,43,43,35,43,35,43,66,66","1,7,9,13,21,28","20260801"
"bonnevista terrace mobile home","C","52","170","11","","","0","0.03","110","43,43,65,43,43,43,53,100,34,34,53,65","1,7,9,21,28,50","20260801"
"woodbridge valley md","C","52","170","16","","","0","0.03","104","65,65,26,53,65,65,65,80,65,100,100,100","1,7,9,21,28,50","20260801"
"bryant elementary dubuque","I","52","110","20","","","0","0.33","","14,23,80,52,100,66,52,66,42,66,66,66","1,6,7,28","20260801"
"bryant elementary riverside","I","52","110","27","","","0","0.33","109","34,21,21,43,53,21,21,28,21,28,21,12","1,6,7,13,21,28","20260801"
"woodbridge valley catonsville","C","52","110","19","","","0","0.03","107","66,66,52,66,80,52,33,52,42,52,52,52","1,7,9,21,28","20260801"
"12215 northwood forest dr houston tx 77039","C","52","90","6","","","0.99","0.05","104","35,78,78,78,78,78,100,14,50,50,78,50","7,28","20260801"
"bryant elementary long beach","I","52","90","22","","","0","0.01","114","52,33,52,52,42,33,33,23,23,33,33,19","1,6,7,9,21,28","20260801"
"fox grove circle","C","52","90","16","","","0","0.02","111","2,2,12,4,2,4,4,4,2,4,2,2","7,9,28","20260801"
"moss grove plantation","I","52","90","29","","","1.29","0.12","107","28,17,17,23,28,23,10,12,17,28,23,17","1,3,6,9,13,21,28","20260801"
"13455 woodforest blvd houston tx 77015","C","52","70","17","","","0.78","0.06","107","9,9,9,9,52,52,66,52,33,66,52,52","7,9,21","20260801"
"13455 woodforest houston tx 77015","C","52","70","14","","","0.78","0.06","107","14,14,14,14,78,78,100,78,50,100,14,14","7,9,28","20260801"
"4132 dale blvd woodbridge va 22193","C","52","70","17","","","0","0.02","107","100,6,6,6,6,6,6,6,6,34,34,43","6,7,21,28","20260801"
"74 southwoods parkway atlanta ga","C","52","70","20","","","0","0.02","111","78,78,14,78,78,14,100,50,50,35,50,50","7,21,28","20260801"
"bryant elementary katy","I","52","70","23","","","0","0.01","109","9,6,9,15,9,12,6,9,9,12,12,15","1,5,6,7,9,13,21,28","20260801"
"bryant elementary sioux city","I","52","70","21","","","0","0.33","109","29,41,52,41,64,52,41,29,29,52,52,64","1,6,7,9,21,28","20260801"
"fox grove apartments roselle","C","52","70","19","","","0.49","0.3","107","52,52,9,9,9,9,9,9,52,42,33,33","1,7,21,28","20260801"
"rancho buena vista mobile estates","C,T","52","70","11","","","0","0.01","174","78,78,64,64,50,64,50,50,50,50,64,35","1,6,7,9,21,28","20260801"
"the meadows boynton beach fl","C","52","70","17","","","0.13","0.23","141","64,64,52,41,41,23,41,52,29,41,41,17","1,7,9,21,28","20260801"
"timber oaks drive","C","52","70","15","","","0","0.02","110","63,45,63,100,81,63,63,63,63,63,63,81","28","20260801"
"1000 parkwood cir se atlanta ga 30339","C","52","50","9","","","0","0.07","105","11,64,11,11,11,11,11,64,11,64,11,11","7,9,28","20260801"
"5522 woodbrier dr","C","52","50","14","","","1.69","0.04","104","7,7,7,7,7,42,53,7,42,42,42,53","7,28","20260801"
"a country place lakewood nj","C","52","50","19","","","1.19","0.05","177","21,34,21,21,15,21,6,6,6,6,6,9","1,7,13,28","20260801"
"bryant elementary owosso mi","C,T","52","50","21","","","0","0.33","113","14,14,78,78,78,14,14,14,14,78,14,100","1,6,7,9,21,28,50","20260801"
"highland grove at morrison ranch","I","52","50","19","","","1.31","0.15","","5,10,2,2,7,0,17,53,23,35,17,35","6,7,9,28","20260801"
"2801 technology forest blvd","I","52","40","22","","","0","0.01","109","3,3,3,3,18,3,3,3,3,18,18,28","6,21,28","20260801"
"31 langdon grove carmel ny","C","52","40","13","","","0","0.33","126000","9,100,100,18,18,18,18,18,18,18,18,18","","20260801"
"bryant elementary school long beach","I","52","40","24","","","0","0","117","21,3,3,6,0,12,6,3,15,21,15,21","1,6,7,9,21,28","20260801"
"bryant elementary school milwaukee","C","52","40","12","","","0","0","109","35,21,50,64,50,35,50,7,0,0,28,14","1,9,21,28","20260801"
"bryant elementary school riverside","I","52","40","26","","","0","0","108","36,27,45,36,9,9,36,18,45,63,27,9","1,6,7,9,21,28","20260801"
"everly at morrison ranch luxury apartments reviews","N","52","40","24","","","1.09","0.15","189","11,100,11,11,11,41,11,11,11,11,11,11","1,7,9,21,28","20260801"
"fox grove dawsonville","I","52","40","24","","","1.07","0.43","105","100,18,18,18,18,18,18,18,18,18,18,18","3,6,7,9,13,28","20260801"
"moss grove plantation moncks corner sc","C","52","40","16","","","1.02","0.22","108","11,11,11,11,11,64,11,11,11,64,64,82","1,9,28","20260801"
"palm meadows berkshire collection in boynton beach","C","52","40","7","","","0","0.33","136000","57,57,71,100,71,57,42,71,42,42,71,71","3,7,9","20260801"
"palm meadows wilshire collection in boynton beach","C","52","40","0","","","0","0","8180","28,57,71,100,71,71,71,71,71,71,71,71","7,9,50","20260801"
"sherwood park stockton","C","52","40","8","","","0","0.33","62","100,18,18,18,18,18,18,18,18,18,18,18","1,5,7,9,21,28","20260801"
"where is woodmont beach","C","52","40","15","","","0","0.33","132","0,0,0,0,100,5,5,5,5,5,5,5","7,9,28,50","20260801"
"woodforest blvd houston tx","C","52","40","18","","","0","0.03","107","18,18,18,18,18,18,18,100,18,100,18,18","7,9,21,28","20260801"
"12800 woodforest houston tx 77015","C","52","30","14","","","1.91","0.17","","0,19,7,7,15,7,19,19,42,7,19,42","6,7,9,21,28","20260801"
"3002 benton grove pooler ga 31322","C","52","30","13","","","0.91","0.13","95","80,60,60,60,80,80,60,80,80,60,80,60","6,7,28","20260801"
"reserve at sleepy hollow","I","52","30","12","","","2.77","0.28","103","28,28,28,28,100,28,28,28,57,57,42,28","1,6,7,9","20260801"
"timber oaks jacksonville fl","T","52","30","10","","","2.56","0.27","107","52,9,9,9,9,9,9,9,9,9,9,14","1,7,9,21,28","20260801"
"moss park orlando","C","51","720","29","","","0.41","0.33","121","39,48,88,59,72,72,72,88,88,59,72,59","1,5,6,7,9,13,21,28,36","20260801"
"grove park jacksonville florida","C","51","260","15","","","0.14","0.05","53","67,12,15,0,67,3,12,36,36,54,5,2","1,9,21,28","20260801"
"fox mill road","C","51","170","15","","","0","0.03","111","19,6,9,15,12,12,19,15,12,100,23,19","9,28","20260801"
"northwoods st louis mo","C","51","110","20","","","0","0.04","117","80,52,52,66,80,23,33,33,33,42,42,19","1,9,21,28,41","20260801"
"woodbridge valley maryland","C","51","110","15","","","0","0.03","112","82,64,41,52,64,64,82,41,52,64,82,100","1,7,9,21,28,50","20260801"
"meadows on the green boynton","C,T","51","90","19","","","0.65","0.11","113","50,50,50,64,50,35,50,64,78,100,21,14","1,7,9,21,28","20260801"
"modesto verde estates","T","51","90","17","","","0.11","0.07","109","9,52,52,52,52,52,19,23,33,23,23,19","1,5,7,13,21,28","20260801"
"moss grove reviews","N","51","90","13","","","0","0.01","108","100,50,64,64,64,50,78,50,78,64,78,50","1,6,7,9,28,50","20260801"
"mosswood neighborhood oakland","C,T","51","90","19","","","0","0.02","136","78,64,35,50,64,50,50,100,50,78,100,100","1,6,7,9,13,20,21,28,50","20260801"
"eagle chase woodbury","N","51","70","10","","","0.11","0.06","105","52,66,52,33,33,33,23,33,23,33,33,23","6,9,28","20260801"
"a country place lakewood","C","51","40","27","","","1.19","0.05","106","63,45,63,63,45,63,18,18,18,18,18,18","1,9,28","20260801"
"glynlea grove park jacksonville fl","C","50","390","20","","","0.14","0.05","107","67,19,15,36,67,54,54,36,36,54,54,44","1,7,9,21,28","20260801"
"grove park jacksonville","C,T","50","320","20","","","0.14","0.05","125","36,81,23,29,36,15,54,19,15,29,29,29","1,7,9,13,21,28","20260801"
"mcgirts creek jacksonville","C","50","320","19","","","0.91","0.06","111","66,23,19,44,66,66,36,36,23,44,44,36","1,6,7,9,13,21,28,50","20260801"
"the woodlands knoxville tn","I","50","320","26","","","1.95","0.32","139","29,44,44,36,36,29,23,44,23,36,44,44","3,6,7,9,13,28","20260801"
"chosewood park atlanta ga","C,T","50","260","21","","","0.29","0.04","110","8,8,37,68,7,5,5,8,3,8,4,5","1,6,7,9,13,20,21,28","20260801"
"jacobs reserve texas","N","50","260","26","","","1.17","0.14","107","66,29,22,43,100,54,54,54,43,66,81,66","3,6,7,9,28","20260801"
"amber pines at fosters ridge","I","50","210","28","","","0.59","0.08","162","43,54,54,43,43,29,29,22,14,43,66,66","1,6,7,9,28","20260801"
"chosewood park atlanta georgia","C","50","170","21","","","0.16","0.04","105","36,5,16,30,6,16,8,10,6,13,3,2","1,6,7,9,20,21,28","20260801"
"fox mill rd","C","50","170","15","","","0","0.03","111","53,43,17,53,43,23,66,23,23,100,35,28","6,9,28","20260801"
"moody river estates florida","C","50","170","6","","","0.36","0.11","51","43,34,34,28,65,43,43,53,53,100,53,43","1,6,21,28","20260801"
"foster ridge conroe tx","N","50","110","12","","","1.04","0.3","323000","3,4,3,4,3,3,3,4,3,4,4,3","7,9,13,21,28","20260801"
"moss grove photos","C,T","50","110","2","","","0","0.05","101","35,12,23,28,17,17,100,17,17,28,28,17","5,6,7,13,28","20260801"
"the meadows boynton beach","C","50","110","18","","","0.13","0.23","119","43,43,34,28,21,34,34,34,28,34,28,43","1,7,9,13,21,28","20260801"
"a country place nj","C","50","40","25","","","1.19","0.05","108","63,45,63,63,45,63,0,18,18,18,18,18","1,28","20260801"
"muscoy san bernardino ca","C,T","49","480","29","","","0","0.02","111","8,3,5,3,8,4,2,82,11,16,20,13","1,7,9,13,21,28,41","20260801"
"grove park jacksonville fl","C","49","390","20","","","0.14","0.05","121","54,81,19,19,81,29,54,44,44,66,66,54","1,7,9,13,21,28,50","20260801"
"glynlea park jacksonville fl","C","49","210","18","","","0","0.02","106","43,18,29,54,100,10,8,54,43,100,18,8","1,7,9,21,28","20260801"
"mosswood apartments victoria tx","I","49","140","25","","","0.5","0.27","73","42,65,53,53,53,42,34,65,80,80,42,53","1,6,7,21,28","20260801"
"moss park road","C","49","110","15","","","0","0.03","110","52,66,52,66,80,33,33,23,42,33,23,100","7,9,13,21,28","20260801"
"foster ridge conroe","N","49","90","11","","","1.04","0.3","108","52,41,52,64,82,23,52,82,64,100,41,23","7,9,13,21,28","20260801"
"morgandale condominium clubhouse","I,T","49","90","16","","","0","0.05","108","80,33,100,52,23,23,33,23,19,33,33,19","1,5,7,13,28","20260801"
"brook forest townhomes","I","49","70","15","","","1.15","0.32","128","50,50,35,35,14,21,21,78,78,78,78,100","6,9,20,28","20260801"
"moss grove pool","C","49","70","16","","","0","0.01","5760000","100,64,50,50,64,50,28,28,35,50,50,64","1,7,9,28","20260801"
"rogers park fort collins","C","49","70","13","","","0","0.01","116","82,64,41,41,52,41,29,23,29,52,41,52","1,7,9,13,21,28,50","20260801"
"sherwood park modesto ca","C","49","70","22","","","0","0.33","71","7,7,42,7,7,7,7,7,42,42,100,26","1,5,7,13,21,28","20260801"
"cypress ridge moncks corner","N","49","40","0","","","2.57","0.25","110","15,42,11,7,19,11,7,11,11,7,26,15","9,15,28","20260801"
"woodmont beach des moines wa","C,T","48","1300","13","","","0","0.06","108","100,1,24,44,52,27,24,24,16,36,44,44","1,7,9,13,21,28","20260801"
"maa greenwood forest","C,T","48","1000","20","","","0.8","0.18","52","55,62,62,62,100,62,62,81,62,20,16,10","1,7,28","20260801"
"glynlea grove park","C","48","260","21","","","0.29","0.05","102","44,7,15,36,29,5,15,36,36,54,4,3","1,7,9,13,21,28","20260801"
"friendly village of modesto","C","48","170","17","","","0.5","0.05","139","65,43,65,53,43,43,53,65,53,34,34,53","1,9,21,28","20260801"
"gilford park nj","C,T","48","170","22","","","0","0.02","112","65,65,80,65,80,65,53,53,53,65,80,100","1,5,6,7,13,28","20260801"
"shady oaks dr","C,N","48","170","16","","","0","0.03","114","19,19,23,15,15,12,10,19,12,15,19,5","28","20260801"
"friendly village modesto","C","48","110","17","","","0.5","0.05","146","34,28,28,34,28,28,28,53,34,21,21,43","1,7,9,21,28","20260801"
"meadows on the green boynton beach","C,T","48","110","18","","","0.47","0.16","113","23,28,35,28,23,28,23,23,35,35,23,28","1,7,9,13,21,28","20260801"
"betsy ross mahwah","I,T","48","90","26","","","0","0.33","109","100,45,81,100,81,63,63,63,63,63,63,63","1,6,7,21,28","20260801"
"greenwood forest drive","C","48","70","12","","","0","0.07","110","100,63,81,63,81,63,63,45,27,63,18,18","7,28","20260801"
"westfields chantilly va","C","48","70","19","","","0.71","0.07","115","52,52,33,42,33,42,33,9,9,9,9,14","1,6,7,9,13,21,28","20260801"
"mockingbird heights park","C","48","40","9","","","0","0.02","111","14,14,14,14,14,14,14,14,14,78,78,100","1,7,28","20260801"
"cypress ridge moncks corner sc","N","48","30","0","","","2.76","0.18","114","18,100,27,18,27,27,18,18,18,18,18,18","9,13,28","20260801"
"moody river estates","C","47","390","14","","","0.36","0.11","110","36,36,44,36,66,54,54,66,66,66,66,54","1,6,7,9,13,21,28","20260801"
"morrell park apartments","I","47","390","28","","","0.78","0.25","107","54,81,66,66,66,54,54,54,44,54,54,66","1,6,7,28","20260801"
"fox mill es","I","47","320","20","","","0","0.05","111","8,3,16,5,100,5,5,11,3,8,7,3","1,7,21,28","20260801"
"glynlea park jacksonville florida","C","47","320","16","","","0","0.02","119","66,29,29,54,100,100,54,54,43,100,81,66","1,7,9,21,28","20260801"
"moss grove apartments","I","47","320","18","","","1.65","0.13","107","13,20,5,5,3,4,66,16,10,13,10,3","1,6,7,9,13,28","20260801"
"homes for sale in woodforest in montgomery texas","T","47","170","25","","","0.46","0.45","129","65,53,42,53,65,80,53,100,80,100,100,65","9,28","20260801"
"homes for sale woodforest montgomery tx","T","47","170","22","","","0.46","0.45","115","53,80,80,53,42,42,42,42,100,100,53,80","9,28","20260801"
"gilford park toms river nj","C","47","140","21","","","0","0.02","106","65,34,34,43,34,34,21,43,53,65,65,100","1,6,7,21,28","20260801"
"morton meadows apartments","I","47","140","26","","","1.19","0.3","106","5,28,28,82,28,43,23,53,28,28,28,23","1,6,7,21,28","20260801"
"uxbridge cherry hill","N","47","140","15","","","0.08","0.03","109","15,100,15,11,18,15,15,15,15,15,18,15","9,28","20260801"
"windsor savannah ga","C,T","47","140","20","","","0.32","0.9","107","28,12,28,53,53,28,43,35,28,53,43,43","1,7,9,28","20260801"
"woodmont beach washington","C,T","47","140","18","","","0","0.04","112","16,5,7,5,0,5,4,5,2,8,5,7","1,7,9,13,21,28,50","20260801"
"friendly village modesto ca","C","47","110","18","","","0.16","0.08","132","66,80,33,42,80,33,33,33,52,52,42,19","3,7,9,13,21,28","20260801"
"meadows on the green","C,T","47","110","21","","","0.47","0.16","127","23,35,43,28,23,28,23,23,43,35,23,28","1,5,7,9,13,21,28","20260801"
"grove park blvd","C","47","90","19","","","0","0.04","113","14,14,78,78,78,14,100,78,50,100,78,100","9,21,28","20260801"
"mondon hill road","C","47","90","18","","","0","0.04","112","42,15,34,15,34,26,26,100,42,34,34,42","9","20260801"
"morrell park henderson","C","47","90","23","","","0.89","0.17","107","4,4,4,4,22,22,29,22,22,22,14,14","1,6,7,9,21,28","20260801"
"moss park lake nona","C","47","90","17","","","0.98","0.02","110","64,64,52,64,52,52,41,64,41,64,82,82","1,9,13,21,28","20260801"
"brook forest townhomes raleigh","C","47","70","13","","","1.15","0.32","110","50,50,35,35,14,14,14,78,78,78,78,100","1,9,28","20260801"
"woodforest montgomery tx homes for sale","T","47","40","21","","","0.46","0.45","133","78,21,21,21,28,28,14,21,7,7,0,0","9,28","20260801"
"fox grove san antonio","N","47","30","12","","","1.21","0.26","2090","3,3,3,18,3,3,3,3,3,3,3,3","3,7,9,13,21,28","20260801"
"fox grove san antonio tx","N","47","30","11","","","1.21","0.26","108","18,18,18,100,18,18,18,18,18,18,18,18","3,7,9,28","20260801"
"millers creek nc","C","46","2400","27","","","0.59","0.02","54","54,100,81,81,81,54,43,8,8,16,43,29","1,7,13,21,28,41,50","20260801"
"fox grove apartments","I","46","720","28","","","0.51","0.14","136","36,67,76,67,67,45,36,55,76,45,67,100","3,6,9,28","20260801"
"fox mill elementary","I","46","590","18","","","0","0.05","118","20,24,30,62,36,62,62,30,24,36,55,55","1,9,21,28","20260801"
"fox mill elementary school","I","46","480","22","","","0","0","108","16,7,20,13,16,5,10,10,13,13,13,13","1,6,7,21,28","20260801"
"moss park orlando fl","C,T","46","480","23","","","0.21","0.01","115","44,36,66,66,29,81,81,100,81,66,81,66","1,6,7,9,21,28,36","20260801"
"shady oaks drive","C","46","390","16","","","0","0.02","114","8,8,3,3,25,68,13,8,8,11,20,11","9,28","20260801"
"morrell park apts","N","46","320","29","","","0.78","0.25","106","66,29,29,66,100,81,81,66,54,81,81,81","3,6,7,9,28","20260801"
"homes for sale in woodforest montgomery tx","T","46","170","22","","","0.46","0.45","128","100,100,100,100,100,80,66,66,100,100,80,66","9,28","20260801"
"rozzelles ferry rd","C","46","170","22","","","0","0.03","112","43,14,29,66,100,0,22,14,18,43,22,29","7,9,21,28","20260801"
"uxbridge cherry hill nj","N","46","170","14","","","0.18","0.06","111","54,100,15,12,15,12,12,15,12,15,15,12","9,28","20260801"
"gilford park toms river","C","46","140","18","","","0","0.02","108","65,34,26,34,65,65,53,53,53,65,53,100","1,6,7,9,13,28,50","20260801"
"fosters ridge conroe","N","46","110","9","","","1.04","0.3","109","52,52,52,66,66,52,52,66,42,66,66,52","7,9,13,21,28","20260801"
"courier city oscawana","C","46","90","21","","","0","0.05","16100","18,22,18,14,14,18,29,18,10,18,8,14","1,7,28","20260801"
"homes for sale in woodforest montgomery texas","T","46","90","24","","","0.46","0.45","124","82,100,64,41,29,52,29,52,41,5,5,5","7,9,21,28","20260801"
"kove estates mobile home community","T","46","90","27","","","0","0.05","104","64,78,50,50,64,64,64,64,78,78,78,64","1,6,7,13,21,28","20260801"
"merry oaks dr","C","46","90","14","","","0","0.03","105","78,50,64,64,78,78,78,64,50,78,78,100","28","20260801"
"oak grove neighborhood","C","46","90","4","","","0","0.03","136","52,64,52,64,52,52,41,41,41,52,64,52","7,9,13,21,28,50","20260801"
"quail hollow wesley chapel fl","N","46","90","12","","","0.57","0.04","116","63,63,81,63,81,63,63,81,63,81,63,63","7,9,13,21,28","20260801"
"wayside nj 07712","C","46","90","22","","","0","0.01","116","41,41,41,64,82,52,64,52,52,64,64,64","1,21,28","20260801"
"rogers park fort collins co","C","46","70","24","","","0","0.01","109","81,45,63,63,81,63,45,36,45,63,63,81","1,7,9,21,28","20260801"
"the lakes mount laurel nj","C","46","70","15","","","0.28","0.16","142","50,64,35,50,64,64,35,50,35,35,50,50","1,6,7,9,28","20260801"
"16th ave s","C","46","50","17","","","0","0.06","108","6,6,34,53,6,6,6,6,6,34,34,43","7,9,28","20260801"
"mason pond place","I","46","50","17","","","0","0.05","116","100,18,100,18,18,18,18,18,100,18,18,18","1,6,7,9,28","20260801"
"bumble bee hollow road","C","46","40","21","","","0","0.09","109","45,63,45,18,18,18,18,18,18,18,18,18","6,7,28","20260801"
"the lakes mount laurel","C","46","40","15","","","0.34","0.15","128","23,19,14,14,23,14,19,33,23,14,19,19","1,6,9,28","20260801"
"woodbriar apartments chesapeake","I","46","40","26","","","0.64","0.44","50","11,11,64,11,11,11,11,11,11,64,11,82","1,6,7,9,28","20260801"
"mosswood park oakland","C","45","1300","28","","","0","0.05","113","16,53,10,8,5,13,10,100,10,18,35,44","1,6,9,13,28,36","20260801"
"timber oaks apartments","N","45","1000","27","","","0.98","0.14","61","46,46,52,46,46,46,52,52,68,84,84,68","3,6,7,28","20260801"
"buena vista estates","I","45","720","25","","","0.91","0.07","107","55,67,55,55,45,45,67,45,45,45,55,55","3,6,7,13,21,28","20260801"
"woodmont beach wa","I","45","720","28","","","0","0.06","109","62,100,24,24,16,16,30,13,10,36,30,45","1,6,9,13,28","20260801"
"oak meadow dr","C","45","210","15","","","0","0.03","116","66,18,28,66,18,5,23,11,3,23,28,3","7,13,28","20260801"
"12820 greenwood forest dr","C","45","170","13","","","0.62","0.2","108","10,10,13,13,13,16,20,16,10,13,16,16","7,13,28","20260801"
"12820 greenwood forest drive houston texas 77066","C","45","170","12","","","0.98","0.21","173","53,53,26,42,53,80,65,100,53,80,80,65","7,28","20260801"
"fosters ridge conroe tx","N","45","140","9","","","0.82","0.27","110","53,53,53,80,53,42,42,65,42,65,26,53","7,9,21,28","20260801"
"northwoods st louis","C","45","140","21","","","0","0.04","117","65,26,42,53,65,19,80,26,26,34,34,0","1,9,21,28,41","20260801"
"stoney ridge rd","C","45","140","18","","","0","0.02","110","65,65,100,100,26,26,15,19,19,15,15,11","9,28","20260801"
"the meadows at bumble bee hollow","I","45","140","18","","","0.47","0.09","181","66,80,80,52,52,66,42,52,52,66,100,80","1,9,28","20260801"
"timber oaks port richey fl","N","45","140","13","","","0.15","0.39","109","53,53,34,34,42,34,34,42,53,80,65,65","6,9,28","20260801"
"12820 greenwood forest dr houston tx 77066","C","45","110","11","","","1.74","0.19","109","11,14,7,9,14,11,17,21,11,17,14,14","7,9,28","20260801"
"preserve at westfields reviews","N","45","110","20","","","0","0.02","104","33,66,66,33,52,52,52,42,42,66,66,80","1,6,7,9,28","20260801"
"timber oaks port richey","N","45","110","13","","","0.22","0.34","109","53,34,26,26,34,34,26,34,42,65,65,65","6,9","20260801"
"wayside ocean township nj","C","45","110","7","","","0","0.01","114","82,82,41,64,82,23,41,82,82,100,52,17","1,6,28","20260801"
"fox mill estates","I","45","90","11","","","0","0.33","106","78,100,78,50,50,35,35,50,35,50,50,78","1,6,7,28","20260801"
"kensington meadows lansing mi","I","45","90","18","","","0.63","0.21","110","52,41,29,29,64,64,82,52,52,41,52,41","1,7,9,21,28","20260801"
"merry oaks drive","C","45","90","10","","","0","0.03","105","78,50,64,64,78,78,78,64,50,78,78,100","28","20260801"
"morrell park henderson nv","C","45","90","22","","","0.89","0.17","110","1,1,1,1,6,6,8,6,6,6,4,4","1,7,9,13,21,28","20260801"
"moss park road orlando","C","45","90","16","","","0.41","0.33","112","65,65,19,53,42,34,26,0,26,0,0,0","7,9,21,28","20260801"
"brook forest townhomes raleigh nc","C","45","70","11","","","1.15","0.32","111","41,41,29,29,11,11,11,64,64,64,64,82","7,9,15,21,28,50","20260801"
"casas de venta en muscoy ca","N","45","70","15","","","0.04","0.15","107","15,42,26,26,19,19,15,19,26,26,53,80","","20260801"
"homes for sale in morton meadows omaha ne","T","45","70","16","","","0.09","0.35","136","14,18,18,10,10,14,8,8,8,8,10,4","9,28","20260801"
"kove estates osteen fl","I","45","70","17","","","0.84","0.1","105","41,41,29,52,29,23,41,41,11,11,64,11","6,13,28","20260801"
"meadows on the green condo","C,T","45","70","19","","","0","0.06","107","50,50,50,50,35,35,100,78,78,78,78,100","1,7,9,21,28","20260801"
"copperfield court morgantown","C,T","45","50","21","","","1.43","0.12","106","78,78,14,14,14,14,14,14,14,14,78,100","1,7,13,21,28","20260801"
"kensington meadows lansing","I","45","50","19","","","0.63","0.21","109","63,45,45,27,18,63,100,81,63,18,18,18","1,7,21,28","20260801"
"houses for sale woodforest","T","45","40","21","","","0.44","0.49","119","28,100,28,21,21,21,7,21,7,21,35,0","9,28","20260801"
"moss grove apartments knoxville","I","45","40","16","","","1.31","0.26","106","9,9,9,9,9,9,66,9,9,9,9,9","1,6,7,9,28","20260801"
"woodbriar apartments reviews","N","45","40","27","","","0.67","0.04","106","18,45,18,18,18,18,18,18,100,18,45,18","3,7,28","20260801"
"woodbriar apts chesapeake","I","45","40","25","","","0.64","0.44","115","11,11,64,11,11,11,11,11,11,64,11,82","1,6,7,9,28","20260801"
"the reserve at lake conroe tx","C","44","480","25","","","1.51","0.09","179","5,5,3,1,1,1,76,100,76,100,100,76","1,6,7,9,13,21,28","20260801"
"millers creek nc 28651","C","44","320","26","","","0.59","0.02","106","11,37,68,5,11,3,2,11,3,8,8,7","1,7,9,21,28,41","20260801"
"highland groves at morrison ranch apartments","I","44","260","25","","","1.36","0.09","165","21,32,21,14,17,32,26,48,32,32,26,39","1,6,9,28","20260801"
"mill creek cove","C","44","260","7","","","0.98","0.08","112","54,100,54,43,35,29,29,54,43,43,43,43","1,9,13,20,28","20260801"
"oak meadow drive","C","44","260","14","","","0","0.03","119","14,66,81,22,100,18,43,35,29,54,35,29","7,9,28","20260801"
"commonwealth place at westfields","C","44","210","9","","","1.04","0.22","117","36,36,36,29,29,29,23,19,12,15,12,15","1,7,9","20260801"
"highland groves at morrison ranch gilbert az","I","44","210","29","","","1.61","0.16","145","43,35,53,53,23,28,28,82,82,100,100,100","3,6,7,9,21,28","20260801"
"homes for sale woodforest","T","44","210","23","","","0.44","0.52","119","100,65,65,100,100,65,53,53,80,34,42,34","7,9,28","20260801"
"golden palms mobile home estates","C","44","170","17","","","0","0.04","50","53,53,35,35,35,43,35,43,35,35,28,35","1,7,9,21,28","20260801"
"the preserve at westfields","I","44","170","17","","","1.32","0.3","101","53,65,81,53,53,43,53,65,53,53,65,81","1,9,21,28","20260801"
"northway at woodcrest","C","44","140","10","","","0.57","0.13","67","23,33,23,23,33,80,100,100,80,80,100,100","1,13,28","20260801"
"muscoy homes for sale","T","44","110","14","","","0.08","0.31","107","80,33,52,66,52,33,52,66,42,52,66,66","28","20260801"
"old oak estates","N","44","110","11","","","0","0.03","132","28,43,35,17,28,23,23,23,23,23,23,35","3,7,9,13,28","20260801"
"12955 woodforest blvd houston tx 77015","C,N","44","90","14","","","0","0.02","110","14,14,78,78,78,78,100,14,78,78,50,78","28","20260801"
"homes for sale in woodforest","T","44","90","18","","","0.44","0.49","189","43,28,34,34,28,34,12,28,21,21,53,100","9,28","20260801"
"homes for sale woodforest tx","T","44","90","26","","","0.44","0.49","121","100,64,41,64,82,41,41,41,29,41,29,52","7,9,28","20260801"
"meadow oaks drive","C,N","44","90","14","","","0","0.03","110","82,52,41,64,82,23,41,41,17,41,41,23","28","20260801"
"morrison ranch apartments","I","44","90","26","","","1.66","0.57","114","78,78,50,50,35,35,35,50,50,50,64,64","1,6,7,9,28","20260801"
"moss grove apartments knoxville tn","I","44","90","16","","","1.04","0.21","107","8,1,1,1,1,1,45,5,5,3,8,5","1,6,7,9,28","20260801"
"preserves at westfield","I","44","90","24","","","0.8","0.31","94","52,52,41,29,41,41,29,41,100,52,64,52","1,5,6,7,9,21,28","20260801"
"windsor forest homes for sale","T","44","90","11","","","0.15","0.26","133","78,100,100,50,50,50,28,50,50,64,64,50","9,28","20260801"
"long meadow ct","N","44","70","14","","","0","0.02","117","52,41,52,41,41,41,41,64,29,41,41,41","9,28","20260801"
"walnut creek meadows","I","44","70","17","","","0","0.05","107","21,21,100,78,78,35,50,78,28,78,28,35","3,6,7,9,28","20260801"
"woodforest houses for sale","T","44","70","20","","","0.44","0.52","116","10,10,12,10,28,12,12,17,12,12,5,12","7,9,28","20260801"
"700 timber oaks ln","C","44","50","17","","","0.74","0.12","108","2,3,3,3,3,14,4,7,1,11,11,2","1,5,7,13,28","20260801"
"copperfield court morgantown wv","C,T","44","50","20","","","1.43","0.12","108","42,42,7,7,7,7,7,7,7,7,42,53","1,7,13,21,28","20260801"
"fox mill st charles","N","44","50","1","","","0","0.02","117","78,14,14,14,14,14,14,78,14,78,78,100","6,7,9,28","20260801"
"houses for sale in woodforest","T","44","50","19","","","0.44","0.49","180","19,19,11,11,11,11,11,11,100,19,11,11","9,28,49","20260801"
"kove estates osteen","I","44","50","26","","","0.31","0.12","106","63,63,45,63,45,36,63,63,18,18,100,18","1,6,28","20260801"
"meadow oak drive","C","44","50","12","","","0","0.03","96","78,64,50,0,0,0,35,0,21,0,0,28","28","20260801"
"cedar point nj","C","44","40","21","","","0","0.33","106","33,52,19,9,9,9,9,9,9,9,9,9","7,9,13,20,21,28,50","20260801"
"shannonwood moncks corner","C","44","40","17","","","0","0.07","109","18,18,100,18,18,18,18,100,18,63,18,18","1,7,9,21,28","20260801"
"woodbriar apts chesapeake va","I","44","40","25","","","0.64","0.44","106","14,14,78,14,14,14,14,14,14,78,14,100","1,6,7,9,28","20260801"
"woodforest tx homes for sale","T","44","40","21","","","0.39","0.5","121","17,29,41,29,29,29,17,17,23,11,11,11","9,28","20260801"
"the mason ladson","I","44","30","24","","","2.84","0.44","109","35,14,14,14,14,14,14,14,14,14,50,100","1,6,7,9,21,28","20260801"
"timber oaks apartments il","C","44","30","24","","","1.63","0.11","109","18,18,18,18,18,18,18,18,18,18,18,18","1,7,28","20260801"
"chosewood park atlanta","C,T","43","720","14","","","0.16","0.04","110","37,68,20,25,31,16,25,68,25,37,37,46","1,6,7,9,13,20,21,28,36","20260801"
"greenwood forest apartments","I","43","720","26","","","1.43","0.17","108","36,36,30,30,30,30,36,36,36,81,81,100","1,6,7,9,13,28","20260801"
"the reserve on lake conroe","N","43","480","11","","","1.51","0.09","202","3,5,3,1,1,1,76,100,76,100,100,76","3,6,7,9,28","20260801"
"windsor forest apts","N","43","480","15","","","0.52","0.15","112","8,100,11,100,5,5,4,11,3,7,5,5","3,6,7,9,28","20260801"
"homes in woodforest for sale","T","43","320","21","","","0.44","0.52","172","100,23,23,66,81,66,44,81,44,66,66,54","9,15,28","20260801"
"cedar brook dr","C","43","260","16","","","0","0.02","113","54,12,10,15,36,12,10,15,12,23,15,23","7,28","20260801"
"windsor forest townhomes","C","43","260","18","","","0.67","0.53","111","23,29,19,29,29,15,19,44,36,44,44,54","1,5,7,9,13,21,28","20260801"
"highland meadows neighborhood","C","43","210","19","","","0","0.06","147","35,28,23,54,18,8,15,54,35,44,35,81","1,6,9,21,28,41","20260801"
"houses for sale in muscoy","T","43","210","15","","","0.08","0.31","154","100,43,43,81,65,9,28,81,65,100,28,6","28","20260801"
"shady lane dr","C","43","210","18","","","0","0.03","117","81,29,29,81,100,6,29,22,22,35,14,4","9,28","20260801"
"moss park near me","T","43","170","26","","","0","0.05","118","42,65,53,65,53,80,53,53,65,100,100,80","3,7,9,21,28","20260801"
"buena vista estates mobile home community","C","43","140","7","","","0","0.03","872000","52,80,80,66,100,52,52,42,52,42,52,52","1,7,9,21,28,50","20260801"
"fox trot lane","C","43","140","12","","","0","0.02","108","43,43,21,34,53,53,43,53,34,81,100,65","9,28","20260801"
"windsor forest apartments reviews","N","43","140","22","","","0.38","0.05","59","42,53,100,53,34,53,42,65,53,42,42,42","1,5,7,28","20260801"
"wynnwood vinings reviews","N","43","110","26","","","0","0.07","110","52,33,100,80,52,80,80,23,14,66,33,52","1,6,7,9,28","20260801"
"4245 w jolly rd","C,T","43","90","18","","","0.21","0.02","108","7,7,9,7,11,14,9,7,7,9,11,11","7,28","20260801"
"amber pines apartments","C","43","90","18","","","0.69","0.06","107","42,53,34,34,19,19,26,34,42,53,42,53","1,7,13,21,28","20260801"
"clay bank road","C","43","90","17","","","0","0.05","116","66,42,52,52,52,23,42,33,23,33,33,9","7,9,28","20260801"
"oak timbers grand prairie","C","43","90","5","","","1.13","0.12","106","21,53,34,28,34,21,28,15,34,21,28,28","1,7,21,28","20260801"
"servite village apartments","I","43","90","20","","","0.45","0.1","107","64,64,41,52,64,52,41,52,52,64,52,41","1,21,28","20260801"
"stone meadow bridgewater ma","C","43","90","3","","","0.14","0.03","107","64,52,52,82,82,52,29,41,41,64,52,41","7,28","20260801"
"the manor at wayside","C","43","90","6","","","0.78","0.08","116","5,4,3,4,4,3,2,3,2,4,3,7","1,7,9,13,28","20260801"
"homes for sale morton meadows omaha","T","43","70","16","","","0.09","0.35","107","64,52,64,29,29,41,23,23,23,23,29,11","9,28","20260801"
"houses for sale in windsor forest","T","43","70","13","","","0.15","0.26","150","100,63,81,63,63,63,36,63,63,63,63,63","9,28","20260801"
"quail hollow pines","C","43","70","19","","","0","0.03","136","42,42,26,34,26,26,11,19,19,26,3,19","1,7,9,28","20260801"
"willow bend way","C","43","70","15","","","0","0.02","111","50,64,64,50,14,35,35,50,35,35,64,35","7,9,28","20260801"
"woodforest in conroe","I","43","70","24","","","3.24","0.31","108","78,64,50,64,64,50,21,50,14,64,50,35","3,6,7,21,28","20260801"
"19600 heatherwilde blvd","C","43","50","18","","","0.78","0.08","107","64,17,17,11,11,11,11,11,11,64,64,82","6,7,21,28","20260801"
"19600 n heatherwilde blvd","C","43","50","14","","","0.78","0.08","109","28,5,5,5,5,5,7,5,5,28,28,35","6,7,28","20260801"
"fox mill st charles il","N","43","50","2","","","0","0.02","111","78,14,14,14,14,14,14,78,14,78,78,100","6,7,9,28","20260801"
"moody river clubhouse","C","43","50","3","","","0","0.33","112","14,14,14,14,14,14,100,78,78,78,14,14","1,9,28,50","20260801"
"pines of cabarrus","C","43","50","16","","","0","0.04","107","5,28,5,28,5,5,5,5,5,28,5,5","1,7,9,21,28","20260801"
"preserve at westfield","I","43","50","28","","","0.8","0.31","107","26,34,34,19,26,19,15,0,3,3,7,100","1,6,7,9,13,21,28","20260801"
"woodbriar apartments richmond","I","43","40","28","","","1.2","0.42","105","7,7,42,42,7,7,7,7,7,7,7,7","1,6,7,21,28","20260801"
"woodbriar apartments richmond va","I","43","30","27","","","1.2","0.42","106","14,14,50,50,14,14,14,14,14,14,14,14","1,6,7,21,28","20260801"
"oakland mosswood park","C,T","42","1300","12","","","0","0.05","116","10,1,24,36,36,4,20,100,8,10,10,20","1,5,6,7,9,13,21,28","20260801"
"timber oaks apt","N","42","1000","24","","","0.98","0.14","113","68,8,37,46,37,52,52,52,68,84,84,52","3,6,7,9,28","20260801"
"monterra ridge apartments","I","42","590","29","","","0.61","0.16","106","48,48,72,59,72,59,72,88,59,72,88,100","3,6","20260801"
"16th avenue south","C","42","480","19","","","0","0.05","110","36,5,55,100,76,3,6,45,30,67,8,3","9,28","20260801"
"the reserve at lake conroe","C,T","42","390","22","","","1.48","0.09","208","5,5,3,1,2,1,76,100,76,100,100,76","1,6,7,9,21,28","20260801"
"houses for sale in muscoy ca","T","42","320","14","","","0.12","0.37","129","54,66,66,66,54,54,54,54,43,54,66,81","7,28","20260801"
"woodforest homes for sale","T","42","320","25","","","0.44","0.52","120","100,54,36,54,54,36,29,44,44,36,54,66","9,28","20260801"
"fox glove lane","C","42","260","16","","","0","0.03","178","21,14,39,39,100,7,7,9,7,14,7,7","9","20260801"
"meadow view place","N","42","260","15","","","0.37","0.03","121","82,100,53,66,43,66,82,66,53,53,53,66","3,6,7,9,13,28","20260801"
"brook forest apartments","N","42","210","22","","","0.5","0.13","112","53,66,53,53,53,35,35,35,35,43,53,43","3,7,9,13,28","20260801"
"farmington village sc","C","42","210","10","","","0.81","0.05","119","66,23,28,53,66,7,12,66,53,82,28,5","7,9,28,50","20260801"
"morrell park apartments henderson","I","42","210","27","","","0.78","0.25","106","23,100,44,44,28,35,28,28,18,35,35,44","1,6,7,9,21,28","20260801"
"high pond estates","C","42","170","12","","","1.2","0.06","106","53,53,65,81,53,43,34,65,65,53,65,81","1,21,28","20260801"
"maple ridge rd","C","42","170","21","","","0","0.01","117","23,15,19,23,36,12,36,7,12,23,12,15","9,21,28","20260801"
"lazy creek dr","C","42","140","15","","","0","0.04","114","54,14,22,29,100,8,14,8,4,14,8,6","28","20260801"
"old grove rd","C","42","140","13","","","0","0.04","112","43,43,34,100,34,28,28,34,28,43,34,34","9,28","20260801"
"4950 westcroft blvd chantilly va 20151","C","42","110","14","","","0.86","0.08","108","3,3,18,18,18,18,23,23,18,28,23,23","7,9,28","20260801"
"mel ray mobile home community","C","42","110","21","","","0","0.02","110","52,52,52,33,42,52,33,100,52,52,52,66","1,7,9,21,28","20260801"
"the reserve the woodlands","C","42","110","15","","","1.5","0.07","112","82,41,52,41,64,52,64,52,52,64,64,82","1,6,7,9,21,28","20260801"
"4950 westcroft blvd","C","42","90","15","","","0","0.03","110","3,3,18,18,3,18,28,3,18,18,18,18","7,9,13,28","20260801"
"700 timber oaks lane","C","42","90","26","","","0.65","0.11","120","11,9,7,9,5,5,5,9,9,11,17,11","1,6,7,21,28","20260801"
"bent oak road","C","42","90","16","","","0","0.03","108","100,28,35,35,50,50,50,78,50,78,78,50","28","20260801"
"erlton cherry hill nj","N","42","90","13","","","0","0.02","109","78,28,64,28,35,100,64,64,50,64,50,35","7,9,28","20260801"
"franklin goldmine rd","C,N","42","90","20","","","0","0.03","108","78,64,50,78,50,35,50,50,35,35,35,28","9,21,28","20260801"
"kensington meadows boone","C,T","42","90","11","","","0","0.06","109","12,34,15,28,43,53,28,28,34,28,34,53","1,5,7,9,13,28","20260801"
"pine creek place","I","42","90","25","","","0.84","0.07","107","29,64,52,52,41,29,29,100,64,82,82,64","1,6,7,9,13,21,28,36","20260801"
"red wing drive","C","42","90","16","","","0","0.03","173","43,28,21,43,43,12,12,28,34,43,12,6","7,28","20260801"
"timber oaks apartments reviews","N","42","90","27","","","0","0.02","108","42,42,33,52,42,33,33,33,66,52,66,66","3,7,28","20260801"
"erlton ellisburg nj","N","42","70","26","","","0","0.02","108","42,15,26,15,19,42,26,26,26,26,26,19","1,3,7,13,21,28","20260801"
"fosters ridge homes for sale","T","42","70","9","","","0.63","0.44","184","26,26,34,34,19,19,15,7,7,42,42,7","7,9,28","20260801"
"jones hollow road","C","42","70","17","","","0","0.01","110","52,52,41,52,64,23,41,29,29,41,41,23","9,28","20260801"
"the reserve at lake conroe photos","C","42","70","6","","","3.4","0.08","127","100,66,23,23,14,14,19,19,33,33,33,66","5,7,9,13,21,28,50","20260801"
"homes for sale in muscoy ca","T","42","50","12","","","0.12","0.37","162","42,9,9,33,23,23,23,33,19,23,33,23","7,28","20260801"
"xanadu wall nj","N","42","50","10","","","0.37","0.26","105","50,50,50,35,14,14,14,14,78,78,35,100","7,9,13,28","20260801"
"377 villas of brownwood","C","42","40","19","","","0.48","0.05","108","100,18,18,18,18,18,18,18,18,18,100,18","1,7,21,28","20260801"
"timber oaks fox lake","C","42","30","12","","","1.63","0.11","109","18,18,18,18,18,18,18,18,18,18,18,18","1,7,9,28","20260801"
"preserve at westfields","I","41","2400","25","","","0.52","0.13","108","52,80,66,66,52,66,66,80,80,100,80,100","1,6,7,9,21,28","20260801"
"fox grove management","I","41","720","27","","","0.61","0.01","110","55,45,36,36,45,45,55,67,55,55,76,100","1,6,7,21,28","20260801"
"marumsco hills elementary","I","41","480","18","","","0","0.03","105","21,14,72,100,100,7,9,59,72,88,48,48","1,7,9,21,28","20260801"
"whispering pines drive","C","41","480","19","","","0","0.03","108","8,25,25,20,20,13,13,46,8,16,13,16","9,28","20260801"
"oak grove bellemeade","I","41","390","21","","","0","0.02","109","44,23,23,66,100,66,15,66,81,100,29,23","1,6,9,21,28","20260801"
"bonaventure mobile home park","N","41","260","20","","","0","0.02","117","35,66,35,54,43,54,54,100,54,81,43,54","3,7,9,21,28","20260801"
"houses for sale in muscoy san bernardino ca","T","41","260","14","","","0.12","0.37","124","82,35,35,66,53,66,66,66,53,82,100,82","28","20260801"
"orlando moss park","C","41","260","28","","","0.21","0.01","127","36,15,23,44,67,4,10,0,100,23,0,0","1,6,7,9,13,21,28,36","20260801"
"willow bend dr","C","41","260","17","","","0","0.02","113","29,9,81,66,100,9,81,12,5,15,12,6","9,28","20260801"
"black oak rd","C","41","210","20","","","0","0.01","169","43,29,29,66,29,18,29,100,43,54,54,66","9,28","20260801"
"city of northwoods mo","C","41","210","19","","","0","0.02","84","43,100,65,81,81,65,53,53,65,100,100,53","1,9,13,21,28,41","20260801"
"wellswood civic center","I","41","210","27","","","0","0.04","103","66,43,53,53,43,35,43,66,43,66,66,100","1,7,9,21,28","20260801"
"apple tree rd","C","41","170","17","","","0","0.02","167","54,29,22,54,100,14,18,18,14,18,14,18","9,28","20260801"
"high pond estates bridgewater ma","C","41","170","15","","","1.2","0.06","107","65,65,80,100,53,53,53,80,65,65,80,100","1,13,21,28","20260801"
"magnolia hills dr","C","41","170","17","","","0","0.04","109","100,11,18,15,23,28,23,23,15,23,23,28","21,28","20260801"
"moss park photos","C","41","170","17","","","0","0.33","10","28,28,28,23,35,28,35,35,35,35,35,35","5,7,13,21,28,50","20260801"
"bent oak dr","C","41","140","17","","","0","0.02","109","35,29,29,54,100,10,8,18,14,29,18,6","28","20260801"
"bent oak drive","C","41","140","13","","","0","0.02","109","43,100,35,35,28,12,10,23,17,10,12,7","28","20260801"
"benton grove pooler ga","I","41","140","26","","","1.95","0.3","108","34,65,53,53,80,80,65,53,53,65,80,80","1,6,7,21,28","20260801"
"lazy creek drive","C","41","140","15","","","0","0.04","109","23,28,43,17,66,23,43,28,28,28,23,28","28","20260801"
"magnolia hills drive","N","41","140","13","","","0","0.04","110","4,66,52,66,66,80,66,80,52,66,66,66","28","20260801"
"torrey pines and charleston","C","41","140","21","","","0","0.02","126","18,35,29,29,29,35,29,29,43,29,29,35","7,9,21,28","20260801"
"wishing well hills","C","41","140","25","","","0","0.02","149000000","65,65,26,42,53,53,0,65,53,80,65,65","1,6,9,28,41","20260801"
"carpenter point md","C,T","41","110","25","","","0.93","0.03","107","43,35,35,35,35,17,17,12,12,28,43,23","1,7,9,13,21,28","20260801"
"france on frazier creek","I","41","110","22","","","0","0.04","104","42,42,66,66,66,52,42,42,42,52,66,80","1,6,7,9,13,21,28","20260801"
"marshall hill west milford nj","I","41","110","22","","","0","0.33","105","52,41,64,52,52,64,82,100,64,64,82,100","6,7,9,21,28","20260801"
"overlook at mill creek homes","I","41","110","21","","","0","0.05","162","53,53,42,42,26,34,26,26,42,42,34,34","1,6,7,9,13,28","20260801"
"preserves at westfields","I","41","110","17","","","0.78","0.18","99","26,53,42,34,19,26,26,65,53,80,53,100","1,9,14,15,21,28","20260801"
"high pond estates bridgewater","C","41","90","12","","","1.2","0.06","105","66,52,42,42,33,42,33,42,52,52,33,42","1,21,28","20260801"
"moody river estates homes for sale","T","41","90","1","","","0.14","0.24","157","5,5,43,5,28,28,35,35,17,23,17,17","6,7,9,28","20260801"
"stone meadow bridgewater","C,N","41","90","11","","","0.57","0.04","107","64,64,50,100,78,64,35,64,50,78,78,50","7,28","20260801"
"timber oaks clubhouse","I","41","90","23","","","0","0.02","108","5,3,3,3,5,2,3,4,4,7,4,4","1,6,7,9,28","20260801"
"8181 folsom blvd","C","41","70","16","","","0","0.03","125","23,12,28,12,28,17,23,12,17,17,28,35","7,9,13,28","20260801"
"carpenters point md","C","41","70","24","","","0.93","0.03","107","50,100,50,64,35,28,35,28,28,50,50,50","1,7,21,28","20260801"
"faulkner ridge circle","N","41","70","14","","","0","0.03","104","52,52,41,41,52,29,29,29,41,23,11,11","28","20260801"
"mill creek cove bolivia nc","C","41","70","10","","","0.52","0.26","106","34,42,26,26,19,19,19,26,26,26,26,26","1,9,13,21,28","20260801"
"northbrook villas montrose co","I","41","70","21","","","0","0.08","105","50,28,64,78,78,78,50,50,35,35,14,35","1,6,7,21,28","20260801"
"the glen at bogey hills","I","41","70","29","","","0.5","0.23","158","50,50,35,35,35,78,28,35,64,78,50,64","1,6,7,9,28","20260801"
"where is muscoy california","C","41","70","19","","","0","0.33","107","6,100,6,6,6,53,21,21,12,9,12,65","5,21,28,50","20260801"
"carpenter point maryland","C,T","41","50","24","","","1.14","0.03","106","65,53,42,0,0,0,0,0,19,0,0,34","1,7,9,13,21,28","20260801"
"crosswinds apartments chesapeake","I","41","50","23","","","1.03","0.17","108","45,45,63,63,63,81,36,45,45,45,63,45","1,6,7,9,21,28","20260801"
"fox grove apartments battle creek","I","41","50","24","","","0.64","0.39","108","12,21,6,6,6,6,6,34,6,34,9,6","1,6,7,21,28","20260801"
"green hills estates","N","41","50","16","","","3.29","0.03","114","5,82,5,29,64,41,17,11,41,5,29,41","1,6,9,13,21,28","20260801"
"twin pines village","N","41","50","14","","","0","0.04","141","64,29,29,23,29,23,23,11,17,23,17,29","7,9,13,28","20260801"
"windsor forest apartments photos","C","41","50","20","","","0.39","0.05","105","29,52,41,17,29,29,5,11,17,23,41,11","1,5,6,7,13","20260801"
"woodbriar apartments chesapeake va 23320","C","41","40","21","","","0.64","0.44","114","14,14,78,14,14,14,14,14,14,78,14,100","1,6,7,9,28","20260801"
"boulevards at westfields","C","41","30","10","","","1.34","0.16","64","9,12,12,6,9,6,6,6,6,6,6,6","1,7,9,13,28","20260801"
"high ridge rd","C","40","590","20","","","0","0.02","114","8,16,37,46,37,16,25,25,16,31,84,46","9,13,28","20260801"
"high bluff at creekwood crossing","I","40","480","26","","","0.35","0.04","189","66,81,81,81,66,66,66,66,81,100,100,100","1,6,7,28","20260801"
"the reserve lake conroe","C,T","40","480","19","","","1.51","0.09","56","5,5,3,1,1,1,76,100,76,100,100,76","1,6,7,9,21,28","20260801"
"fox mill center","C","40","390","27","","","0","0.05","111","100,9,72,88,72,4,14,17,7,14,14,2","1,6,7,9,28,50","20260801"
"bryn mawr belle shore","I","40","320","25","","","0.82","0.09","348000","100,54,44,35,54,35,35,81,44,66,54,66","1,6,7,9,13,28","20260801"
"halls mill road","C","40","320","21","","","0","0.04","115","39,59,14,32,39,39,26,26,21,32,39,39","7,9,28","20260801"
"morrell park elementary middle","C,T","40","320","19","","","0","0.02","109","44,54,66,81,66,35,44,44,35,54,44,66","1,5,7,21,28","20260801"
"oak knoll rd","C","40","320","17","","","0","0.03","113","100,10,19,100,19,5,10,54,36,54,44,44","9,28","20260801"
"black oak road","C","40","260","19","","","0","0.01","110","35,22,29,66,35,18,22,100,81,81,54,66","9","20260801"
"burning tree drive","C","40","260","17","","","0","0.04","143","66,54,54,18,66,28,44,28,28,44,81,23","9,28","20260801"
"fosters ridge clubhouse","C,T","40","260","7","","","0","0.05","107","35,54,35,44,44,35,28,35,23,54,100,54","1,5,6,7,13,28","20260801"
"overlook at mill creek","I","40","210","22","","","0.69","0.1","106","3,26,26,17,26,17,14,17,21,26,59,39","1,6,7,9,13,28","20260801"
"spring haven drive","C","40","210","15","","","0","0.01","165","5,3,5,5,6,5,100,6,5,6,8,5","9,28","20260801"
"commonwealth place at westfields - the braddock","C","40","170","8","","","0","0.02","180","65,65,53,53,53,42,53,100,65,80,100,80","1,7,9,21,28","20260801"
"wonder view dr","C","40","170","17","","","0","0.04","107","100,43,34,43,53,43,43,81,43,65,100,81","9,28","20260801"
"fox trot ln","C","40","140","17","","","0","0.02","110","43,43,21,34,53,53,43,53,34,81,100,65","9,28","20260801"
"green ridge rd","C","40","140","16","","","0","0.02","111","80,53,42,80,65,100,26,26,34,34,26,26","28","20260801"
"marvins moncks corner","I","40","140","24","","","1.59","0.2","107","0,7,7,17,14,14,9,9,9,26,32,48","1,6,7,9,28","20260801"
"willow bend road","C","40","140","19","","","0","0.02","33","65,53,53,100,65,19,34,42,34,42,34,7","28","20260801"
"crooked creek lane","C","40","110","15","","","0","0.04","113","82,82,41,64,82,82,64,41,52,64,82,82","28","20260801"
"homes for sale in timber oaks port richey fl","T","40","110","11","","","0.1","0.46","20","66,52,33,42,33,52,52,66,80,80,66,100","28","20260801"
"1410 e butler pike ambler pa 19002","C","40","90","13","","","0.26","0.06","106","10,22,14,14,14,10,14,22,22,18,22,29","7,28","20260801"
"377 villas brownwood texas","C","40","90","19","","","0.82","0.03","107","64,52,41,52,82,23,41,64,41,52,17,17","1,7,21,28","20260801"
"coxcomb hill road","C","40","90","7","","","0","0.01","109","66,52,42,33,33,33,42,33,33,52,52,42","9,28","20260801"
"kensington meadows boone nc","I","40","90","4","","","0","0.06","","19,52,33,42,66,80,52,33,52,42,52,80","1,5,6,7,13,28","20260801"
"manor view drive","C","40","90","15","","","0","0.03","111","100,63,81,100,81,63,63,63,45,81,100,63","7,28","20260801"
"stoney ridge drive","C","40","90","9","","","0","0.01","106","100,64,50,64,100,28,50,50,50,35,50,21","7","20260801"
"407 oak street","C","40","70","17","","","0","0.01","111","14,14,14,14,10,14,14,10,14,14,18,29","28","20260801"
"barker hill rd","C","40","70","17","","","0","0.01","109","63,45,81,63,81,63,63,45,63,63,45,36","28","20260801"
"chemin metairie road","C","40","70","14","","","0","0.03","116","63,36,45,45,63,63,63,45,100,63,63,63","28","20260801"
"morrell park community center","C","40","70","9","","","0","0.03","119","42,42,34,19,26,26,11,26,42,26,34,53","1,7,9,28","20260801"
"scott ridge road","C","40","70","16","","","0","0.01","116","100,50,64,50,64,0,35,50,35,35,35,28","28","20260801"
"16th ave south","C","40","50","16","","","0","0.06","108","6,6,34,34,6,6,6,6,6,34,34,43","28","20260801"
"green hill estates","N","40","50","11","","","3.29","0.03","111","21,100,50,64,28,14,21,21,100,14,21,35","3,6,9,21,28","20260801"
"morgandale elementary school photos","C","40","50","15","","","0","0","107","0,23,52,52,23,33,33,4,0,0,0,0","1,5,7,9,13,21,28","20260801"
"new homes in woodforest","N","40","50","18","","","2.44","0.33","125","14,23,23,33,19,23,23,23,19,33,9,9","7,9,21,28","20260801"
"rolling creek dr","C","40","50","16","","","0","0.02","109","7,7,7,7,7,7,7,7,7,100,65,100","28","20260801"
"cedar point new jersey","N","40","40","21","","","0","0.33","107","23,52,19,9,9,9,9,9,9,9,9,9","7,9,21,28","20260801"
"commonwealth at westfields","C","40","40","7","","","1.44","0.3","112","0,0,0,0,0,0,0,0,0,0,0,0","1,7,9,28","20260801"
"fox knoll drive","C","40","40","15","","","0","0.01","106","11,11,11,11,11,11,11,11,11,64,11,11","28","20260801"
"greenwood forest pool","N","40","40","19","","","0","0.03","111","100,100,18,18,18,18,18,18,18,18,18,18","3,7,9,13,28","20260801"
"timber oaks apartments fox lake","C","40","40","22","","","1.63","0.11","106","36,36,18,18,18,18,18,36,36,36,36,36","1,7,9,28","20260801"
"oak grove bellemeade elementary","I","39","390","27","","","0","0.03","107","23,44,44,54,67,36,36,44,44,7,12,15","1,7,9,21,28","20260801"
"oak island village","C,T","39","390","24","","","0.22","0.09","132","66,66,54,66,54,44,44,44,44,66,81,100","1,7,9,13,28","20260801"
"robin hood ln","C","39","320","18","","","0","0.02","110","16,8,45,10,8,3,4,62,24,36,16,36","9,21","20260801"
"bishop's ridge","I","39","260","23","","","0.72","0.11","109","81,23,5,0,66,0,66,81,9,54,29,100","3,6,7,9,28","20260801"
"bonaventure mobile home community","C","39","260","25","","","0","0.03","114","35,29,29,29,35,35,43,100,66,81,100,81","1,7,9,13,21,28,50","20260801"
"sunny ridge drive","C","39","260","14","","","0","0.03","112","100,43,43,65,65,81,81,81,53,100,81,81","9,28","20260801"
"millers creek elementary","I","39","210","24","","","0","0.33","114","7,10,100,12,23,12,19,23,19,36,36,29","1,6,9,28","20260801"
"wellswood civic center tampa","I","39","210","27","","","0","0.03","107","82,43,28,35,43,53,66,66,43,66,66,100","1,6,7,9,21,28","20260801"
"glen meadow drive","C","39","170","16","","","0","0.04","113","19,19,100,12,19,12,15,12,15,15,29,12","7,9,28","20260801"
"marumsco plaza woodbridge va","C,T","39","170","14","","","0","0.33","107","53,65,65,43,81,53,53,81,53,53,65,100","1,6,7,21,28","20260801"
"mcgirts creek park","T","39","170","24","","","0","0.33","107","35,18,18,23,28,18,23,23,28,35,35,44","3,7,9,13,21,28","20260801"
"miller's creek","C","39","140","20","","","0.59","0.02","117","0,0,0,0,0,0,55,0,0,0,0,0","7,9,21,28,50","20260801"
"old oaks estates","N","39","140","5","","","0","0.03","110","65,53,100,34,53,65,53,26,34,42,53,65","3,7,9,28","20260801"
"stoney ridge road","C","39","140","23","","","0","0.01","112","7,3,11,8,5,11,5,5,3,5,4,7","7,9,13,28","20260801"
"wellswood civic center tampa fl","I","39","140","27","","","0","0.04","106","53,12,28,35,35,28,23,66,35,53,43,100","1,6,9,28","20260801"
"wild rose ct","C","39","140","17","","","0","0.02","114","82,35,35,100,28,12,10,23,12,10,10,10","6,9,28","20260801"
"willow bend rd","C","39","140","17","","","0","0.02","113","65,53,53,100,65,19,34,42,34,42,26,7","7,9,13,28","20260801"
"wishing well hills ga","C","39","140","20","","","0","0.02","39","100,53,26,42,53,15,0,65,53,80,65,65","1,6,21,28,41,50","20260801"
"crooked creek ln","C,N","39","110","16","","","0","0.04","107","53,53,26,42,53,53,42,26,34,42,53,53","28","20260801"
"morgandale elementary school","C","39","110","19","","","0","0","132","28,21,53,81,53,53,53,3,3,0,12,3","1,7,9,21,28","20260801"
"rustic ridge dr.","C","39","110","19","","","0","0.03","113","0,0,0,0,4,7,7,4,3,7,7,7","9,28","20260801"
"1410 e butler pike ambler pa","C","39","90","14","","","0.74","0.06","107","35,78,35,50,50,35,50,78,78,64,78,100","7,28","20260801"
"700 timber oaks lane grand prairie tx 75051","C","39","90","22","","","1.11","0.09","49","11,11,64,64,64,41,52,41,64,100,100,82","7,21,28","20260801"
"700 timber oaks ln grand prairie tx 75051","C","39","90","20","","","1.11","0.09","103","6,6,53,34,34,21,28,28,34,53,53,43","7,21,28","20260801"
"casa del norte mobile home community","C","39","90","16","","","0.21","0.06","184","34,34,34,26,34,42,42,34,26,26,26,26","1,7,9,13,21,28","20260801"
"charleston torrey pines","C","39","90","10","","","0","0.01","34","50,78,100,50,50,64,50,50,78,78,64,35","7,9,21","20260801"
"greenwood forest clubhouse","C","39","90","12","","","0","0.04","105","34,42,42,26,26,26,34,26,34,34,26,100","1,7,9,21,28","20260801"
"the manor at wayside ocean nj","C","39","90","3","","","0.78","0.08","162","100,81,81,81,63,63,63,63,63,63,63,81","1,7,9,13,21,28","20260801"
"timber oaks apartments in grand prairie","C","39","90","22","","","1.61","0.06","160","6,6,34,34,34,28,34,28,21,100,34,34","1,6,7,9,21,28","20260801"
"woodmeadow apartments north richland hills","I","39","90","24","","","1.19","0.28","105","7,2,2,0,12,23,23,53,17,35,66,100","1,6,7,28","20260801"
"1062 w bryn mawr","C","39","70","4","","","0","0.02","138","17,12,23,17,23,12,23,17,12,17,17,17","7,9,28","20260801"
"1410 east butler pike ambler pa 19002","C","39","70","14","","","0.74","0.06","107","29,64,29,41,11,29,41,64,64,52,52,100","7,28","20260801"
"apple hill lane","C","39","70","15","","","0","0.06","114","78,64,50,78,78,28,64,50,28,50,50,21","9,28","20260801"
"apple tree square","C","39","70","4","","","0","0.02","172","63,63,45,81,63,45,63,63,45,63,45,36","7,9,28","20260801"
"farmington village pasadena","N","39","70","13","","","0.34","0.08","105","26,19,19,7,42,42,7,7,7,42,42,53","7,9,28","20260801"
"farmington village pasadena md","N","39","70","10","","","0.65","0.09","34","41,29,29,11,64,64,23,23,23,64,64,82","9,28","20260801"
"glen meadows drive","C","39","70","15","","","0","0.02","109","82,29,29,64,82,41,41,41,41,41,64,82","7,9,28","20260801"
"marvins in moncks corner","C,I","39","70","17","","","2.82","0.25","108","12,28,43,34,34,6,6,34,21,15,15,21","1,6,7,9,20,28","20260801"
"mosswood park amphitheater","C","39","70","16","","","0","0.08","114","78,78,14,14,14,14,14,78,78,78,78,100","1,6,9,13,20,21,28","20260801"
"muscoy ca zip code","C","39","70","16","","","0","0.33","127","77,100,77,77,100,100,77,77,77,77,77,100","0,21,28,50","20260801"
"highland meadows estates west","C","39","50","11","","","0.26","0.1","107","14,14,14,14,14,78,100,78,78,50,14,14","1,5,6,9,28","20260801"
"manor view dr","C","39","50","16","","","0","0","108","100,63,81,100,45,0,0,0,0,0,0,0","7,28","20260801"
"timber oaks apartments timber oaks lane grand prairie tx","I","39","50","24","","","1.61","0.06","52","18,18,27,27,18,9,100,36,63,63,100,36","1,6,7,21,28","20260801"
"magnolia hill drive","C","39","40","14","","","0","0.04","87","100,0,0,0,0,0,0,0,0,0,0,0","7,28","20260801"
"oak grove rd","C","38","1000","20","","","0","0.02","118","20,13,13,20,34,16,13,55,55,24,55,55","9,28","20260801"
"oak grove road","C","38","1000","23","","","0","0.02","112","24,20,20,13,13,13,13,66,44,20,36,24","21,28","20260801"
"moss park camping","C,T","38","720","20","","","0.93","0.01","130","20,24,30,30,45,45,45,81,55,81,45,45","1,6,7,9,13,21,28,36","20260801"
"rozzelles ferry road","C","38","590","24","","","0","0.03","109","81,67,67,54,54,44,54,67,54,67,81,100","7,9,13,21,28","20260801"
"fields of chantilly","I","38","480","25","","","0.91","0.08","110","26,59,21,17,59,39,100,88,59,26,59,88","1,6,7,9,28","20260801"
"oak grove drive","C","38","480","18","","","0","0.02","115","16,4,45,81,81,6,4,36,36,62,3,4","28","20260801"
"sugar mill villas","I","38","480","28","","","0.35","0.07","107","54,66,100,81,66,66,66,66,66,100,81,100","1,6,7,9,28","20260801"
"greenwood forest elementary","I","38","390","27","","","2.12","0.03","10","45,30,76,55,55,20,10,20,10,16,16,76","1,6,28","20260801"
"pond view dr","C","38","320","17","","","0","0.02","111","55,8,36,100,6,16,6,8,5,16,5,1","28","20260801"
"the field at commonwealth","C,T","38","320","9","","","0","0.02","104","66,66,66,81,66,66,66,54,66,66,81,100","1,7,13,21,28","20260801"
"cedar brook drive","C","38","260","16","","","0","0.02","114","54,67,10,15,36,12,10,15,12,23,15,23","28","20260801"
"city of northwoods","C","38","260","19","","","0","0.04","130","15,100,23,23,19,15,19,19,23,29,36,23","1,7,9,21,28,41,50","20260801"
"sunny ridge dr","C","38","260","15","","","0","0.03","108","100,43,43,65,65,81,81,81,53,100,81,81","28","20260801"
"arbor ridge dr","C","38","210","15","","","0","0.03","2700","100,53,34,43,65,81,53,65,65,65,65,100","7,28","20260801"
"east southern avenue","C","38","170","15","","","0","0.04","125","81,29,29,66,54,6,22,29,14,18,10,6","9,28","20260801"
"pershing crescent briarwood","C","38","170","16","","","0","0.04","107","53,53,21,43,43,43,53,81,43,100,81,81","6,21,28","20260801"
"whispering pine drive","C","38","170","17","","","0","0.02","117","65,53,42,53,65,80,65,65,53,100,100,80","7,9,28","20260801"
"green hill estate","C","38","140","11","","","3.29","0.03","116","48,11,72,17,5,4,5,4,2,5,5,3","1,7,9,28","20260801"
"west view dr","C","38","140","15","","","0","0.01","115","42,34,42,53,65,15,42,65,53,65,34,11","9,28,50","20260801"
"courtyards of franklin goldmine","I","38","110","23","","","0.81","0.04","114","80,100,80,66,52,42,42,33,33,33,66,66","3,6,9,28","20260801"
"green ridge drive","C","38","110","16","","","0","0.01","113","17,53,35,53,23,23,17,35,23,23,28,28","28","20260801"
"moon shadow estates","I","38","110","18","","","0.32","0.07","108","23,33,66,42,66,52,52,80,42,42,52,52","1,6,7,28","20260801"
"wonder view drive","C","38","110","15","","","0","0.03","108","26,42,34,34,65,34,26,34,34,34,65,65","7,9,13,28","20260801"
"apple hill ln","C","38","90","15","","","0","0.06","106","64,64,50,78,78,28,64,50,28,50,50,21","28","20260801"
"carrington ridge drive","C,N","38","90","17","","","0","0.03","29","100,12,15,21,21,21,15,21,9,21,43,15","28","20260801"
"real estate botany","N","38","90","16","","","0","0.33","129","100,2,2,2,2,2,0,2,0,2,2,2","3,9,28","20260801"
"1900 tamarron pkwy se atlanta ga 30339","C","38","70","15","","","0.93","0.07","108","11,11,11,64,11,11,82,11,100,64,64,41","6,7,28","20260801"
"alexandria landing godby rd","C","38","70","19","","","2.8","0.06","5270","64,0,64,50,50,7,50,50,50,28,50,50","1,7,9,28","20260801"
"alexandria landing on godby road","C","38","70","15","","","0","0.04","11000","50,0,64,50,50,50,50,50,50,0,78,50","7,9,28","20260801"
"cindy lane apartments","C","38","70","5","","","0.53","0.15","107","8,15,11,15,11,8,11,11,11,15,11,11","1,5,7,9,13,21,28","20260801"
"el verano circle","C","38","70","17","","","0","0.03","111","63,63,81,81,81,45,63,63,63,63,45,36","7,9,13,28","20260801"
"muscoy zip code","C","38","70","15","","","0","0.33","133","63,63,63,63,81,63,63,63,63,63,63,63","21,28,50","20260801"
"old fairground road","C","38","70","16","","","0","0.02","114","36,63,63,63,18,45,36,100,63,81,100,100","28","20260801"
"tramor at creek village","C,T","38","70","11","","","1.32","0.16","106","42,26,26,26,19,19,19,26,26,26,34,26","1,7,21,28","20260801"
"view at mission ridge apartments","I","38","70","27","","","0.76","0.1","175","78,50,64,50,50,50,64,50,35,50,50,50","6,7,28","20260801"
"xanadu at wall","C","38","70","11","","","0.37","0.26","58","64,50,50,35,14,14,14,14,78,78,28,100","5,9,13,21,28","20260801"
"hometown grove apartments","C,T","38","50","10","","","0.38","0.11","111","11,11,11,11,11,11,11,64,41,64,64,82","1,7,9,21,28","20260801"
"mary moss park","N","38","50","18","","","0","0.02","132","100,100,100,18,18,18,18,18,18,18,18,18","3,7,9,13,28","20260801"
"point vivian ny","C","38","50","21","","","0","0.01","109","64,64,64,64,11,11,11,11,11,11,11,82","1,7,9,13,28,41","20260801"
"pudding hill road","C","38","50","17","","","0","0.03","114","14,78,14,14,78,78,14,14,14,14,14,100","28","20260801"
"timber oaks apartments grand prairie tx 75051","I","38","50","16","","","1.61","0.06","110","18,18,27,27,18,9,100,36,63,63,100,36","1,6,7,21,28","20260801"
"marvin's in moncks corner","C","38","40","20","","","2.82","0.25","57","7,7,26,26,26,0,7,19,26,7,7,7","1,6,7,21,28","20260801"
"the courtyards of franklin goldmine","I","38","40","22","","","1.93","0.41","186","17,23,17,11,23,23,29,29,11,11,23,29","3,6,7,9,15,20,28","20260801"
"the reserve on sleepy hollow reviews","N","38","40","14","","","0.72","0.11","199","28,71,42,71,71,100,57,71,28,28,28,28","1,7,9,28,50","20260801"
"4645 dolphin rd dallas tx 75223","C","38","30","4","","","4.65","0.11","108","11,64,11,11,11,11,11,11,11,11,11,11","6,7,28","20260801"
"hunters creek village apartments","C","38","30","21","","","1.16","0.92","108","18,18,100,18,18,18,18,18,18,18,18,18","1,7,9,15,21,28","20260801"
"village center drive","C","37","590","20","","","0","0.03","95","24,24,24,30,24,30,30,20,20,24,24,30","7,13,28","20260801"
"oip tyson hill","C,T","37","480","27","","","0","0.33","106","54,66,66,44,54,66,81,54,54,81,81,100","1,7,21,28","20260801"
"shady oak lane","C","37","480","18","","","0","0.03","113","81,66,81,81,81,66,66,66,66,54,66,100","9,28","20260801"
"pond view drive","C","37","320","19","","","0","0.03","32","55,5,36,10,100,24,5,8,3,8,5,2","28","20260801"
"casa del norte","N","37","260","20","","","0.86","0.04","109","53,82,53,66,66,66,66,100,66,66,53,23","3,6,7,9,28","20260801"
"fox grove park","C","37","260","21","","","0","0.03","125","29,44,67,36,19,15,10,12,44,23,44,54","1,7,9,13,21,28,50","20260801"
"north george street","C","37","210","21","","","0","0.04","113","66,18,29,66,100,10,14,14,10,22,18,4","21,28","20260801"
"west sylvania avenue","C","37","210","19","","","0","0.03","111","13,20,16,13,13,10,13,13,13,16,16,13","7,13,28","20260801"
"cherry valley blvd","C","37","170","23","","","0","0.02","108","80,100,53,100,65,65,53,65,53,65,53,65","6,9,21,28","20260801"
"creek bend drive","C","37","170","17","","","0","0.03","109","81,65,65,34,34,34,100,34,28,53,53,34","7,9","20260801"
"charleston and torrey pines","C","37","140","18","","","0","0.01","115","5,8,8,6,8,10,8,8,13,8,8,8","1,7,9,21,50","20260801"
"cherry valley boulevard","C","37","140","20","","","0","0.02","109","42,52,66,100,42,66,52,66,52,52,66,66","6,9,21,28","20260801"
"lime kiln lane","C","37","140","19","","","0","0.03","107","82,100,41,82,100,29,41,82,64,100,41,17","9,28","20260801"
"the reserve at sleepy hollow","I","37","140","22","","","1.18","0.21","59","65,65,34,53,65,65,34,65,26,65,65,65","1,6,28","20260801"
"wild rose court","C","37","140","17","","","0","0.02","117","35,14,29,81,100,6,10,10,4,18,22,6","9,28","20260801"
"ocean bay blvd","C","37","110","18","","","0","0.06","111","100,43,34,34,12,28,9,15,15,21,34,53","9,13,28","20260801"
"tyler run-queens gate","C","37","110","20","","","0","0.04","108","0,8,6,0,10,0,8,8,6,8,13,8","1,7,28","20260801"
"upper lake drive","C","37","110","15","","","0","0.02","110","22,29,18,18,18,10,8,10,14,14,4,4","9,13,28","20260801"
"apple hill road","C","37","90","16","","","0","0.02","113","53,42,42,26,15,19,34,26,19,26,19,11","28","20260801"
"breeze hill road","C","37","90","14","","","0","0.01","114","64,64,50,64,64,35,50,78,50,64,21,28","28","20260801"
"goddard windward parkway","I","37","90","26","","","1.84","0.05","115","82,64,41,64,29,23,23,100,82,23,29,23","1,7,9,21,28","20260801"
"normandy park nj","C","37","90","8","","","0","0.33","115","52,23,52,66,100,23,19,19,14,100,80,100","9,21,28","20260801"
"bishops ridge leland nc","C","37","70","7","","","2.17","0.64","110","29,41,52,41,29,23,29,64,41,41,41,11","1,9,21,28","20260801"
"cullen blvd houston","C,T","37","70","19","","","0","0.33","115","41,23,41,41,100,29,17,23,17,41,41,17","7,9,20,21,28","20260801"
"deer valley rd","C","37","70","17","","","0","0.01","129","5,5,28,28,5,12,17,12,17,17,28,17","7,9,28","20260801"
"jefferson la brea","N","37","70","22","","","0","0.03","1730000","42,33,42,33,42,23,33,23,23,33,23,23","3,7,9,21","20260801"
"spruce valley drive","C","37","70","16","","","0","0.03","106","50,28,50,50,50,50,35,50,50,64,35,14","28","20260801"
"whites canyon road","C","37","70","15","","","0","0.03","111","63,45,63,63,63,81,81,63,63,81,63,100","9,28","20260801"
"21626 stonewall parkway","C","37","50","10","","","0.62","0.08","117","2,12,7,12,2,2,2,2,2,7,7,4","6,7,9,13,28","20260801"
"breton hills glen cove","C,T","37","50","24","","","0.37","0.22","110","2,9,7,5,7,7,7,7,3,7,7,3","1,7,9,13,21,28","20260801"
"canebrake at hickory hills","I","37","50","25","","","2.62","0.43","107","50,50,50,50,50,14,14,14,14,14,78,100","1,6,7,15,21,28","20260801"
"muscoy ca news","C","37","50","19","","","0","0.33","124","19,42,42,7,7,7,7,7,7,42,7,7","9,21,28,50","20260801"
"23 briarwood drive","C","37","40","15","","","0","0.33","103","14,78,78,14,14,14,14,14,14,14,14,100","28","20260801"
"inman ave edison nj","C","37","40","19","","","0","0.33","106","52,19,9,9,9,9,9,9,9,80,9,80","7,13,21,28","20260801"
"homes in the forest","C","37","30","24","","","0.78","0.01","135","5,17,5,5,23,0,100,5,52,0,5,5","5,9,13,20,21,28","20260801"
"scotts ridge elementary","C","36","1000","16","","","0","0.04","123","55,62,100,81,45,55,45,81,62,62,45,55","1,6,7,9,28","20260801"
"black oak drive","C","36","390","18","","","0.51","0.03","112","20,76,36,10,30,16,13,67,24,55,30,55","9,28","20260801"
"the reserve at city place","C","36","390","19","","","1.2","0.13","167","66,81,54,66,54,54,54,66,54,100,100,100","1,15,21,28,49","20260801"
"robin hood lane","C","36","320","21","","","0","0.02","113","3,3,7,13,13,4,8,24,3,7,8,5","5,9,21,28","20260801"
"greenwood forest nj","C","36","260","20","","","0","0.33","122","0,1,0,0,0,0,2,0,0,0,0,0","1,7,9,21,28","20260801"
"lonnie miller park","C,T","36","260","23","","","0","0.33","132","30,24,16,16,8,8,10,10,8,20,30,30","1,5,7,9,13,21,28,36","20260801"
"napa san marcos","I","36","260","29","","","0.43","0.07","111","66,66,81,54,54,43,54,43,35,43,66,54","3,6,7,9,28","20260801"
"rustic ridge drive","C","36","260","17","","","0","0.02","108","8,10,10,5,7,7,7,4,4,7,7,8","9,13,28","20260801"
"segray at the oaks","C,T","36","260","26","","","0","0.05","109","100,65,100,81,65,53,65,53,65,100,65,81","1,21,28","20260801"
"sunshine hill road","C","36","260","16","","","0","0.03","108","8,2,2,3,3,3,4,3,2,4,3,3","28","20260801"
"w sylvania ave","C","36","260","19","","","0","0.02","110","54,23,23,35,35,44,100,44,35,54,54,66","9,28","20260801"
"bent creek drive","C","36","210","16","","","0","0.02","39","16,5,16,36,45,6,5,5,8,10,5,5","13,28","20260801"
"houses in a forest","C","36","210","22","","","0.68","0.02","123","23,35,35,82,66,82,35,66,53,66,82,82","5,9,20,21,28","20260801"
"houses in the forest","C","36","210","23","","","0","0.33","108","13,8,3,24,3,3,3,4,5,5,7,16","5,9,13,20,21,28","20260801"
"lonnie c miller park","C","36","210","18","","","0","0.33","109","44,23,7,10,15,5,12,12,12,29,36,44","1,7,9,13,21,28,36","20260801"
"maple ridge road","C","36","210","21","","","0","0.01","114","23,15,19,23,67,12,36,7,12,23,12,15","9,21,28","20260801"
"mission ridge apartments","N","36","210","11","","","1.26","0.17","108","23,36,23,36,29,23,29,29,23,29,29,36","3,6,7,13,21,28","20260801"
"morrow's meadow","C","36","210","10","","","0","0.03","105","66,14,81,81,43,0,18,18,22,66,100,100","1,7,13,28","20260801"
"alta vista dr","N","36","170","19","","","0","0.03","112","3,8,100,1,0,0,0,0,0,0,0,55","7,21,28","20260801"
"arbor ridge drive","C","36","170","13","","","0","0.03","110","43,65,65,43,65,43,43,53,34,65,65,100","9,28","20260801"
"farmington village cooperative","I","36","170","19","","","0","0.02","107","53,53,65,53,53,53,53,53,65,65,80,100","1,6,7,9,21,28","20260801"
"marumsco plaza woodbridge","C","36","170","21","","","0","0.01","109","53,34,26,42,80,65,53,100,65,65,80,80","1,5,6,7,9,13,21,28","20260801"
"san carlos drive","C","36","170","17","","","0","0.03","109","35,23,53,23,82,35,43,35,35,35,53,28","9,28","20260801"
"sapling grove apartments","I","36","170","12","","","2.41","0.17","107","34,100,65,65,53,53,65,80,100,100,100,100","1,6,9,28","20260801"
"canebrake at hickory","I","36","140","20","","","1.42","0.4","107","19,19,15,19,23,29,36,9,6,9,5,100","1,9,28","20260801"
"lemon grass lane","C","36","140","19","","","0","0.06","111","66,66,33,66,80,80,80,66,52,100,100,80","9,21,50","20260801"
"summer hill drive","C,N","36","140","18","","","0","0.02","41","65,53,42,34,19,100,80,80,53,53,80,100","9","20260801"
"sunset view dr","C","36","140","17","","","0","0.02","114","43,17,35,82,66,7,43,23,23,28,10,12","9,13,28","20260801"
"upper lake dr","C","36","140","15","","","0","0.01","111","11,14,7,7,9,7,7,7,7,7,5,5","28","20260801"
"dixie lee junction tn","C","36","110","26","","","0","0.04","111","42,42,66,52,52,52,52,42,52,66,66,80","1,7,9,28,50","20260801"
"east ridge drive","C","36","110","15","","","0","0.02","113","14,14,14,9,9,9,9,9,9,9,9,11","7,9,28","20260801"
"reserve at city place","I","36","110","22","","","1.52","0.2","106","23,28,18,18,18,15,18,23,18,23,18,23","1,6,7,13,21,28","20260801"
"rose hill acres","N","36","110","18","","","0","0.02","119","42,33,100,33,100,100,100,42,42,52,52,66","6,7,9,21,28","20260801"
"the shoreline sole mia","C,T","36","110","15","","","8.35","0.23","107","28,53,65,43,12,28,53,43,21,28,28,65","1,5,7,9,13,21,28","20260801"
"worthington galena road","C","36","110","15","","","0","0.04","111","82,52,52,64,100,29,29,64,41,100,52,82","9,13,28","20260801"
"12901 moss park rd orlando fl 32832","C","36","90","20","","","0","0.12","98","26,26,26,26,53,26,34,34,26,65,42,65","7,9,21,28","20260801"
"donald b moore preserve","C","36","90","14","","","0","0.01","109","64,50,50,64,64,78,50,64,64,78,64,50","1,7,9,13,21,28","20260801"
"mill point rd","C","36","90","18","","","0","0.02","113","15,15,7,12,15,4,4,12,12,12,10,4","5,28","20260801"
"napa strasburg co","I,T","36","90","23","","","0","0.02","106","41,41,64,17,52,52,64,52,82,100,52,100","1,7,21,28","20260801"
"oak knoll street","N","36","90","15","","","0","0.01","116","63,63,63,81,100,81,63,63,63,63,100,63","7,9,13,28","20260801"
"breeze hill estates","C","36","70","5","","","0","0.04","32","50,35,50,64,100,78,64,50,35,50,64,78","1,13","20260801"
"marshall hill road","C","36","70","14","","","0","0.03","114","63,36,63,100,27,45,45,45,63,63,45,36","7","20260801"
"mccords ferry road","C","36","70","4","","","0","0.01","110","63,45,63,81,63,63,45,45,63,63,63,36","7,9,28","20260801"
"alloway creek neck rd","C","36","50","10","","","0","0.03","113","36,45,45,81,100,18,18,18,18,100,18,18","21,28","20260801"
"elkhorn and watt","C","36","50","14","","","0","0.01","108","2,2,2,11,11,2,2,2,2,2,2,14","7,9,28","20260801"
"sunset ave b","C,I","36","50","22","","","0","0.01","109000000","42,33,42,33,42,23,9,9,9,9,9,33","1,6,28,50","20260801"
"gold finch lane","C","36","40","13","","","0","0.04","111","100,18,100,18,18,18,18,18,18,18,18,18","6,9,28","20260801"
"south park rd","C","36","40","18","","","0","0.33","127","11,11,11,11,11,11,11,11,11,64,64,11","5,9,21,28","20260801"
"the field of chantilly","I","36","40","24","","","0.65","0.17","109","22,22,4,4,4,4,4,4,4,4,4,4","1,6,7,9,21,28","20260801"
"the springs at pleasant view","C,T","36","40","5","","","0","0.23","189","45,36,63,45,63,18,18,18,18,18,18,18","1,7,9,21,28","20260801"
"luxury apartments in chantilly va","N","36","30","22","","","2.05","0.8","117","7,7,11,11,11,15,11,7,7,7,7,42","3,6,7,9,21,28","20260801"
"siesta hills mankato","I","36","30","7","","","3.33","0.06","","5,6,2,2,2,2,2,2,2,2,2,2","1,6,9,28","20260801"
"deer valley dr","C","35","720","22","","","0","0.02","110","16,16,24,24,24,20,20,20,100,30,24,24","21,28","20260801"
"springs at pleasant view","C","35","480","7","","","1.8","0.13","111","55,67,55,45,45,30,8,8,8,5,5,6","1,7,9,13,21,28","20260801"
"round top rd","C","35","390","18","","","0","0.02","115","54,15,100,44,67,44,7,36,36,54,12,10","9,28","20260801"
"beaver river ny","C","35","320","9","","","0","0.01","126","81,44,54,44,36,29,29,36,29,23,29,29","1,6,7,9,13,21,28,41","20260801"
"bent creek dr","C","35","260","17","","","0","0.02","111","16,5,13,36,45,2,8,8,2,13,55,1","28","20260801"
"rock island sound","I","35","260","24","","","1.19","0.05","105","44,44,54,35,44,35,54,44,54,44,44,44","6,7,9,28","20260801"
"beaver river new york","C","35","210","10","","","0","0.01","127","81,43,54,43,43,29,35,14,2,29,35,35","1,6,7,9,13,21,28,41","20260801"
"green ridge dr","C","35","170","17","","","0","0.03","109","54,28,18,23,28,35,28,28,23,44,44,44","7,28","20260801"
"millers creek nc county","C","35","170","25","","","0.15","0.02","133","16,4,8,4,3,2,4,8,2,7,5,4","7,9,21,28,50","20260801"
"napa ripley wv","I","35","170","25","","","0","0.33","108","65,65,80,65,53,42,42,42,42,53,100,80","1,6,7,9,21,28","20260801"
"rolling creek drive","C","35","170","17","","","0","0.02","110","35,66,53,82,35,35,43,43,28,43,35,53","28","20260801"
"burning tree dr","C","35","140","17","","","0","0.02","110","23,15,100,35,15,11,23,3,3,3,3,3","13,28","20260801"
"lime kiln ln","C","35","140","19","","","0","0.03","106","65,53,26,53,65,100,65,53,42,65,65,53","28","20260801"
"platt's lane","C","35","140","23","","","0","0.05","86600","80,80,33,52,66,0,52,80,52,80,80,66","1,6,7,9,28","20260801"
"dixie lee junction","C,T","35","110","16","","","0","0.04","105","5,6,5,8,6,6,6,5,5,8,8,10","1,6,9,13,28,50","20260801"
"eichler's cove","C","35","110","7","","","0","0.05","107","100,35,35,28,23,0,12,12,17,17,17,43","1,5,7,9,13,28","20260801"
"lake andrew dr","C","35","110","18","","","0","0.05","105","53,19,34,26,34,100,53,53,26,53,53,26","","20260801"
"lem merrett park","C","35","110","17","","","0","0.02","105","80,42,52,42,52,42,33,33,33,42,52,100","1,28","20260801"
"pin oak circle","C","35","110","15","","","0","0.03","114","66,52,80,42,42,42,33,42,33,52,52,100","28","20260801"
"sandhill and tropicana","C","35","110","8","","","0","0.02","36","64,78,78,64,64,78,78,100,78,78,100,100","6,7,9","20260801"
"thomas terrace market","I","35","110","25","","","0","0.01","107","19,34,34,26,42,42,42,34,65,53,42,53","1,7,9,21,28","20260801"
"fosters ridge community","N","35","90","13","","","3.1","0.28","107","52,41,41,52,41,41,52,64,41,52,52,100","3,6,7,9,13,21,28","20260801"
"highland meadows estates east","C","35","90","6","","","0.07","0.07","108","41,41,29,29,41,29,82,64,64,100,100,82","1,6,28","20260801"
"kenland bend north","N","35","90","13","","","0.11","0.09","104","41,29,52,52,52,29,41,100,82,100,41,41","1,7,13,28","20260801"
"long meadow court","C","35","90","14","","","0","0.02","121","63,63,63,63,63,63,81,81,63,100,100,100","9,28","20260801"
"walmart on torrey pines and charleston","C","35","70","24","","","0.15","0.03","8","41,52,23,52,29,23,29,29,41,41,100,29","1,21,28,50","20260801"
"fish point road","C","35","50","13","","","0","0.02","112","64,50,35,78,50,14,14,14,28,14,14,100","28","20260801"
"little eagle creek","C","35","50","8","","","0","0.02","188","14,78,14,14,14,78,14,14,14,14,78,100","1,7,9,13,21,28,50","20260801"
"lonnie miller park photos","C","35","50","25","","","0","0.33","107","43,17,5,7,5,2,0,7,7,10,12,12","1,5,7,9,13,21,28","20260801"
"mosswood meltdown lineup","C","35","50","14","","","0","0.33","107","6,34,6,6,6,6,6,34,6,6,34,6","1,5,6,28","20260801"
"juniper ridge possum kingdom","I","35","40","3","","","1.14","0.28","106","7,42,7,7,7,7,7,7,7,7,7,53","1,6,7,9,13,21,28","20260801"
"marumsco plaza shopping center woodbridge va","C","35","40","14","","","0","0.33","50","52,42,33,9,9,9,9,9,9,9,9,9","1,21,28","20260801"
"nettle mill pool","C,T","35","40","4","","","0","0.33","103","64,100,11,11,11,11,11,11,11,11,11,11","1,5,7,9,21,28","20260801"
"lonnie c. miller sr. regional park","C,T","34","880","14","","","0","0.04","62","45,55,76,100,55,55,45,36,45,76,100,76","1,7,9,21,28","20260801"
"south park road","C","34","480","21","","","0","0.04","126","23,67,54,54,54,36,44,67,44,81,81,100","5,9,21,28","20260801"
"tyson hill oip","C,T","34","480","27","","","0","0.33","106","54,54,66,66,81,66,66,54,54,66,81,100","1,21,28","20260801"
"oak knoll road","C","34","390","19","","","0","0.03","110","29,19,81,29,100,12,9,66,66,81,100,81","9,28","20260801"
"the reserve sleepy hollow","I","34","390","16","","","1.29","0.06","105","35,81,100,28,81,23,23,81,66,100,100,66","1,6,9,20,28","20260801"
"the shepherd's nook","C,T","34","320","26","","","0","0.02","119","54,23,28,100,18,1,66,81,54,81,66,54","1,7,9,28","20260801"
"cove and mill","I","34","260","25","","","0","0.01","95","100,100,65,65,65,65,81,65,53,81,53,43","1,7,9,13,21,28","20260801"
"apple tree road","C","34","210","17","","","0","0.03","180","53,53,43,66,100,53,35,35,28,53,66,82","9,28","20260801"
"low gap road","C","34","210","18","","","0","0.02","108","53,35,28,82,28,28,28,66,53,66,82,82","7,28","20260801"
"mosswood meltdown tickets","I","34","210","13","","","0.61","0.09","","14,72,5,3,3,3,3,48,14,32,26,100","6,7,9,21,28,50","20260801"
"stone gate drive","C","34","210","16","","","0","0.04","88400000","23,82,53,100,43,35,53,35,28,43,43,35","7,9,28","20260801"
"lonnie miller park jacksonville","C,T","34","170","16","","","0","0.33","107","54,35,22,22,18,18,22,29,22,54,81,81","1,7,9,21,28","20260801"
"lonnie miller park jacksonville fl","C,T","34","170","17","","","0","0.33","108","23,15,12,12,9,6,15,12,15,19,23,29","1,7,9,21,28","20260801"
"mcdonald hill meridian ms","I","34","170","27","","","0","0.33","107","34,43,28,43,53,65,100,100,53,43,34,34","1,6,7,21,28","20260801"
"botsford briar beacon","I","34","140","26","","","1.01","0.06","104","43,53,34,43,65,65,34,43,34,43,43,43","6,7,17,21,28","20260801"
"earls ford rd","C","34","140","7","","","0","0.01","105","100,43,21,34,34,34,21,34,34,53,43,43","5,6,7,9,13,20,28","20260801"
"northbrook villas mobile home community","I","34","140","18","","","0","0.04","164","34,15,34,100,43,34,43,34,34,43,34,34","1,6,7,28","20260801"
"o neil street","C","34","140","17","","","0","0.02","120","65,53,80,53,19,15,15,65,42,53,80,100","9","20260801"
"razor ridge park","C","34","140","13","","","0","0.06","112","28,23,11,23,28,18,11,18,11,28,18,23","1,7,9,13,28","20260801"
"robinson lane park","C,T","34","140","17","","","0","0.04","108","23,28,17,28,82,66,10,12,10,28,66,35","1,5,7,9,13,28","20260801"
"shot pouch greenway","C","34","140","4","","","0","0.03","165","53,53,26,34,53,42,26,53,42,80,80,100","5,6,7,9,13,28","20260801"
"wellswood baseball tampa","C","34","140","17","","","0","0.06","101","42,19,42,53,65,53,42,53,42,53,100,65","1,6,9,21,28","20260801"
"cullen blvd houston tx","C","34","110","22","","","0","0.33","116","6,6,6,6,20,6,6,8,6,10,16,16","9,21,28","20260801"
"dsld homes - the estates at silver hill","C,T","34","110","24","","","0","0.02","168","64,64,64,64,82,41,64,64,41,100,64,64","1,6,7,9,21,28","20260801"
"east coloma nelson","I","34","110","15","","","0","0.33","108","29,29,41,41,64,52,64,82,100,82,64,100","1,7,9,28","20260801"
"ferguson clackamas or","C","34","110","19","","","3.04","0.1","108","19,34,80,42,42,53,42,65,26,34,34,53","1,7,21,28","20260801"
"mulan garden baker city","C","34","110","24","","","0","0.33","104","52,64,82,41,64,52,64,52,82,64,52,82","1,5,7,13,21,28","20260801"
"ocean bay boulevard","C","34","110","12","","","0","0.06","116","100,43,34,34,12,28,9,15,15,21,34,53","5,7,9,13,28","20260801"
"cole springs road","C","34","90","13","","","0","0.04","108","41,29,52,41,41,41,64,100,29,64,64,82","7,9,28","20260801"
"huntington boardman ohio","C","34","90","10","","","4.42","0.1","","78,64,64,78,100,64,50,50,78,78,64,28","7,9,28,50","20260801"
"pedros lake oconee","I","34","90","27","","","0","0.33","107","21,28,34,34,43,53,28,21,21,21,43,65","1,6,7,9,28","20260801"
"primrose of eagle springs","C,T","34","90","17","","","3.77","0.04","130","29,52,64,41,64,23,52,52,64,64,64,100","1,7,9,21,28","20260801"
"railroad canyon rd","C","34","90","5","","","0","0.03","108","35,29,14,29,35,8,10,8,4,10,8,4","6,7,9,28","20260801"
"the reserve on sleepy hollow","I","34","90","13","","","2.31","0.18","193","12,12,12,9,15,12,12,19,9,9,6,6","1,6,7,9,20,28","20260801"
"tropicana and sandhill","N","34","90","14","","","0","0.02","107","21,28,34,28,34,34,34,34,28,34,34,34","3,6,7,9,20,21,28","20260801"
"407 central ave","C","34","70","15","","","0","0.33","112","14,8,10,14,14,18,18,14,14,14,14,10","6,9,28","20260801"
"barker hill road","C","34","70","16","","","0","0.01","108","63,45,63,63,81,63,63,45,63,63,100,100","6,28","20260801"
"rogers park tryon","C","34","70","13","","","0","0.33","113","78,78,78,21,28,14,14,14,78,78,100,50","1,6,9,21,28","20260801"
"foggy hollow farm","C","34","50","15","","","0","0.01","110","50,50,35,78,21,28,14,21,14,14,78,21","1,6,7,9,13,21,50","20260801"
"stone carver pool","C","34","50","6","","","0","0.33","189","80,100,9,9,9,9,9,0,9,9,9,9","3,5,7,9,13,28,50","20260801"
"house in forest","C","33","720","25","","","0.68","0.02","120","16,24,24,36,36,41,16,24,24,30,24,30","9,13,20,21,28,50","20260801"
"yucatan coshocton ohio","C","33","590","23","","","0","0.33","103","66,81,66,81,54,66,81,81,81,81,66,100","1,9,21","20260801"
"deer valley drive","C","33","390","18","","","0","0.02","114","13,36,20,20,16,13,45,20,100,36,24,24","9,13,28","20260801"
"wild heather park","C","33","390","8","","","0","0.33","120","100,24,1,1,1,0,0,0,0,0,0,0","5,7,9,13,28","20260801"
"steven's place","N","33","320","17","","","2.91","0.03","112","66,29,22,100,100,0,81,66,54,81,81,54","3,7,9,28","20260801"
"island view drive","C","33","260","13","","","0","0.01","107","2,100,11,39,39,14,48,9,11,14,9,26","7,28","20260801"
"river ridge rd","C","33","260","17","","","0","0.02","111","35,23,100,35,44,11,66,81,54,54,44,66","9,13,28","20260801"
"river ridge road","C","33","260","19","","","0","0.02","110","35,100,28,54,11,15,18,81,54,54,44,66","9","20260801"
"mcdonald and hill meridian ms","I","33","210","26","","","0","0.33","181","29,29,22,29,43,54,66,81,43,35,29,22","1,6,7,28","20260801"
"mcdonald and hill meridian","I","33","170","20","","","0","0.33","106","34,21,21,34,53,81,81,100,53,43,34,21","1,6,7,28","20260801"
"mcdonald and hill meridian mississippi","I","33","170","29","","","0","0.33","176","34,21,21,34,53,81,81,100,53,43,34,21","1,7,28","20260801"
"van diest park","C","33","170","25","","","0","0.03","1320000","18,28,54,15,35,28,28,28,28,35,100,66","1,7,9,28","20260801"
"beaver river adirondacks","C","33","140","7","","","0","0.01","116","100,53,28,23,43,17,17,28,23,28,17,12","1,6,7,9,13,28,41","20260801"
"earls ford road","C,T","33","140","7","","","0","0.01","106","44,19,9,9,15,15,9,15,15,19,19,19","5,6,7,9,20,28","20260801"
"lake andrew drive","C","33","140","11","","","0","0.03","106","34,21,34,21,34,100,53,43,34,43,53,34","6,7,9,13,28","20260801"
"mill point road","C","33","140","23","","","0","0.02","130","5,5,4,4,4,4,3,3,3,3,4,5","1,6,7,9","20260801"
"old grove road","C","33","140","15","","","0","0.04","103","35,100,28,23,28,23,23,28,23,35,28,28","7,28","20260801"
"wellswood youth baseball","C","33","140","12","","","0","0.06","3610","42,19,42,53,65,53,42,53,42,53,100,65","1,6,9,13,21,28","20260801"
"younger creek drive","C","33","140","10","","","0","0.02","109","65,34,26,42,65,42,53,100,26,53,42,42","28","20260801"
"bent oak capital","I","33","110","14","","","0","0.01","108","42,42,52,66,52,42,42,52,42,52,42,42","3,6,9,21,28","20260801"
"coldbrook station port wentworth","I","33","110","22","","","1.22","0.4","106","82,82,82,52,64,52,41,52,52,82,41,41","6,7,21,28","20260801"
"home in a forest","C","33","110","21","","","0.78","0.01","115","44,15,18,23,28,11,15,18,15,28,8,6","5,9,13,20,21,28","20260801"
"preserve at westfields phase 2","I","33","90","26","","","1.07","0.06","105","42,42,52,42,23,23,33,66,42,66,66,100","1,6,9,20,28","20260801"
"341 kelly street","C","33","70","6","","","0","0.33","110","50,28,50,35,28,21,35,100,78,78,78,100","7,9,28","20260801"
"bent oak church","I","33","70","24","","","0","0.01","104","11,23,29,41,41,29,41,52,29,29,41,11","1,7,9,21,28","20260801"
"kelly street near me","I,T","33","70","28","","","0","0.33","856000000","14,78,78,14,14,14,14,78,14,78,78,100","3,6,7,21,28","20260801"
"the reserve at joor place","I","33","70","18","","","0","0.02","179","9,12,19,12,9,6,6,5,2,2,2,6","1,5,6,7,9,13,21,28","20260801"
"alloway creek neck road","C","33","50","10","","","0","0.03","108","36,45,45,81,100,18,18,18,18,100,18,18","21,28","20260801"
"camp stoney new mexico","C,T","33","50","16","","","0","0.33","104","64,11,64,64,11,11,11,11,11,64,11,11","1,6,28","20260801"
"lake worth nj","C","33","50","11","","","0","0.33","264000000","28,28,28,5,5,5,5,5,5,28,5,35","5,7,9,13,21,28,50","20260801"
"new center drive","C,T","33","50","10","","","0","0.33","2450000000","5,5,100,5,5,5,5,5,5,5,5,5","5,7,9,20,21,28","20260801"
"sky mesa meridian","C","33","50","21","","","2.28","0.66","108","34,34,6,6,6,6,6,12,34,6,15,43","1,6,9,13,21,28,36","20260801"
"graveyard point lakeway","C","33","40","12","","","0","0.03","112","100,35,14,14,14,14,14,14,14,14,14,21","7,9,28","20260801"
"mohawk palm city","C,N","33","40","0","","","0.37","0.5","119","14,50,100,21,14,21,21,14,14,14,14,35","6,7,9,28,50","20260801"
"high ridge road","C","32","1300","23","","","0","0.02","111","36,36,36,36,36,36,27,36,24,27,100,44","9,28","20260801"
"graveyard point idaho","C","32","480","5","","","0","0.05","123","44,54,54,66,66,54,44,36,66,100,81,100","6,9,13,20,21,28,50","20260801"
"rozzelles ferry landing","C,T","32","480","27","","","0","0.01","104","67,100,54,67,67,54,67,19,23,15,23,19","1,5,6,7,9,13,21,28","20260801"
"mayflower peters creek","I","32","260","22","","","1.06","0.02","103","24,5,55,10,100,8,8,10,5,10,6,5","1,5,7,13,21,28","20260801"
"monte alban 3","C","32","260","27","","","0","0.01","101","53,81,81,65,81,81,81,65,81,81,65,100","1,7,9,13,21,28","20260801"
"mcdonald and hill","I","32","210","21","","","0","0.33","108","28,35,23,35,53,66,82,100,53,35,28,23","1,6,7,28","20260801"
"bachelor's cove","C","32","170","4","","","0","0.02","10900000","82,35,28,35,43,0,43,66,43,82,66,66","7,28","20260801"
"casas del norte","C","32","170","22","","","0.9","0.03","129","34,15,21,43,34,21,28,100,65,81,81,65","5,6,7,9,13,20,21,28,50","20260801"
"jbab arnold gate","C","32","140","14","","","0","0.02","2370","26,26,65,80,53,42,42,53,53,65,80,100","1,7,21,28","20260801"
"lonnie c miller","C","32","140","14","","","0","0.33","109","65,80,53,53,53,53,53,15,15,34,80,42","1,5,9,13,21,28","20260801"
"snake hill nj","C","32","140","21","","","0","0.33","107","10,16,10,10,10,10,10,10,6,16,20,13","1,5,6,7,9,13,20,21,28","20260801"
"house in a forest","C","32","110","23","","","0.68","0.02","110","36,12,7,15,10,12,36,0,1,15,4,3","5,9,13,20,21,28","20260801"
"jefferson and la brea","N","32","90","25","","","0","0.05","107","15,15,18,11,18,15,11,15,11,11,15,18","3,6,7,9,21","20260801"
"primrose eagle springs","C,T","32","90","14","","","3.77","0.04","50","42,42,52,42,42,23,33,33,52,42,33,42","1,7,28","20260801"
"guy park manor","C","32","70","19","","","0","0.33","127","2,2,2,2,12,10,7,5,7,7,12,3","1,5,6,7,9,13,28","20260801"
"jcs davis junction","C","32","70","25","","","0","0.33","107","18,27,100,100,100,63,18,18,18,100,100,18","1,6,9,28","20260801"
"kingsley's meadow","C,T","32","70","26","","","0","0.33","105","23,52,42,66,42,0,42,42,33,33,52,33","1,9,13,20,28","20260801"
"mccord's ferry","I","32","70","10","","","0","0.01","54","45,63,63,63,63,0,63,63,63,81,63,63","3,6,9,28","20260801"
"pine view road","C","32","70","16","","","0","0.02","106","41,52,29,41,11,41,41,41,64,41,82,100","28","20260801"
"rogers park tryon nc","C","32","70","14","","","0","0.33","106","22,22,22,8,8,4,4,8,22,22,29,14","1,6,9,21,28","20260801"
"stott's mill","C,T","32","70","2","","","0","0.05","123","63,63,63,63,81,0,81,63,63,63,45,63","1,6,9,13,28","20260801"
"adams hill & hess","I","32","50","17","","","0","0.05","112","18,18,18,27,18,18,81,81,63,63,45,63","1,7,9,21,28","20260801"
"camp stoney nm","C,T","32","50","13","","","0","0.33","56","100,18,100,100,18,18,18,18,18,100,18,18","1,6,21,28","20260801"
"fish point michigan","I","32","50","22","","","0","0.33","133","5,5,5,28,28,43,5,5,5,5,5,5","1,6,7,9,13,21,28","20260801"
"lake worth new jersey","C","32","50","5","","","0","0.33","130","78,78,78,14,14,14,14,14,14,78,14,100","5,7,9,21,28,43","20260801"
"point s everett","C","32","50","14","","","1.2","0.29","111","19,26,19,19,19,11,19,19,15,26,26,26","1,6,7,9,21,28","20260801"
"the cape hoa","I","32","50","3","","","0","0.01","107","26,26,26,15,7,7,53,7,7,7,42,53","1,6,7,28","20260801"
"virginia wells new haven","C","32","50","2","","","0","0.33","10","0,63,63,81,45,0,0,63,63,63,63,63","","20260801"
"henderson hill road","C","32","40","13","","","0","0.01","112","2,2,11,11,2,2,2,2,2,2,2,2","28","20260801"
"john's hill","C","31","2400","29","","","0","0.33","132","66,0,5,29,0,0,81,66,66,66,81,44","7,9,21,28","20260801"
"alta vista drive","C","31","390","18","","","0","0.02","112","16,55,0,10,16,45,76,13,13,30,45,30","28","20260801"
"cerro colorado tijuana","C","31","320","27","","","0","0.02","117","44,44,44,44,36,36,36,44,44,44,54,44","1,7,9,13,20,21,28,36,41,50","20260801"
"forest hall at chatham mills","I","31","320","20","","","0","0.02","165","66,54,54,66,100,81,54,66,54,66,54,54","1,6,7,13,21,28","20260801"
"option supply baldwin","I","31","320","29","","","0.39","0.08","107","67,19,15,44,54,29,10,7,7,23,23,23","1,6,7,28","20260801"
"gilford park yacht club","I","31","260","0","","","0","0.02","113","44,44,44,29,29,29,36,23,29,36,29,44","1,7,13,21,28","20260801"
"lost creek township","C","31","260","11","","","0","0.01","108","16,4,45,55,45,5,2,1,1,1,1,1","9,28","20260801"
"terra view eagle idaho","I","31","260","5","","","0.91","0.59","105","66,28,100,66,82,53,66,66,53,53,82,100","1,9,21,28","20260801"
"golden bear south","C","31","210","16","","","0","0.02","","29,43,100,43,54,18,29,29,29,66,66,29","1,5,13,20,28","20260801"
"kitchen lake oklahoma","C","31","210","10","","","0","0.33","111","23,10,67,10,19,5,7,29,19,81,19,100","5,6,9,13,21,28,50","20260801"
"palos verdes meaning","C","31","170","25","","","0","0.33","122","14,10,43,35,43,43,35,18,18,35,35,54","7,9,21,28,43,50","20260801"
"radio hill gardens","C","31","170","16","","","0","0.02","126","28,11,23,23,15,23,54,35,28,44,44,54","1,7,21,28","20260801"
"railroad canyon road","C","31","170","17","","","0","0.03","129","14,22,43,18,43,35,43,35,35,43,35,54","7,9,13,21,28","20260801"
"sunset view drive","C","31","170","17","","","0","0.02","119","29,14,43,22,22,14,29,29,22,22,54,81","9,13,28","20260801"
"whip hill stoneham ma","C","31","170","14","","","0","0.03","40","53,43,100,43,43,53,43,28,21,53,65,81","7,21,28","20260801"
"1 rock tavern river kamp","C","31","140","14","","","0.71","0.03","185","65,81,81,53,65,53,15,21,21,34,34,65","1,7,9,21,28","20260801"
"arnold gate jbab","C","31","140","25","","","0","0.33","105","16,10,36,5,5,5,5,5,5,5,6,10","1,7,9,28","20260801"
"clatter valley park","C","31","140","14","","","0","0.02","110","35,18,35,29,18,18,14,18,14,29,66,100","1,7,13,28","20260801"
"cool ridge psd","C","31","140","11","","","0","0.33","105","35,43,35,53,35,28,35,35,35,43,35,35","1,7,21,28","20260801"
"cool springs crossing","I","31","140","7","","","0","0.04","109","42,34,53,34,34,65,100,65,65,100,65,100","1,5,9,13,20,28","20260801"
"snake hill secaucus nj","C","31","140","13","","","0","0.33","108","15,23,15,19,15,15,15,15,10,23,29,19","6,7,9,13,20,21,28","20260801"
"grand price foodland","I","31","110","27","","","0","0.01","175","66,17,17,17,28,17,17,17,23,12,12,12","1,6,7,9,21,28","20260801"
"la brea and jefferson","N","31","110","26","","","0","0.02","110","43,28,28,28,34,43,34,43,34,34,34,34","3,6,7,9,21","20260801"
"new centre dr","C","31","110","8","","","0","0.05","110","3,15,100,15,23,15,11,11,11,8,8,6","7,9,28","20260801"
"snake hill secaucus","C,T","31","110","16","","","0","0.33","107","11,28,15,15,23,18,18,18,11,28,35,23","1,6,7,9,13,20,21,28","20260801"
"whip hill park","C,T","31","110","8","","","0","0.03","108","66,66,66,42,80,23,42,23,14,42,33,33","1,7,9,21,28","20260801"
"whip hill stoneham","C","31","110","8","","","0","0.03","53","42,66,100,52,42,42,80,42,33,52,80,66","7,28","20260801"
"york road marine","I","31","110","17","","","3.45","0.1","109","42,42,26,26,26,34,34,34,80,42,42,42","1,6,9,21,28","20260801"
"14750 conference center drive","C","31","90","27","","","0.49","0.1","60","5,3,3,4,3,3,3,3,3,4,7,5","7,13,28,50","20260801"
"bourbon west port angeles","C","31","90","24","","","0","0.33","109","78,78,100,78,50,50,64,50,50,64,50,50","1,7,21,28","20260801"
"brooks harbor fishing pond","C","31","90","11","","","0","0.06","51","15,23,23,9,6,4,9,5,6,6,19,36","1,9,13,21,28","20260801"
"sunset view rd","C","31","90","16","","","0","0.02","111","66,42,33,42,42,33,33,33,33,42,52,66","9,28","20260801"
"virginia wells new haven ct","C","31","90","7","","","0","0.33","50","50,50,64,64,35,50,50,78,50,64,78,50","21","20260801"
"york road marine st james city","I","31","90","18","","","3.45","0.1","107","64,41,41,41,41,41,41,41,100,52,64,41","3,6,7,9,21,28","20260801"
"beautiful house in the forest","C","31","70","21","","","0","0.33","128","22,29,22,14,14,14,10,14,14,14,0,14","5,9,13,20,21,28,43","20260801"
"joe english hill","C","31","70","2","","","0","0.01","134","41,41,41,52,41,52,41,29,52,52,82,100","5,7,9,13,20,28","20260801"
"napa elkhart indiana","I","31","70","25","","","0","0.29","112","63,100,100,63,63,63,63,63,63,81,63,81","3,6,7,9,21,28","20260801"
"quebec and arapahoe","C","31","70","20","","","0","0.01","112","50,50,64,50,50,50,50,50,64,64,64,100","9,28","20260801"
"rock tavern river kamp","C","31","70","14","","","1.03","0.05","110","28,28,28,5,43,5,5,5,5,5,5,35","1,6,7,9,28","20260801"
"south kilbourn avenue","C","31","70","15","","","0","0.04","109","100,81,63,81,81,63,45,36,63,45,63,45","28","20260801"
"the corral long beach wa","C","31","70","18","","","0","0.33","196","11,64,82,23,11,11,82,41,41,41,64,29","1,7,9,13,21,28","20260801"
"tony's good hope rd","C,T","31","70","20","","","0","0.33","109","19,26,26,26,26,26,26,26,26,34,26,26","1,7,9,21,28","20260801"
"tony's good hope road","C,T","31","70","20","","","0","0.33","110","26,26,19,26,26,26,26,26,26,34,26,26","1,7,9,21,28","20260801"
"west view road","C","31","70","17","","","0","0.02","119","7,42,34,26,26,19,26,26,19,26,19,15","9","20260801"
"beautiful neighborhoods near me","T","31","50","4","","","0","0.19","178","21,21,21,15,21,15,6,6,6,6,6,43","6,7,9,21,28,50","20260801"
"marumsco plaza shopping center","C,T","31","50","15","","","0","0.33","107","28,28,17,5,5,5,5,5,5,5,5,5","1,6,7,9,21,28","20260801"
"watt and elkhorn","N","31","50","10","","","0","0.33","112","5,5,5,28,28,5,5,5,5,5,5,35","9,28","20260801"
"bambi banks coulee","C","31","40","20","","","0","0.33","20","9,9,9,80,9,9,9,9,9,9,9,9","5,6,9,28","20260801"
"sierra agra usa","C","31","40","1","","","0","0.33","108","35,35,35,50,14,21,21,21,14,21,14,21","5,9,28,50","20260801"
"rocky hill crossword clue","C","30","1000","9","","","0","0.33","19","16,16,8,4,18,35,35,35,35,16,13,24","28,50","20260801"
"ringhaver park jacksonville","C,T","30","720","21","","","0","0.03","133","55,30,45,55,45,55,36,36,36,67,100,100","1,5,7,9,13,21,28,36","20260801"
"14750 conference center dr chantilly va 20151","C","30","320","22","","","0.78","0.08","106","44,36,29,29,29,23,19,29,29,36,67,54","7,9,21,28,50","20260801"
"ringhaver park jacksonville fl","C,T","30","320","16","","","0","0.04","116","45,45,20,36,5,16,13,13,4,10,16,10","1,5,7,9,13,21,28,36","20260801"
"van fleets grove","I","30","320","28","","","0","0.01","363000","54,44,54,44,44,15,10,29,19,23,36,67","1,5,6,7,21,28","20260801"
"arnold's liberty sc","C","30","260","26","","","1.14","0.03","110","44,23,19,54,29,0,66,44,23,36,66,66","1,7,9,21,28","20260801"
"canadian hole nc","C","30","260","7","","","0","0.02","113","24,24,16,10,8,5,10,8,8,20,36,45","5,7,9,13,21,28","20260801"
"larchmont commons shopping center","C","30","260","20","","","0","0.05","47","15,44,44,18,35,35,81,81,66,66,66,66","1,21,28","20260801"
"rocky hill crossword","C","30","260","11","","","0","0.33","101","3,4,2,1,7,13,8,16,24,4,5,8","21,28","20260801"
"whistler's knoll","I","30","260","20","","","0","0.33","108","44,54,54,54,36,15,15,36,66,29,36,81","1,5,7,9,21,28","20260801"
"arnold's liberty","C","30","210","24","","","1.15","0.02","102","66,23,18,35,81,0,23,44,54,100,54,28","1,7,9,21,28","20260801"
"jc's junction corner","C","30","210","22","","","0","0.01","107","14,43,29,29,35,0,81,66,100,100,100,81","1,6,7,9,13,21,28","20260801"
"ju bee lee bend","C,T","30","210","22","","","0","0.04","107","100,35,35,35,12,66,100,43,53,53,53,82","1,7,9,13,21,28","20260801"
"ringhaver park jacksonville florida","C,T","30","210","10","","","0","0.04","115","81,4,8,4,6,4,5,13,5,13,8,5","1,5,7,9,13,21,28","20260801"
"stephens place vancouver wa","I","30","210","11","","","10.24","0.05","108","35,15,54,100,100,11,23,11,23,18,18,6","1,6,9,14,15,21,28","20260801"
"desoto business park","C","30","170","14","","","0","0.02","6900000","53,65,53,43,43,34,43,53,65,81,100,65","1,6,7,9,13,21,28","20260801"
"joe english reservation","C","30","170","12","","","0","0.03","109","29,35,29,43,43,35,18,29,22,29,81,100","1,7,9,13,21,28","20260801"
"ju bee lee","C,T","30","170","23","","","0","0.04","102","82,28,82,35,28,28,66,28,23,23,17,35","1,7,9,13,28","20260801"
"pico y alvarado","C","30","170","19","","","0","0.01","135","19,19,9,12,23,29,23,29,15,36,36,36","7,9,20,28","20260801"
"komani eastern cape","C","30","140","23","","","0","0.01","108","43,28,21,43,53,53,53,43,43,81,100,43","1,6,7,9,13,20,21,28,36,41,50","20260801"
"la popular arlington tx","N","30","140","27","","","0","0.02","109","21,12,15,34,43,43,53,34,53,81,100,100","3,7,21,28","20260801"
"lake blvd baby way","C","30","140","26","","","0","0","36900000","0,0,0,0,0,0,0,0,36,0,0,0","7,9,20,21,28,50","20260801"
"millers creek reservoir","C","30","110","7","","","0","0.33","132","34,53,53,34,43,12,6,21,21,53,65,100","7,9,13,21,28,50","20260801"
"palos verdes translation","C","30","110","22","","","0","0.33","110","28,34,34,28,34,28,28,28,34,43,34,28","0,9,21,28,50","20260801"
"port royal oip","C","30","110","17","","","0","0.33","106","66,66,52,42,52,52,33,52,42,52,52,52","7,9,21,28,50","20260801"
"conference center drive chantilly","C","30","90","9","","","0","0.03","108","52,19,23,33,33,33,23,33,33,80,100,66","7,9,13,21,28","20260801"
"cushing's crossing","C,T","30","90","10","","","0","0.33","106","3,3,3,3,3,0,3,3,3,23,66,23","5,9,13,20,28,36,50","20260801"
"juniper ridge marina","C","30","90","12","","","0","0.01","168","80,100,34,34,19,19,15,15,11,26,26,34","1,6,7,9,13,28","20260801"
"reed and benson ridge","C","30","90","1","","","0","0.02","1620000","53,34,26,42,42,26,26,34,26,34,26,53","7,9,13,28","20260801"
"ringhaver park photos","C,T","30","90","18","","","0","0.33","115","52,23,42,33,52,52,19,33,33,100,66,33","1,5,7,9,13,28","20260801"
"river ridge lane","C","30","90","14","","","0","0.02","118","33,42,42,42,66,42,42,33,33,52,33,100","9,28","20260801"
"14750 conference center dr chantilly virginia 20151","C","30","70","18","","","1.06","0.11","180","64,11,64,11,11,11,11,11,64,64,100,82","7,9,21,28,50","20260801"
"fj torras causeway","C","30","70","5","","","0","0.33","108","52,52,41,29,41,41,29,29,29,41,64,11","5,9,13,21,28,50","20260801"
"miller creek reservoir texas","I","30","70","14","","","0","0.33","118","52,42,23,33,23,33,14,33,14,33,33,19","6,7,9,13,20,21,28,50","20260801"
"millers creek reservoir texas","I","30","70","13","","","0","0.33","109","52,52,41,52,29,41,17,41,17,41,41,23","6,9,20,21,28","20260801"
"狮 驼 岭","C","30","70","14","","","0","0.33","131","34,15,28,28,9,3,3,28,43,28,34,65","5,6,9,20,21,28,50","20260801"
"king creek ridge","N","30","50","9","","","0","0.01","125","27,18,100,100,100,18,18,18,18,18,18,36","3,6,7,9,13,21,28","20260801"
"king's creek ridge","N","30","50","9","","","0","0.01","126","18,63,100,100,100,9,18,18,18,18,18,18","3,6,7,9,13,20,21,28","20260801"
"prince albert court","C","30","50","13","","","0","0.05","133","6,6,6,5,6,6,6,9,2,2,2,2","5,7,9,13,21,28","20260801"
"small house in forest","C","30","50","22","","","0","0.03","105","18,18,18,18,18,100,18,100,18,18,18,18","5,9,20,21,28","20260801"
"collin brook farms","N","30","40","21","","","1.75","0.22","120","35,35,35,21,14,14,14,14,14,14,28,28","3,7,9,13,20,21,28","20260801"
"graveyard point oregon","C","30","40","0","","","0","0.33","126","14,14,14,14,14,14,14,14,14,78,14,100","5,6,9,13,20,21,28,50","20260801"
"pot place plumpton","I","30","40","10","","","0","0.02","137","52,9,9,9,9,9,9,9,9,9,9,9","1,6,7,9,21,28","20260801"
"shady spring psd","I","29","590","10","","","0","0.33","108","81,81,100,100,100,81,81,81,81,81,81,100","1,7,9,28","20260801"
"the pearl at sabine creek","I","29","590","21","","","0.89","0.03","162","59,48,59,48,59,88,59,59,48,72,72,72","1,6,7,9,13,21,28","20260801"
"the hills fork oar pour","I","29","480","27","","","0","0.01","192","72,59,39,48,48,39,39,39,39,59,72,100","1,7,9,28","20260801"
"oip tyson hill menu","C","29","320","16","","","0","0.33","107","66,81,81,66,43,54,81,54,43,54,81,81","5,7,21,28,50","20260801"
"spear o wigwam","I,T","29","320","16","","","0","0.01","164","81,100,81,36,19,15,15,23,15,19,19,29","1,5,7,9,13,21,28","20260801"
"imperial country ford","I","29","210","7","","","0.91","0.16","106","66,66,43,53,43,43,43,53,35,43,43,53","1,7,9,21,28","20260801"
"queenstown south africa","C","29","210","24","","","0","0.01","126","28,23,35,35,54,28,35,23,28,44,66,35","1,5,9,13,20,21,28,41","20260801"
"round top road","C","29","210","16","","","0","0.02","113","23,54,29,54,29,15,15,9,12,23,44,15","21,28","20260801"
"razor ridge leads","I","29","170","25","","","11.88","0.2","157","43,29,35,29,22,22,54,43,43,43,66,81","6,9,28,43","20260801"
"大 溪 地","C,T","29","170","14","","","0.71","0.01","133","34,5,7,20,0,0,0,4,0,0,0,0","1,9,13,20,21,28","20260801"
"arizona atlantida honduras","C,T","29","140","25","","","0","0.33","97","42,33,66,66,66,52,66,80,80,66,100,52","1,7,9,13,20,21,28,41","20260801"
"brook of egypt","C","29","140","24","","","0","0.33","124","53,42,53,65,42,34,26,34,42,100,53,53","1,9,13,21,28,50","20260801"
"pico and alvarado","N","29","140","22","","","0","0.01","114","42,34,26,42,42,26,26,80,53,100,100,100","6,7,9,21","20260801"
"rocky hill crossword clue 3 letters","C","29","140","9","","","0","0.33","107","9,15,6,6,34,34,53,81,100,65,53,43","21,28,50","20260801"
"miller creek reservoir","C","29","110","14","","","0","0.33","133","42,65,26,26,42,26,34,26,26,53,80,100","7,9,13,21,28","20260801"
"new centre drive","C","29","110","13","","","0","0.05","106","35,23,100,23,28,23,23,23,17,17,17,23","5,7,9,20,21,28","20260801"
"orcas terra linda","I","29","110","19","","","0","0.33","108","81,15,21,15,15,12,9,21,34,53,65,100","3,6,7,9,28","20260801"
"asaka redondo beach","C","29","90","24","","","0","0.02","113","82,82,64,41,29,29,52,41,41,41,41,41","1,9,13,21,28","20260801"
"kitchen lake park","C","29","90","11","","","0","0.03","108","64,52,41,64,64,29,23,64,64,100,41,23","1,5,7,9,21,28","20260801"
"normandy park middletown","C","29","90","6","","","0","0.33","106","53,26,42,26,42,42,15,15,11,34,34,42","5,9,13,21,28","20260801"
"one horse gap lake","C","29","90","18","","","0","0.33","126","42,66,52,52,66,42,19,19,23,52,66,66","7,9,13,20,28,50","20260801"
"palisades pond skim","C,T","29","90","13","","","0","0.33","166","3,3,3,0,3,3,3,3,3,35,54,23","9,13,28,36,43","20260801"
"palo verde translation","C","29","90","26","","","0","0.33","113","5,5,4,4,5,5,4,5,6,8,8,6","0,6,7,9,21,28,50","20260801"
"大 溪 地 英文","C","29","90","22","","","0","0.33","116","64,64,52,41,41,52,52,41,41,52,52,41","5,9,13,21,28,50","20260801"
"arapahoe and quebec","C","29","70","13","","","0","0.01","109","19,26,34,26,26,26,26,26,42,42,42,53","7,9","20260801"
"blue hills gsp","C","29","70","26","","","0","0.04","104","52,41,41,23,29,41,52,64,41,41,23,23","1,7,9,21,28","20260801"
"little eagle creek valley farm","C","29","70","24","","","0","0.01","108","100,100,100,100,100,18,18,18,18,18,100,63","1,7,9,13,28","20260801"
"dere street bakery newtown ct","C","29","50","27","","","0","0.1","109","63,45,18,18,18,18,18,18,100,100,18,18","1,6,7,28","20260801"
"la isha lakewood","I","29","50","24","","","0","0.33","105","9,9,9,9,9,52,66,52,9,9,52,9","1,7,9,28","20260801"
"eagles nest breezy point","C","29","40","15","","","0.93","0.22","113","23,29,41,23,23,23,23,23,11,11,11,11","3,5,7,9,13,28","20260801"
"hills fork oar pour","C,T","29","40","24","","","0","0.33","156","18,100,18,18,18,18,18,18,18,18,18,18","1,7,9,28","20260801"
"pot place penrith","I","29","40","8","","","0","0.02","173","100,18,18,18,18,18,18,18,18,18,18,18","1,6,7,9,13,21","20260801"
"stony river farm","C,T","29","40","18","","","0","0.01","129","100,18,100,18,18,18,18,18,18,18,18,18","1,7,9,21,28","20260801"
"one step beyond inc","I","28","880","24","","","0","0.03","109","88,88,100,100,88,100,100,100,72,88,88,88","1,3,6,9,28","20260801"
"la banque de fleuve","C","28","590","27","","","0","0.01","56","54,67,67,67,67,44,29,67,67,54,81,100","1,5,6,7,13,28","20260801"
"cambria inverness stonestreet","C","28","260","7","","","1.38","0.38","133","81,81,100,81,81,81,81,81,81,100,81,81","5,6,9,13,20,21,28,36","20260801"
"tijuana cerro colorado","C,T","28","260","27","","","0","0.02","117","36,15,12,23,19,29,29,29,29,36,44,29","1,7,9,13,21,28,36","20260801"
"wadi al arish","C","28","260","27","","","0","0.33","112","29,35,43,54,43,29,29,54,100,100,66,81","1,5,9,13,21,28,50","20260801"
"wadi el arish","C","28","210","27","","","0","0.33","109","43,43,43,54,35,29,29,54,100,81,54,66","1,5,9,13,21,50","20260801"
"haulover day use area","C","28","170","6","","","0","0.02","109","66,54,54,43,35,18,10,10,10,18,22,35","5,7,9,13,21,28,50","20260801"
"imperial country ford imperial ne","I","28","170","19","","","2.45","0.19","129","65,80,65,80,65,65,65,80,80,80,100,100","1,6,7,9,28","20260801"
"little rock alaska","C","28","170","20","","","0","0.33","76","29,66,36,19,44,19,2,2,2,2,2,2","1,5,9,13,21,28","20260801"
"normandy park middletown nj","C","28","140","13","","","0","0.33","109","53,34,43,81,43,34,12,12,9,65,65,100","7,9,21,28","20260801"
"big neighborhoods near me","T","28","110","12","","","2","0.15","107000000","17,23,23,17,100,23,28,12,12,17,17,23","6,21,28,50","20260801"
"refuge on the ridge","C","28","110","13","","","6.47","0.46","20700000","29,35,22,29,22,22,22,35,22,18,22,29","1,21","20260801"
"kemp's landing","C","28","90","22","","","0","0.03","111","64,35,50,50,78,21,78,64,50,78,78,50","1,7,9,13,20,21,28","20260801"
"komani south africa","C","28","90","24","","","0","0.01","129","42,34,26,53,100,19,26,15,7,34,15,7","1,5,6,7,9,13,20,21,28,36,41","20260801"
"lexi luna neighborhood","C","28","90","12","","","0","0.33","88","33,33,100,42,23,23,42,42,52,52,52,33","","20260801"
"one creechurch place","C","28","90","5","","","0","0.08","105","23,18,11,15,18,8,8,15,11,11,8,6","1,7,9,13,21,28","20260801"
"ay caramba fairview road","C","28","70","26","","","0","0.01","107","64,23,11,29,64,29,29,17,41,41,52,41","1,6,7,9,13,28","20260801"
"havre de grace seaplane base","C","28","70","19","","","0","0.01","192","100,81,100,81,63,45,36,45,45,63,45,63","1,5,7,9,13,21,28","20260801"
"mt zero olives","I","28","70","10","","","0","0.15","170","52,82,29,41,41,41,41,41,23,52,23,29","1,6,9,13,20,21,28","20260801"
"cool spring crossing","I","28","50","15","","","0","0.08","108","11,100,11,11,11,64,11,11,11,11,11,11","5,6,7,9,13,20,28","20260801"
"eagles nest at breezy point","C","28","40","10","","","0.86","0.22","192","28,35,50,28,28,28,50,14,14,14,14,14","5,7,9,13,21,28","20260801"
"corral drive in menu","C","27","210","16","","","0","0.33","109","44,44,66,28,23,23,23,28,18,44,35,28","5,7,28","20260801"
"inverness blakely cambria","C,T","27","170","8","","","1.42","0.48","131","65,65,53,65,80,65,53,53,34,34,65,53","5,9,13,20,21,28,36","20260801"
"redback great barrier","N","27","140","14","","","0.67","1","149","43,22,29,18,22,29,35,22,18,22,14,18","1,5,6,9,13,20,21,28","20260801"
"battle of bloody brook","C","27","90","15","","","0","0.33","58","10,14,18,29,29,29,29,14,14,10,14,22","9,13,21,28,50","20260801"
"boca do risco","C","27","90","13","","","0","0.26","132","52,100,33,33,42,23,33,42,23,52,42,42","1,5,6,7,9,13,21,28","20260801"
"mount zero olives","I","27","90","10","","","0","0.15","165","33,100,42,33,33,42,33,33,19,42,33,23","1,6,9,13,20,21,28","20260801"
"new jersey hood","C","27","70","23","","","0","0.33","170","80,19,100,0,0,0,100,66,0,0,0,0","6,9,21,28","20260801"
"one step beyond san carlos","I","27","70","15","","","0","0.33","10","11,41,41,29,52,52,41,41,64,82,52,64","6,9,28","20260801"
"what is the wadi of egypt","C","27","50","26","","","0","0.33","183","78,14,14,14,14,14,14,14,78,78,14,14","5,7,9,21,28,50","20260801"
"cambria inverness blakeley","C","26","210","12","","","2.07","0.57","120","80,100,80,80,100,80,80,100,100,100,100,100","5,9,13,20,21,28","20260801"
"dr fairest hill","C","26","210","12","","","0","0.33","106","6,15,19,12,12,12,6,6,100,100,44,66","1,4,6,9,13,20,21,28,36","20260801"
"lexi luna neighbor","C,T","26","210","18","","","0","0.33","81","53,65,100,100,100,100,100,80,65,65,65,80","","20260801"
"anna's crossing","C,T","26","110","12","","","0","0.03","85","0,66,33,0,0,0,80,100,80,100,0,0","1,6,7","20260801"
"bahia delfin san carlos","I","26","110","19","","","0.86","0.37","59","43,43,22,22,18,10,8,8,14,18,22,35","3,6,7,28","20260801"
"terra linda orcas","I","26","110","12","","","0","0.33","106","20,3,5,3,3,3,2,5,8,13,16,30","6,7,9,20,28","20260801"
"olia village creve coeur","C","26","90","0","","","1.31","0.12","109","21,12,100,28,15,28,28,21,15,43,43,53","9,13,28","20260801"
"punta el custodio","C,T","26","90","7","","","2.61","0.08","118","14,18,14,14,18,18,22,22,22,14,14,10","1,7,9,13,28,36","20260801"
"denis bay st john","C","26","70","10","","","0","0.01","130","41,52,29,23,29,64,29,41,29,64,64,82","7,9,13,21,28,50","20260801"
"ponte duro dulce","C","26","70","23","","","0","0.33","106","6,6,21,28,34,28,43,28,34,34,28,21","5,9,21,36","20260801"
"rancho becerra el atoron","C,T","26","70","20","","","0","0.01","106","78,50,64,64,64,35,35,21,35,28,35,78","1,7,9,13","20260801"
"estero del soldado","C","26","40","22","","","0","0.13","112","11,100,29,29,11,11,11,11,11,11,11,11","1,5,6,7,9,13,21,28,36","20260801"
"estero el soldado","C","26","40","20","","","0","0.13","116","11,100,29,23,11,11,11,11,11,11,11,11","1,5,7,9,13,21,28,36","20260801"
"rancho el atoron","C,T","26","40","25","","","0","0.33","105","22,4,4,4,4,4,4,4,4,4,4,4","1,5,7,9,28","20260801"
"rio del lago 100","C","25","590","17","","","0","0.33","105","8,10,10,20,43,29,5,5,3,5,8,8","6,9,20,21,28","20260801"
"vereda do larano","C,T","25","260","12","","","0","0.37","133","28,28,44,23,23,28,35,66,81,66,66,100","1,6,7,9,13,21,28,36","20260801"
"koman lake albania","C","25","170","14","","","1.34","0.03","157","35,23,28,66,66,8,11,18,8,28,11,15","1,6,7,9,13,20,21,28,36","20260801"
"komani lake albania","C","25","140","24","","","1.18","0.08","156","22,18,35,22,18,14,14,29,54,54,54,100","1,6,7,9,13,20,21,28,36,50","20260801"
"queenstown eastern cape","C","25","140","19","","","0","0.01","129","34,34,65,42,100,65,80,53,34,42,65,34","1,5,9,13,20,21,28,36,41,50","20260801"
"bahía del rey","C,T","25","70","26","","","0","0.08","108","50,28,35,35,35,35,64,100,50,50,78,50","1,6,7,9,21,28","20260801"
"knife river julebyen","I","25","40","11","","","0","0.33","105","7,7,7,7,7,42,53,7,7,7,7,0","1,6,9,13,20,28","20260801"
"nicolls road band","C,T","25","40","19","","","0","0.04","144","26,42,7,7,7,7,7,7,7,7,7,7","6,9,20,21,28","20260801"
"la isha kimpeturin","C,T","24","210","17","","","0","0.01","103","82,35,35,53,23,23,17,66,66,100,17,7","1,6,7,9,28","20260801"
"meltdown music festival","C","24","210","25","","","0","0.33","186","8,5,5,3,5,3,3,5,100,8,30,10","7,9,20,21,28,50","20260801"
"rio del lago","C","24","210","14","","","0","0.33","108","10,15,23,23,54,81,10,10,7,5,12,12","5,7,9,13,20,21,28,50","20260801"
"low gap band","C","24","140","22","","","0","0.33","131","53,65,80,65,42,42,26,80,42,34,42,42","1,6,9,20,21,28,36","20260801"
"queenstown eastern cape south africa","C","24","140","19","","","0","0.01","130","53,42,26,53,34,34,42,53,53,100,34,19","1,5,9,13,21,28,41","20260801"
"little elephant head","C","24","90","4","","","0","0.33","207","14,78,78,78,14,78,64,78,78,100,78,50","1,5,7,9,21,28","20260801"
"julebyen knife river","I","24","40","23","","","0","0.33","105","2,2,2,4,9,15,19,2,2,2,2,2","1,6,7,9,20,28","20260801"
"leigh hell's kitchen","C","23","140","24","","","0","0.33","95","3,3,2,1,3,3,8,7,1,3,1,1","5,6,7,9,13,21,28","20260801"